ISO-10303-21;
HEADER;
FILE_DESCRIPTION (( 'STEP AP214' ),
    '1' );
FILE_NAME ('NORPS-12.STEP',
    '2022-06-14T13:55:35',
    ( '' ),
    ( '' ),
    'SwSTEP 2.0',
    'SolidWorks 2018',
    '' );
FILE_SCHEMA (( 'AUTOMOTIVE_DESIGN' ));
ENDSEC;

DATA;
#1 = DIRECTION ( 'NONE',  ( -0.000000000000000000, -1.000000000000000000, -0.000000000000000000 ) ) ;
#2 = DIRECTION ( 'NONE',  ( -0.5000000000000009992, 0.000000000000000000, -0.8660254037844380415 ) ) ;
#3 = PRESENTATION_STYLE_ASSIGNMENT (( #1174 ) ) ;
#4 = ORIENTED_EDGE ( 'NONE', *, *, #483, .T. ) ;
#5 = EDGE_LOOP ( 'NONE', ( #5525, #3144 ) ) ;
#6 = SURFACE_STYLE_FILL_AREA ( #1828 ) ;
#7 = VECTOR ( 'NONE', #354, 1000.000000000000000 ) ;
#8 = MECHANICAL_DESIGN_GEOMETRIC_PRESENTATION_REPRESENTATION (  '', ( #7460 ), #2371 ) ;
#9 = ADVANCED_FACE ( 'NONE', ( #910 ), #4233, .T. ) ;
#10 = CARTESIAN_POINT ( 'NONE',  ( -1.281886370897095784, 7.000000000000000888, -2.784806355831971114 ) ) ;
#11 = CARTESIAN_POINT ( 'NONE',  ( 7.195565981523414756, 4.400000000000000355, 0.2499999999999999445 ) ) ;
#12 = EDGE_CURVE ( 'NONE', #8605, #1529, #2557, .T. ) ;
#13 = LINE ( 'NONE', #2948, #8949 ) ;
#14 = ORIENTED_EDGE ( 'NONE', *, *, #7983, .F. ) ;
#15 = COLOUR_RGB ( '',1.000000000000000000, 1.000000000000000000, 1.000000000000000000 ) ;
#16 = LINE ( 'NONE', #5013, #2861 ) ;
#17 = DIRECTION ( 'NONE',  ( 0.000000000000000000, 0.000000000000000000, 1.000000000000000000 ) ) ;
#18 =( GEOMETRIC_REPRESENTATION_CONTEXT ( 3 ) GLOBAL_UNCERTAINTY_ASSIGNED_CONTEXT ( ( #2559 ) ) GLOBAL_UNIT_ASSIGNED_CONTEXT ( ( #4373, #5775, #4284 ) ) REPRESENTATION_CONTEXT ( 'NONE', 'WORKASPACE' ) );
#19 = COLOUR_RGB ( '',1.000000000000000000, 1.000000000000000000, 1.000000000000000000 ) ;
#20 = ORIENTED_EDGE ( 'NONE', *, *, #1644, .F. ) ;
#21 = CYLINDRICAL_SURFACE ( 'NONE', #8671, 0.1352311273311096185 ) ;
#22 = VECTOR ( 'NONE', #7303, 1000.000000000000000 ) ;
#23 = DIRECTION ( 'NONE',  ( 0.000000000000000000, 0.000000000000000000, 1.000000000000000000 ) ) ;
#24 = DIRECTION ( 'NONE',  ( -1.000000000000000000, -0.000000000000000000, -0.000000000000000000 ) ) ;
#25 = CARTESIAN_POINT ( 'NONE',  ( 3.777686801329358968, 0.000000000000000000, -6.243145474984839183 ) ) ;
#26 = VERTEX_POINT ( 'NONE', #9113 ) ;
#27 = AXIS2_PLACEMENT_3D ( 'NONE', #617, #3287, #5572 ) ;
#28 = CARTESIAN_POINT ( 'NONE',  ( 0.000000000000000000, -28.50000000000000000, 4.764999999999999680 ) ) ;
#29 = CARTESIAN_POINT ( 'NONE',  ( -0.5679264233040245413, 7.000000000000000888, -2.784806355831972002 ) ) ;
#30 =( NAMED_UNIT ( * ) SI_UNIT ( $, .STERADIAN. ) SOLID_ANGLE_UNIT ( ) );
#31 = ORIENTED_EDGE ( 'NONE', *, *, #6962, .F. ) ;
#32 = SURFACE_STYLE_USAGE ( .BOTH. , #3541 ) ;
#33 = CIRCLE ( 'NONE', #7372, 0.1353067852383595393 ) ;
#34 = DIRECTION ( 'NONE',  ( 0.000000000000000000, 0.000000000000000000, 1.000000000000000000 ) ) ;
#35 = FILL_AREA_STYLE_COLOUR ( '', #7291 ) ;
#36 = SURFACE_STYLE_USAGE ( .BOTH. , #4292 ) ;
#37 = EDGE_CURVE ( 'NONE', #5449, #6418, #8496, .T. ) ;
#38 =( LENGTH_UNIT ( ) NAMED_UNIT ( * ) SI_UNIT ( .MILLI., .METRE. ) );
#39 = AXIS2_PLACEMENT_3D ( 'NONE', #4014, #572, #7579 ) ;
#40 = VECTOR ( 'NONE', #4792, 1000.000000000000000 ) ;
#41 =( GEOMETRIC_REPRESENTATION_CONTEXT ( 3 ) GLOBAL_UNCERTAINTY_ASSIGNED_CONTEXT ( ( #5530 ) ) GLOBAL_UNIT_ASSIGNED_CONTEXT ( ( #721, #5857, #1864 ) ) REPRESENTATION_CONTEXT ( 'NONE', 'WORKASPACE' ) );
#42 = SURFACE_STYLE_FILL_AREA ( #8252 ) ;
#43 = DIRECTION ( 'NONE',  ( 0.000000000000000000, 0.000000000000000000, 1.000000000000000000 ) ) ;
#44 = DIRECTION ( 'NONE',  ( -1.000000000000000000, -0.000000000000000000, -0.000000000000000000 ) ) ;
#45 = ORIENTED_EDGE ( 'NONE', *, *, #5841, .F. ) ;
#46 = FILL_AREA_STYLE_COLOUR ( '', #2513 ) ;
#47 = LINE ( 'NONE', #8011, #3347 ) ;
#48 = CARTESIAN_POINT ( 'NONE',  ( 2.434764514642112410, 7.000000000000000888, 4.304093053426401916 ) ) ;
#49 = AXIS2_PLACEMENT_3D ( 'NONE', #4808, #1977, #4094 ) ;
#50 = DIRECTION ( 'NONE',  ( -0.000000000000000000, -1.000000000000000000, -0.000000000000000000 ) ) ;
#51 = ORIENTED_EDGE ( 'NONE', *, *, #1115, .T. ) ;
#52 = LINE ( 'NONE', #7309, #2060 ) ;
#53 = AXIS2_PLACEMENT_3D ( 'NONE', #1416, #774, #5710 ) ;
#54 = EDGE_CURVE ( 'NONE', #26, #530, #339, .T. ) ;
#55 = DIRECTION ( 'NONE',  ( 0.4999999999999979461, -0.000000000000000000, 0.8660254037844397068 ) ) ;
#56 = DIRECTION ( 'NONE',  ( 0.000000000000000000, 0.000000000000000000, -1.000000000000000000 ) ) ;
#57 =( NAMED_UNIT ( * ) SI_UNIT ( $, .STERADIAN. ) SOLID_ANGLE_UNIT ( ) );
#58 = SURFACE_STYLE_USAGE ( .BOTH. , #6400 ) ;
#59 = ORIENTED_EDGE ( 'NONE', *, *, #482, .T. ) ;
#60 = CARTESIAN_POINT ( 'NONE',  ( 0.000000000000000000, 7.000000000000000888, 0.000000000000000000 ) ) ;
#61 = VERTEX_POINT ( 'NONE', #9205 ) ;
#62 = STYLED_ITEM ( 'NONE', ( #3903 ), #1362 ) ;
#63 = CARTESIAN_POINT ( 'NONE',  ( -6.270712166560381995, 4.400000000000000355, -3.221904549199369860 ) ) ;
#64 = ORIENTED_EDGE ( 'NONE', *, *, #3404, .T. ) ;
#65 = PRESENTATION_STYLE_ASSIGNMENT (( #7016 ) ) ;
#66 = EDGE_CURVE ( 'NONE', #1847, #4093, #7699, .T. ) ;
#67 = VECTOR ( 'NONE', #3555, 1000.000000000000000 ) ;
#68 = COLOUR_RGB ( '',0.9098039215686274384, 0.4431372549019607643, 0.03137254901960784270 ) ;
#69 = VERTEX_POINT ( 'NONE', #2044 ) ;
#70 = EDGE_CURVE ( 'NONE', #2675, #1529, #7245, .T. ) ;
#71 = CARTESIAN_POINT ( 'NONE',  ( 3.579326398285364252, 7.000000000000000888, -4.052193792983342924 ) ) ;
#72 = CARTESIAN_POINT ( 'NONE',  ( 0.000000000000000000, 0.000000000000000000, 0.000000000000000000 ) ) ;
#73 = ORIENTED_EDGE ( 'NONE', *, *, #6047, .T. ) ;
#74 = CARTESIAN_POINT ( 'NONE',  ( -5.294273332394092257, 7.000000000000000888, 2.556508859764709207 ) ) ;
#75 = ORIENTED_EDGE ( 'NONE', *, *, #6553, .F. ) ;
#76 = EDGE_LOOP ( 'NONE', ( #8287, #7645, #3100, #988 ) ) ;
#77 = AXIS2_PLACEMENT_3D ( 'NONE', #2291, #1583, #752 ) ;
#78 = CARTESIAN_POINT ( 'NONE',  ( -0.4326952959729711279, 6.950000000000000178, -2.784806355831972446 ) ) ;
#79 = SURFACE_STYLE_USAGE ( .BOTH. , #778 ) ;
#80 = ORIENTED_EDGE ( 'NONE', *, *, #1801, .T. ) ;
#81 = SURFACE_STYLE_USAGE ( .BOTH. , #5068 ) ;
#82 = ORIENTED_EDGE ( 'NONE', *, *, #609, .T. ) ;
#83 = FACE_OUTER_BOUND ( 'NONE', #2815, .T. ) ;
#84 = EDGE_CURVE ( 'NONE', #3780, #9178, #1891, .T. ) ;
#85 = ORIENTED_EDGE ( 'NONE', *, *, #7091, .F. ) ;
#86 = SURFACE_SIDE_STYLE ('',( #7841 ) ) ;
#87 = FILL_AREA_STYLE ('',( #8604 ) ) ;
#88 = ORIENTED_EDGE ( 'NONE', *, *, #7073, .T. ) ;
#89 = CARTESIAN_POINT ( 'NONE',  ( 5.976639124038715778, 0.000000000000000000, -3.739289341707823677 ) ) ;
#90 = EDGE_CURVE ( 'NONE', #1968, #2510, #3311, .T. ) ;
#91 = SURFACE_SIDE_STYLE ('',( #7006 ) ) ;
#92 = EDGE_CURVE ( 'NONE', #8518, #5818, #16, .T. ) ;
#93 =( GEOMETRIC_REPRESENTATION_CONTEXT ( 3 ) GLOBAL_UNCERTAINTY_ASSIGNED_CONTEXT ( ( #8066 ) ) GLOBAL_UNIT_ASSIGNED_CONTEXT ( ( #1009, #6686, #1222 ) ) REPRESENTATION_CONTEXT ( 'NONE', 'WORKASPACE' ) );
#94 = CIRCLE ( 'NONE', #2958, 0.1476854043595491328 ) ;
#95 = AXIS2_PLACEMENT_3D ( 'NONE', #5487, #598, #4815 ) ;
#96 = CARTESIAN_POINT ( 'NONE',  ( 0.000000000000000000, -28.50000000000000000, -4.414999999999999147 ) ) ;
#97 = PRESENTATION_STYLE_ASSIGNMENT (( #4725 ) ) ;
#98 = DIRECTION ( 'NONE',  ( 0.000000000000000000, 1.000000000000000000, 0.000000000000000000 ) ) ;
#99 = PRESENTATION_STYLE_ASSIGNMENT (( #81 ) ) ;
#100 = SURFACE_STYLE_USAGE ( .BOTH. , #2243 ) ;
#101 = DIRECTION ( 'NONE',  ( 0.000000000000000000, 0.000000000000000000, 1.000000000000000000 ) ) ;
#102 = STYLED_ITEM ( 'NONE', ( #6484 ), #1147 ) ;
#103 = CARTESIAN_POINT ( 'NONE',  ( -2.561679381948791967, 7.000000000000000888, 3.836521063224087147 ) ) ;
#104 = CIRCLE ( 'NONE', #8299, 6.500000000000000000 ) ;
#105 = STYLED_ITEM ( 'NONE', ( #3246 ), #9042 ) ;
#106 =( NAMED_UNIT ( * ) PLANE_ANGLE_UNIT ( ) SI_UNIT ( $, .RADIAN. ) );
#107 = DIRECTION ( 'NONE',  ( 0.000000000000000000, 1.000000000000000000, 0.000000000000000000 ) ) ;
#108 = COLOUR_RGB ( '',1.000000000000000000, 1.000000000000000000, 1.000000000000000000 ) ;
#109 = AXIS2_PLACEMENT_3D ( 'NONE', #4504, #1613, #2976 ) ;
#110 = EDGE_CURVE ( 'NONE', #8352, #8878, #3088, .T. ) ;
#111 = AXIS2_PLACEMENT_3D ( 'NONE', #4563, #3818, #2494 ) ;
#112 = ORIENTED_EDGE ( 'NONE', *, *, #3116, .F. ) ;
#113 = CARTESIAN_POINT ( 'NONE',  ( -2.426448254617682210, 7.000000000000000888, -4.310987324483573246 ) ) ;
#114 =( NAMED_UNIT ( * ) PLANE_ANGLE_UNIT ( ) SI_UNIT ( $, .RADIAN. ) );
#115 = DIRECTION ( 'NONE',  ( -0.000000000000000000, -1.000000000000000000, -0.000000000000000000 ) ) ;
#116 = CARTESIAN_POINT ( 'NONE',  ( -6.009658438426487059, 4.400000000000000355, -3.873823105595984639 ) ) ;
#117 = DIRECTION ( 'NONE',  ( 0.000000000000000000, 1.000000000000000000, 0.000000000000000000 ) ) ;
#118 = PLANE ( 'NONE',  #3154 ) ;
#119 = SURFACE_STYLE_FILL_AREA ( #7297 ) ;
#120 = FILL_AREA_STYLE ('',( #3660 ) ) ;
#121 = EDGE_LOOP ( 'NONE', ( #4393, #6643, #448, #51 ) ) ;
#122 = DIRECTION ( 'NONE',  ( -0.000000000000000000, -1.000000000000000000, -0.000000000000000000 ) ) ;
#123 = FACE_OUTER_BOUND ( 'NONE', #5457, .T. ) ;
#124 = FILL_AREA_STYLE ('',( #4163 ) ) ;
#125 = EDGE_LOOP ( 'NONE', ( #6414, #2530, #7005, #3362 ) ) ;
#126 = EDGE_CURVE ( 'NONE', #8945, #7103, #7354, .T. ) ;
#127 = DIRECTION ( 'NONE',  ( 0.000000000000000000, 0.000000000000000000, -1.000000000000000000 ) ) ;
#128 = FILL_AREA_STYLE ('',( #35 ) ) ;
#129 = UNCERTAINTY_MEASURE_WITH_UNIT (LENGTH_MEASURE( 1.000000000000000082E-05 ), #2304, 'distance_accuracy_value', 'NONE');
#130 = VERTEX_POINT ( 'NONE', #5692 ) ;
#131 = LINE ( 'NONE', #2907, #4354 ) ;
#132 = ORIENTED_EDGE ( 'NONE', *, *, #2832, .T. ) ;
#133 =( LENGTH_UNIT ( ) NAMED_UNIT ( * ) SI_UNIT ( .MILLI., .METRE. ) );
#134 = CARTESIAN_POINT ( 'NONE',  ( -0.4326952959729711279, 6.950000000000000178, -2.920037483163025360 ) ) ;
#135 = MECHANICAL_DESIGN_GEOMETRIC_PRESENTATION_REPRESENTATION (  '', ( #9222 ), #2686 ) ;
#136 = CARTESIAN_POINT ( 'NONE',  ( 7.045565981523414401, 0.000000000000000000, -0.2500000000000000000 ) ) ;
#137 = PRESENTATION_STYLE_ASSIGNMENT (( #32 ) ) ;
#138 = CARTESIAN_POINT ( 'NONE',  ( -3.467879180194027633, 4.400000000000000355, 6.406542934606394013 ) ) ;
#139 = VERTEX_POINT ( 'NONE', #3566 ) ;
#140 = PRESENTATION_STYLE_ASSIGNMENT (( #6140 ) ) ;
#141 = DIRECTION ( 'NONE',  ( 0.000000000000000000, 0.000000000000000000, -1.000000000000000000 ) ) ;
#142 = DIRECTION ( 'NONE',  ( 0.000000000000000000, 1.000000000000000000, 0.000000000000000000 ) ) ;
#143 = CIRCLE ( 'NONE', #6254, 0.1000000000000002554 ) ;
#144 = CIRCLE ( 'NONE', #6896, 0.1000000000000002554 ) ;
#145 = VERTEX_POINT ( 'NONE', #1373 ) ;
#146 = AXIS2_PLACEMENT_3D ( 'NONE', #1679, #502, #3077 ) ;
#147 = AXIS2_PLACEMENT_3D ( 'NONE', #3359, #2025, #1258 ) ;
#148 = DIRECTION ( 'NONE',  ( -0.000000000000000000, -1.000000000000000000, -0.000000000000000000 ) ) ;
#149 = CARTESIAN_POINT ( 'NONE',  ( -3.819643761461755549, 4.400000000000000355, -5.925607271455500147 ) ) ;
#150 = ADVANCED_FACE ( 'NONE', ( #1784 ), #5994, .T. ) ;
#151 = DIRECTION ( 'NONE',  ( 0.000000000000000000, 1.000000000000000000, 0.000000000000000000 ) ) ;
#152 = EDGE_CURVE ( 'NONE', #2609, #5860, #6443, .T. ) ;
#153 = SURFACE_STYLE_FILL_AREA ( #7450 ) ;
#154 = ORIENTED_EDGE ( 'NONE', *, *, #2066, .T. ) ;
#155 = DIRECTION ( 'NONE',  ( 0.4999999999999980016, -0.000000000000000000, 0.8660254037844398178 ) ) ;
#156 = FILL_AREA_STYLE ('',( #8049 ) ) ;
#157 = AXIS2_PLACEMENT_3D ( 'NONE', #8332, #5354, #4022 ) ;
#158 = STYLED_ITEM ( 'NONE', ( #3 ), #1041 ) ;
#159 = EDGE_CURVE ( 'NONE', #3943, #3435, #7687, .T. ) ;
#160 =( GEOMETRIC_REPRESENTATION_CONTEXT ( 3 ) GLOBAL_UNCERTAINTY_ASSIGNED_CONTEXT ( ( #5622 ) ) GLOBAL_UNIT_ASSIGNED_CONTEXT ( ( #4378, #5085, #1555 ) ) REPRESENTATION_CONTEXT ( 'NONE', 'WORKASPACE' ) );
#161 = SURFACE_STYLE_USAGE ( .BOTH. , #6627 ) ;
#162 = AXIS2_PLACEMENT_3D ( 'NONE', #4254, #8576, #2204 ) ;
#163 = ORIENTED_EDGE ( 'NONE', *, *, #3116, .T. ) ;
#164 = CARTESIAN_POINT ( 'NONE',  ( 0.000000000000000000, 6.850000000000001421, -7.295565981523417065 ) ) ;
#165 = DIRECTION ( 'NONE',  ( 0.000000000000000000, 1.000000000000000000, 0.000000000000000000 ) ) ;
#166 = DIRECTION ( 'NONE',  ( -0.000000000000000000, -1.000000000000000000, -0.000000000000000000 ) ) ;
#167 = FILL_AREA_STYLE ('',( #1567 ) ) ;
#168 = SURFACE_STYLE_FILL_AREA ( #5232 ) ;
#169 = CARTESIAN_POINT ( 'NONE',  ( 4.428517473209517163, 7.000000000000000888, -3.916962665652260256 ) ) ;
#170 = ADVANCED_FACE ( 'NONE', ( #2549 ), #9158, .T. ) ;
#171 = ORIENTED_EDGE ( 'NONE', *, *, #4055, .F. ) ;
#172 = ORIENTED_EDGE ( 'NONE', *, *, #6983, .T. ) ;
#173 = ORIENTED_EDGE ( 'NONE', *, *, #2799, .T. ) ;
#174 = ORIENTED_EDGE ( 'NONE', *, *, #1996, .T. ) ;
#175 =( NAMED_UNIT ( * ) PLANE_ANGLE_UNIT ( ) SI_UNIT ( $, .RADIAN. ) );
#176 = FACE_OUTER_BOUND ( 'NONE', #2128, .T. ) ;
#177 = DIRECTION ( 'NONE',  ( -0.000000000000000000, -1.000000000000000000, -0.000000000000000000 ) ) ;
#178 = AXIS2_PLACEMENT_3D ( 'NONE', #6352, #2087, #1585 ) ;
#179 = CARTESIAN_POINT ( 'NONE',  ( 7.295565981523415289, 0.000000000000000000, 0.1499999999999999667 ) ) ;
#180 = MECHANICAL_DESIGN_GEOMETRIC_PRESENTATION_REPRESENTATION (  '', ( #7045 ), #3985 ) ;
#181 = EDGE_CURVE ( 'NONE', #1075, #6206, #5867, .T. ) ;
#182 = UNCERTAINTY_MEASURE_WITH_UNIT (LENGTH_MEASURE( 1.000000000000000082E-05 ), #7575, 'distance_accuracy_value', 'NONE');
#183 = MECHANICAL_DESIGN_GEOMETRIC_PRESENTATION_REPRESENTATION (  '', ( #1067 ), #5409 ) ;
#184 = ORIENTED_EDGE ( 'NONE', *, *, #6986, .F. ) ;
#185 = PRESENTATION_STYLE_ASSIGNMENT (( #8609 ) ) ;
#186 = PLANE ( 'NONE',  #546 ) ;
#187 = ORIENTED_EDGE ( 'NONE', *, *, #500, .T. ) ;
#188 = DIRECTION ( 'NONE',  ( -0.000000000000000000, 1.000000000000000000, -0.000000000000000000 ) ) ;
#189 = ORIENTED_EDGE ( 'NONE', *, *, #7418, .F. ) ;
#190 = DIRECTION ( 'NONE',  ( 0.000000000000000000, 1.000000000000000000, 0.000000000000000000 ) ) ;
#191 = COLOUR_RGB ( '',0.2509803921568627416, 0.2509803921568627416, 0.2509803921568627416 ) ;
#192 = CARTESIAN_POINT ( 'NONE',  ( 0.000000000000000000, 7.050000000000000711, 0.000000000000000000 ) ) ;
#193 = EDGE_LOOP ( 'NONE', ( #5799, #5066, #6058, #7218 ) ) ;
#194 = AXIS2_PLACEMENT_3D ( 'NONE', #8262, #700, #633 ) ;
#195 = UNCERTAINTY_MEASURE_WITH_UNIT (LENGTH_MEASURE( 1.000000000000000082E-05 ), #5800, 'distance_accuracy_value', 'NONE');
#196 = ORIENTED_EDGE ( 'NONE', *, *, #1989, .T. ) ;
#197 = EDGE_CURVE ( 'NONE', #1833, #3780, #9193, .T. ) ;
#198 = ORIENTED_EDGE ( 'NONE', *, *, #7231, .F. ) ;
#199 = COLOUR_RGB ( '',0.9098039215686274384, 0.4431372549019607643, 0.03137254901960784270 ) ;
#200 = CIRCLE ( 'NONE', #4064, 0.1353067852383595393 ) ;
#201 = ORIENTED_EDGE ( 'NONE', *, *, #2058, .T. ) ;
#202 = DIRECTION ( 'NONE',  ( -0.000000000000000000, -1.000000000000000000, -0.000000000000000000 ) ) ;
#203 =( NAMED_UNIT ( * ) SI_UNIT ( $, .STERADIAN. ) SOLID_ANGLE_UNIT ( ) );
#204 = DIRECTION ( 'NONE',  ( 0.000000000000000000, 0.000000000000000000, 1.000000000000000000 ) ) ;
#205 = DIRECTION ( 'NONE',  ( 0.000000000000000000, -1.000000000000000000, 0.000000000000000000 ) ) ;
#206 = ORIENTED_EDGE ( 'NONE', *, *, #2136, .F. ) ;
#207 = ADVANCED_FACE ( 'NONE', ( #3349 ), #7164, .F. ) ;
#208 = AXIS2_PLACEMENT_3D ( 'NONE', #4389, #8684, #7868 ) ;
#209 = ORIENTED_EDGE ( 'NONE', *, *, #4037, .F. ) ;
#210 = SURFACE_STYLE_FILL_AREA ( #5519 ) ;
#211 =( GEOMETRIC_REPRESENTATION_CONTEXT ( 3 ) GLOBAL_UNCERTAINTY_ASSIGNED_CONTEXT ( ( #3922 ) ) GLOBAL_UNIT_ASSIGNED_CONTEXT ( ( #7305, #3691, #998 ) ) REPRESENTATION_CONTEXT ( 'NONE', 'WORKASPACE' ) );
#212 = CIRCLE ( 'NONE', #1699, 0.8491910750014877163 ) ;
#213 = DIRECTION ( 'NONE',  ( -0.000000000000000000, -1.000000000000000000, -0.000000000000000000 ) ) ;
#214 = SURFACE_SIDE_STYLE ('',( #119 ) ) ;
#215 = SURFACE_STYLE_USAGE ( .BOTH. , #5932 ) ;
#216 = CARTESIAN_POINT ( 'NONE',  ( 0.000000000000000000, 6.750000000000000888, 0.000000000000000000 ) ) ;
#217 = FACE_OUTER_BOUND ( 'NONE', #3267, .T. ) ;
#218 = CARTESIAN_POINT ( 'NONE',  ( -6.156542934606380690, 0.000000000000000000, 3.727686801329380462 ) ) ;
#219 = ORIENTED_EDGE ( 'NONE', *, *, #84, .T. ) ;
#220 = AXIS2_PLACEMENT_3D ( 'NONE', #7548, #8324, #5467 ) ;
#221 = CARTESIAN_POINT ( 'NONE',  ( 3.517879180194027455, 4.400000000000000355, 6.393145474984837762 ) ) ;
#222 = DIRECTION ( 'NONE',  ( 0.000000000000000000, 1.000000000000000000, 0.000000000000000000 ) ) ;
#223 = FILL_AREA_STYLE ('',( #6703 ) ) ;
#224 = PRESENTATION_LAYER_ASSIGNMENT (  '', '', ( #8818 ) ) ;
#225 = DIRECTION ( 'NONE',  ( -0.000000000000000000, -1.000000000000000000, -0.000000000000000000 ) ) ;
#226 = ORIENTED_EDGE ( 'NONE', *, *, #1132, .F. ) ;
#227 =( NAMED_UNIT ( * ) SI_UNIT ( $, .STERADIAN. ) SOLID_ANGLE_UNIT ( ) );
#228 = SURFACE_STYLE_FILL_AREA ( #1012 ) ;
#229 = SURFACE_STYLE_FILL_AREA ( #3590 ) ;
#230 = SURFACE_STYLE_USAGE ( .BOTH. , #5308 ) ;
#231 = COLOUR_RGB ( '',1.000000000000000000, 1.000000000000000000, 1.000000000000000000 ) ;
#232 = DIRECTION ( 'NONE',  ( -1.000000000000000000, 0.000000000000000000, 0.000000000000000000 ) ) ;
#233 = ORIENTED_EDGE ( 'NONE', *, *, #5205, .T. ) ;
#234 =( NAMED_UNIT ( * ) SI_UNIT ( $, .STERADIAN. ) SOLID_ANGLE_UNIT ( ) );
#235 = DIRECTION ( 'NONE',  ( -0.000000000000000000, -1.000000000000000000, -0.000000000000000000 ) ) ;
#236 = SURFACE_STYLE_FILL_AREA ( #5939 ) ;
#237 = AXIS2_PLACEMENT_3D ( 'NONE', #7438, #2448, #376 ) ;
#238 = UNCERTAINTY_MEASURE_WITH_UNIT (LENGTH_MEASURE( 1.000000000000000082E-05 ), #5794, 'distance_accuracy_value', 'NONE');
#239 = EDGE_CURVE ( 'NONE', #4650, #3954, #7962, .T. ) ;
#240 = ORIENTED_EDGE ( 'NONE', *, *, #1698, .F. ) ;
#241 = DIRECTION ( 'NONE',  ( 0.000000000000000000, 0.000000000000000000, 1.000000000000000000 ) ) ;
#242 =( NAMED_UNIT ( * ) SI_UNIT ( $, .STERADIAN. ) SOLID_ANGLE_UNIT ( ) );
#243 = DIRECTION ( 'NONE',  ( -0.000000000000000000, -1.000000000000000000, -0.000000000000000000 ) ) ;
#244 = PRESENTATION_LAYER_ASSIGNMENT (  '', '', ( #3241 ) ) ;
#245 = ORIENTED_EDGE ( 'NONE', *, *, #6646, .F. ) ;
#246 = DIRECTION ( 'NONE',  ( 0.000000000000000000, 1.000000000000000000, 0.000000000000000000 ) ) ;
#247 = MECHANICAL_DESIGN_GEOMETRIC_PRESENTATION_REPRESENTATION (  '', ( #7397 ), #8844 ) ;
#248 = EDGE_LOOP ( 'NONE', ( #8473, #3824, #8277, #2333 ) ) ;
#249 = ADVANCED_FACE ( 'NONE', ( #7172 ), #3731, .T. ) ;
#250 = DIRECTION ( 'NONE',  ( -0.000000000000000000, -1.000000000000000000, -0.000000000000000000 ) ) ;
#251 = CARTESIAN_POINT ( 'NONE',  ( 6.629903845456583511, 4.400000000000001243, -2.000000000000000000 ) ) ;
#252 = DIRECTION ( 'NONE',  ( -0.8660254037844378194, 0.000000000000000000, -0.5000000000000013323 ) ) ;
#253 =( GEOMETRIC_REPRESENTATION_CONTEXT ( 3 ) GLOBAL_UNCERTAINTY_ASSIGNED_CONTEXT ( ( #4462 ) ) GLOBAL_UNIT_ASSIGNED_CONTEXT ( ( #3441, #581, #653 ) ) REPRESENTATION_CONTEXT ( 'NONE', 'WORKASPACE' ) );
#254 =( NAMED_UNIT ( * ) PLANE_ANGLE_UNIT ( ) SI_UNIT ( $, .RADIAN. ) );
#255 = CIRCLE ( 'NONE', #8001, 0.09999999999999982514 ) ;
#256 = DIRECTION ( 'NONE',  ( -0.000000000000000000, 1.000000000000000000, -0.000000000000000000 ) ) ;
#257 = EDGE_LOOP ( 'NONE', ( #5732, #3770, #2305, #5773 ) ) ;
#258 = CYLINDRICAL_SURFACE ( 'NONE', #5446, 0.8491910751457537598 ) ;
#259 = PRESENTATION_STYLE_ASSIGNMENT (( #5870 ) ) ;
#260 = PRESENTATION_LAYER_ASSIGNMENT (  '', '', ( #6341 ) ) ;
#261 =( NAMED_UNIT ( * ) PLANE_ANGLE_UNIT ( ) SI_UNIT ( $, .RADIAN. ) );
#262 = CARTESIAN_POINT ( 'NONE',  ( -6.009658438426486171, 4.400000000000000355, 3.873823105595984639 ) ) ;
#263 = SURFACE_STYLE_FILL_AREA ( #8519 ) ;
#264 = COLOUR_RGB ( '',0.2509803921568627416, 0.2509803921568627416, 0.2509803921568627416 ) ;
#265 = VECTOR ( 'NONE', #7401, 1000.000000000000000 ) ;
#266 = COLOUR_RGB ( '',0.9098039215686274384, 0.4431372549019607643, 0.03137254901960784270 ) ;
#267 =( NAMED_UNIT ( * ) PLANE_ANGLE_UNIT ( ) SI_UNIT ( $, .RADIAN. ) );
#268 = CARTESIAN_POINT ( 'NONE',  ( 0.000000000000000000, 4.400000000000000355, 0.000000000000000000 ) ) ;
#269 = AXIS2_PLACEMENT_3D ( 'NONE', #5098, #5863, #241 ) ;
#270 = EDGE_LOOP ( 'NONE', ( #5620, #6530, #8052, #8453 ) ) ;
#271 = CARTESIAN_POINT ( 'NONE',  ( 0.000000000000000000, 4.400000000000000355, 0.000000000000000000 ) ) ;
#272 =( GEOMETRIC_REPRESENTATION_CONTEXT ( 3 ) GLOBAL_UNCERTAINTY_ASSIGNED_CONTEXT ( ( #7552 ) ) GLOBAL_UNIT_ASSIGNED_CONTEXT ( ( #5023, #5729, #7195 ) ) REPRESENTATION_CONTEXT ( 'NONE', 'WORKASPACE' ) );
#273 = COLOUR_RGB ( '',1.000000000000000000, 1.000000000000000000, 1.000000000000000000 ) ;
#274 = LINE ( 'NONE', #5202, #5486 ) ;
#275 = DIRECTION ( 'NONE',  ( 0.4999999999999979461, -0.000000000000000000, -0.8660254037844397068 ) ) ;
#276 = DIRECTION ( 'NONE',  ( -0.000000000000000000, -1.000000000000000000, -0.000000000000000000 ) ) ;
#277 = EDGE_CURVE ( 'NONE', #7521, #8133, #5577, .T. ) ;
#278 = CARTESIAN_POINT ( 'NONE',  ( -3.595821286270651118, 7.000000000000000888, -2.587794026416313731 ) ) ;
#279 = EDGE_LOOP ( 'NONE', ( #8118, #820, #6311, #6915 ) ) ;
#280 = FILL_AREA_STYLE ('',( #8148 ) ) ;
#281 = ORIENTED_EDGE ( 'NONE', *, *, #2698, .F. ) ;
#282 = DIRECTION ( 'NONE',  ( -0.000000000000000000, -1.000000000000000000, -0.000000000000000000 ) ) ;
#283 =( GEOMETRIC_REPRESENTATION_CONTEXT ( 3 ) GLOBAL_UNCERTAINTY_ASSIGNED_CONTEXT ( ( #7095 ) ) GLOBAL_UNIT_ASSIGNED_CONTEXT ( ( #6146, #6822, #8281 ) ) REPRESENTATION_CONTEXT ( 'NONE', 'WORKASPACE' ) );
#284 = CARTESIAN_POINT ( 'NONE',  ( -1.577144850704425894, 7.000000000000000888, 3.319669296602402842 ) ) ;
#285 =( GEOMETRIC_REPRESENTATION_CONTEXT ( 3 ) GLOBAL_UNCERTAINTY_ASSIGNED_CONTEXT ( ( #805 ) ) GLOBAL_UNIT_ASSIGNED_CONTEXT ( ( #1145, #6118, #1774 ) ) REPRESENTATION_CONTEXT ( 'NONE', 'WORKASPACE' ) );
#286 = SURFACE_SIDE_STYLE ('',( #1459 ) ) ;
#287 = MECHANICAL_DESIGN_GEOMETRIC_PRESENTATION_REPRESENTATION (  '', ( #9261 ), #5635 ) ;
#288 = EDGE_LOOP ( 'NONE', ( #9125, #3169, #6865, #6975 ) ) ;
#289 = CARTESIAN_POINT ( 'NONE',  ( -7.295565981523415289, 0.000000000000000000, 0.1499999999999999667 ) ) ;
#290 = EDGE_LOOP ( 'NONE', ( #5049, #8527, #751, #8314, #4054 ) ) ;
#291 =( GEOMETRIC_REPRESENTATION_CONTEXT ( 3 ) GLOBAL_UNCERTAINTY_ASSIGNED_CONTEXT ( ( #9060 ) ) GLOBAL_UNIT_ASSIGNED_CONTEXT ( ( #5864, #1604, #242 ) ) REPRESENTATION_CONTEXT ( 'NONE', 'WORKASPACE' ) );
#292 = AXIS2_PLACEMENT_3D ( 'NONE', #6649, #966, #7462 ) ;
#293 = DIRECTION ( 'NONE',  ( -0.000000000000000000, -1.000000000000000000, -0.000000000000000000 ) ) ;
#294 = CARTESIAN_POINT ( 'NONE',  ( -3.814289341707803427, 4.400000000000000355, -6.106542934606395079 ) ) ;
#295 = ADVANCED_FACE ( 'NONE', ( #3221, #2472 ), #118, .F. ) ;
#296 = ORIENTED_EDGE ( 'NONE', *, *, #688, .F. ) ;
#297 = LINE ( 'NONE', #2671, #3367 ) ;
#298 = ORIENTED_EDGE ( 'NONE', *, *, #3890, .F. ) ;
#299 = SURFACE_STYLE_USAGE ( .BOTH. , #7390 ) ;
#300 = AXIS2_PLACEMENT_3D ( 'NONE', #9039, #1901, #6071 ) ;
#301 =( NAMED_UNIT ( * ) SI_UNIT ( $, .STERADIAN. ) SOLID_ANGLE_UNIT ( ) );
#302 = EDGE_LOOP ( 'NONE', ( #9053, #2765, #608, #1473 ) ) ;
#303 = ORIENTED_EDGE ( 'NONE', *, *, #2502, .T. ) ;
#304 = EDGE_CURVE ( 'NONE', #8012, #8487, #371, .T. ) ;
#305 = LINE ( 'NONE', #8856, #7891 ) ;
#306 = FILL_AREA_STYLE_COLOUR ( '', #4702 ) ;
#307 = SURFACE_STYLE_FILL_AREA ( #6364 ) ;
#308 = EDGE_LOOP ( 'NONE', ( #6677, #647, #5828, #6880 ) ) ;
#309 = DIRECTION ( 'NONE',  ( 0.000000000000000000, 1.000000000000000000, 0.000000000000000000 ) ) ;
#310 = VERTEX_POINT ( 'NONE', #5771 ) ;
#311 = SURFACE_STYLE_USAGE ( .BOTH. , #8947 ) ;
#312 = CARTESIAN_POINT ( 'NONE',  ( 0.4164957789511533615, 6.950000000000000178, -2.784806355831972002 ) ) ;
#313 = ORIENTED_EDGE ( 'NONE', *, *, #4177, .T. ) ;
#314 = COLOUR_RGB ( '',0.2509803921568627416, 0.2509803921568627416, 0.2509803921568627416 ) ;
#315 = FACE_OUTER_BOUND ( 'NONE', #8907, .T. ) ;
#316 = ORIENTED_EDGE ( 'NONE', *, *, #2468, .T. ) ;
#317 =( NAMED_UNIT ( * ) PLANE_ANGLE_UNIT ( ) SI_UNIT ( $, .RADIAN. ) );
#318 = CYLINDRICAL_SURFACE ( 'NONE', #4202, 0.1000000000000002554 ) ;
#319 =( GEOMETRIC_REPRESENTATION_CONTEXT ( 3 ) GLOBAL_UNCERTAINTY_ASSIGNED_CONTEXT ( ( #8373 ) ) GLOBAL_UNIT_ASSIGNED_CONTEXT ( ( #6969, #670, #8529 ) ) REPRESENTATION_CONTEXT ( 'NONE', 'WORKASPACE' ) );
#320 = FILL_AREA_STYLE_COLOUR ( '', #266 ) ;
#321 = VERTEX_POINT ( 'NONE', #1607 ) ;
#322 =( NAMED_UNIT ( * ) SI_UNIT ( $, .STERADIAN. ) SOLID_ANGLE_UNIT ( ) );
#323 = FILL_AREA_STYLE_COLOUR ( '', #2988 ) ;
#324 =( NAMED_UNIT ( * ) SI_UNIT ( $, .STERADIAN. ) SOLID_ANGLE_UNIT ( ) );
#325 = SURFACE_SIDE_STYLE ('',( #8933 ) ) ;
#326 =( NAMED_UNIT ( * ) PLANE_ANGLE_UNIT ( ) SI_UNIT ( $, .RADIAN. ) );
#327 = FACE_OUTER_BOUND ( 'NONE', #862, .T. ) ;
#328 = SURFACE_SIDE_STYLE ('',( #8676 ) ) ;
#329 = AXIS2_PLACEMENT_3D ( 'NONE', #6018, #8946, #5384 ) ;
#330 = LINE ( 'NONE', #4364, #5319 ) ;
#331 = VECTOR ( 'NONE', #7477, 1000.000000000000114 ) ;
#332 = SURFACE_STYLE_FILL_AREA ( #223 ) ;
#333 = DIRECTION ( 'NONE',  ( -0.000000000000000000, -1.000000000000000000, -0.000000000000000000 ) ) ;
#334 = DIRECTION ( 'NONE',  ( 0.000000000000000000, 1.000000000000000000, 0.000000000000000000 ) ) ;
#335 =( NAMED_UNIT ( * ) SI_UNIT ( $, .STERADIAN. ) SOLID_ANGLE_UNIT ( ) );
#336 = EDGE_LOOP ( 'NONE', ( #3717, #2095, #4726, #6640 ) ) ;
#337 = ADVANCED_FACE ( 'NONE', ( #7269 ), #6139, .T. ) ;
#338 = DIRECTION ( 'NONE',  ( 0.000000000000000000, 0.000000000000000000, 1.000000000000000000 ) ) ;
#339 = CIRCLE ( 'NONE', #6949, 8.500000000000000000 ) ;
#340 = PRESENTATION_LAYER_ASSIGNMENT (  '', '', ( #7679 ) ) ;
#341 = FILL_AREA_STYLE ('',( #8397 ) ) ;
#342 = CARTESIAN_POINT ( 'NONE',  ( -3.777686801329358968, 0.000000000000000000, 6.243145474984839183 ) ) ;
#343 = DIRECTION ( 'NONE',  ( 0.000000000000000000, 0.000000000000000000, 1.000000000000000000 ) ) ;
#344 = DIRECTION ( 'NONE',  ( 0.000000000000000000, 0.000000000000000000, -1.000000000000000000 ) ) ;
#345 = CARTESIAN_POINT ( 'NONE',  ( 3.873823105595965099, 0.000000000000000000, 6.009658438426501270 ) ) ;
#346 = ORIENTED_EDGE ( 'NONE', *, *, #8296, .T. ) ;
#347 = CARTESIAN_POINT ( 'NONE',  ( -3.267605322946856461, 4.400000000000000355, 6.259658438426496829 ) ) ;
#348 = DIRECTION ( 'NONE',  ( 0.000000000000000000, -0.000000000000000000, 1.000000000000000000 ) ) ;
#349 = CIRCLE ( 'NONE', #3066, 0.1000000000000002554 ) ;
#350 = FACE_OUTER_BOUND ( 'NONE', #4200, .T. ) ;
#351 = SURFACE_STYLE_USAGE ( .BOTH. , #8894 ) ;
#352 =( LENGTH_UNIT ( ) NAMED_UNIT ( * ) SI_UNIT ( .MILLI., .METRE. ) );
#353 = DIRECTION ( 'NONE',  ( 0.000000000000000000, 0.000000000000000000, -1.000000000000000000 ) ) ;
#354 = DIRECTION ( 'NONE',  ( -0.000000000000000000, -1.000000000000000000, -0.000000000000000000 ) ) ;
#355 = CARTESIAN_POINT ( 'NONE',  ( 6.270712166560381995, 0.000000000000000000, 3.221904549199370749 ) ) ;
#356 = TOROIDAL_SURFACE ( 'NONE', #5403, 7.195565981523416532, 0.1000000000000000056 ) ;
#357 = CARTESIAN_POINT ( 'NONE',  ( 6.009658438426487059, 4.400000000000000355, -3.873823105595984639 ) ) ;
#358 = VERTEX_POINT ( 'NONE', #4497 ) ;
#359 = AXIS2_PLACEMENT_3D ( 'NONE', #8452, #3475, #4276 ) ;
#360 = LINE ( 'NONE', #1987, #7484 ) ;
#361 = AXIS2_PLACEMENT_3D ( 'NONE', #4242, #7146, #1528 ) ;
#362 = ORIENTED_EDGE ( 'NONE', *, *, #5263, .T. ) ;
#363 = FACE_BOUND ( 'NONE', #3090, .T. ) ;
#364 = CARTESIAN_POINT ( 'NONE',  ( -6.443145474984826038, 0.000000000000000000, 3.431276639815605378 ) ) ;
#365 = UNCERTAINTY_MEASURE_WITH_UNIT (LENGTH_MEASURE( 1.000000000000000082E-05 ), #3133, 'distance_accuracy_value', 'NONE');
#366 = EDGE_CURVE ( 'NONE', #7706, #4691, #1136, .T. ) ;
#367 = COLOUR_RGB ( '',0.2509803921568627416, 0.2509803921568627416, 0.2509803921568627416 ) ;
#368 = EDGE_LOOP ( 'NONE', ( #1412, #7031, #8448, #7546 ) ) ;
#369 = DIRECTION ( 'NONE',  ( -0.000000000000000000, -1.000000000000000000, -0.000000000000000000 ) ) ;
#370 = PRESENTATION_STYLE_ASSIGNMENT (( #4842 ) ) ;
#371 = LINE ( 'NONE', #8658, #9186 ) ;
#372 = PRESENTATION_LAYER_ASSIGNMENT (  '', '', ( #6385 ) ) ;
#373 = DIRECTION ( 'NONE',  ( -0.4999999999999983902, 0.000000000000000000, 0.8660254037844395958 ) ) ;
#374 = ORIENTED_EDGE ( 'NONE', *, *, #7260, .F. ) ;
#375 = DIRECTION ( 'NONE',  ( -0.000000000000000000, -1.000000000000000000, -0.000000000000000000 ) ) ;
#376 = DIRECTION ( 'NONE',  ( 0.000000000000000000, 0.000000000000000000, 1.000000000000000000 ) ) ;
#377 = FILL_AREA_STYLE_COLOUR ( '', #6604 ) ;
#378 = LINE ( 'NONE', #2480, #7736 ) ;
#379 = DIRECTION ( 'NONE',  ( 0.000000000000000000, -0.000000000000000000, -1.000000000000000000 ) ) ;
#380 = DIRECTION ( 'NONE',  ( 0.000000000000000000, 0.000000000000000000, 1.000000000000000000 ) ) ;
#381 =( GEOMETRIC_REPRESENTATION_CONTEXT ( 3 ) GLOBAL_UNCERTAINTY_ASSIGNED_CONTEXT ( ( #3517 ) ) GLOBAL_UNIT_ASSIGNED_CONTEXT ( ( #8350, #2639, #9121 ) ) REPRESENTATION_CONTEXT ( 'NONE', 'WORKASPACE' ) );
#382 = ORIENTED_EDGE ( 'NONE', *, *, #1808, .T. ) ;
#383 = DIRECTION ( 'NONE',  ( -0.000000000000000000, -1.000000000000000000, -0.000000000000000000 ) ) ;
#384 = SURFACE_STYLE_USAGE ( .BOTH. , #2455 ) ;
#385 =( GEOMETRIC_REPRESENTATION_CONTEXT ( 3 ) GLOBAL_UNCERTAINTY_ASSIGNED_CONTEXT ( ( #2931 ) ) GLOBAL_UNIT_ASSIGNED_CONTEXT ( ( #3867, #7466, #3251 ) ) REPRESENTATION_CONTEXT ( 'NONE', 'WORKASPACE' ) );
#386 = CARTESIAN_POINT ( 'NONE',  ( 3.267605322946856461, 4.400000000000000355, 6.359658438426497362 ) ) ;
#387 = DIRECTION ( 'NONE',  ( -0.000000000000000000, -1.000000000000000000, -0.000000000000000000 ) ) ;
#388 = DIRECTION ( 'NONE',  ( 8.673617379884051249E-15, 0.000000000000000000, 1.000000000000000000 ) ) ;
#389 = ADVANCED_FACE ( 'NONE', ( #4140 ), #5462, .T. ) ;
#390 = ORIENTED_EDGE ( 'NONE', *, *, #2208, .F. ) ;
#391 = EDGE_CURVE ( 'NONE', #1445, #1512, #2357, .T. ) ;
#392 = COLOUR_RGB ( '',0.2509803921568627416, 0.2509803921568627416, 0.2509803921568627416 ) ;
#393 = DIRECTION ( 'NONE',  ( -0.5000000000000009992, -0.000000000000000000, -0.8660254037844380415 ) ) ;
#394 = EDGE_CURVE ( 'NONE', #744, #6970, #1693, .T. ) ;
#395 = AXIS2_PLACEMENT_3D ( 'NONE', #1812, #2680, #6333 ) ;
#396 = FILL_AREA_STYLE_COLOUR ( '', #8353 ) ;
#397 = ORIENTED_EDGE ( 'NONE', *, *, #8948, .F. ) ;
#398 =( NAMED_UNIT ( * ) SI_UNIT ( $, .STERADIAN. ) SOLID_ANGLE_UNIT ( ) );
#399 = PRESENTATION_LAYER_ASSIGNMENT (  '', '', ( #9187 ) ) ;
#400 = ORIENTED_EDGE ( 'NONE', *, *, #8746, .T. ) ;
#401 = ORIENTED_EDGE ( 'NONE', *, *, #6608, .T. ) ;
#402 = CARTESIAN_POINT ( 'NONE',  ( 2.730135323361210897, 7.000000000000000888, -3.916962665652260256 ) ) ;
#403 = ORIENTED_EDGE ( 'NONE', *, *, #1516, .T. ) ;
#404 = SURFACE_STYLE_USAGE ( .BOTH. , #8978 ) ;
#405 = EDGE_CURVE ( 'NONE', #1512, #7960, #8177, .T. ) ;
#406 = UNCERTAINTY_MEASURE_WITH_UNIT (LENGTH_MEASURE( 1.000000000000000082E-05 ), #2916, 'distance_accuracy_value', 'NONE');
#407 = DIRECTION ( 'NONE',  ( -0.000000000000000000, -1.000000000000000000, -0.000000000000000000 ) ) ;
#408 = LINE ( 'NONE', #5251, #8345 ) ;
#409 = DIRECTION ( 'NONE',  ( 0.000000000000000000, 0.000000000000000000, 1.000000000000000000 ) ) ;
#410 = VERTEX_POINT ( 'NONE', #6723 ) ;
#411 = EDGE_CURVE ( 'NONE', #5278, #1042, #9069, .T. ) ;
#412 =( NAMED_UNIT ( * ) PLANE_ANGLE_UNIT ( ) SI_UNIT ( $, .RADIAN. ) );
#413 = PRODUCT_DEFINITION ( 'UNKNOWN', '', #4212, #3883 ) ;
#414 = AXIS2_PLACEMENT_3D ( 'NONE', #4749, #9080, #7691 ) ;
#415 = VERTEX_POINT ( 'NONE', #3862 ) ;
#416 = VECTOR ( 'NONE', #6099, 1000.000000000000000 ) ;
#417 = LINE ( 'NONE', #1366, #6639 ) ;
#418 = ORIENTED_EDGE ( 'NONE', *, *, #6836, .F. ) ;
#419 = FILL_AREA_STYLE_COLOUR ( '', #8729 ) ;
#420 = MECHANICAL_DESIGN_GEOMETRIC_PRESENTATION_REPRESENTATION (  '', ( #8720 ), #2318 ) ;
#421 = EDGE_CURVE ( 'NONE', #532, #8237, #5236, .T. ) ;
#422 = FILL_AREA_STYLE_COLOUR ( '', #1877 ) ;
#423 = CARTESIAN_POINT ( 'NONE',  ( -0.4326952959729711279, 7.000000000000000888, -2.784806355831972446 ) ) ;
#424 = FACE_OUTER_BOUND ( 'NONE', #3447, .T. ) ;
#425 = CYLINDRICAL_SURFACE ( 'NONE', #1708, 0.3499999999999996447 ) ;
#426 = EDGE_LOOP ( 'NONE', ( #6735, #5095, #2306, #2079 ) ) ;
#427 = SURFACE_SIDE_STYLE ('',( #5946 ) ) ;
#428 = ORIENTED_EDGE ( 'NONE', *, *, #4856, .T. ) ;
#429 = ORIENTED_EDGE ( 'NONE', *, *, #7106, .T. ) ;
#430 = ORIENTED_EDGE ( 'NONE', *, *, #7858, .F. ) ;
#431 = VECTOR ( 'NONE', #8381, 1000.000000000000000 ) ;
#432 = VECTOR ( 'NONE', #1329, 1000.000000000000000 ) ;
#433 = DIRECTION ( 'NONE',  ( -0.000000000000000000, -1.000000000000000000, -0.000000000000000000 ) ) ;
#434 = MECHANICAL_DESIGN_GEOMETRIC_PRESENTATION_REPRESENTATION (  '', ( #3866 ), #5756 ) ;
#435 = ORIENTED_EDGE ( 'NONE', *, *, #4299, .F. ) ;
#436 = ORIENTED_EDGE ( 'NONE', *, *, #8198, .F. ) ;
#437 =( NAMED_UNIT ( * ) SI_UNIT ( $, .STERADIAN. ) SOLID_ANGLE_UNIT ( ) );
#438 = ADVANCED_FACE ( 'NONE', ( #2240 ), #2462, .F. ) ;
#439 = ADVANCED_FACE ( 'NONE', ( #582 ), #7493, .F. ) ;
#440 = PRESENTATION_LAYER_ASSIGNMENT (  '', '', ( #4046 ) ) ;
#441 = FILL_AREA_STYLE ('',( #2446 ) ) ;
#442 = CARTESIAN_POINT ( 'NONE',  ( 0.000000000000000000, 6.750000000000000888, 0.000000000000000000 ) ) ;
#443 = COLOUR_RGB ( '',0.2509803921568627416, 0.2509803921568627416, 0.2509803921568627416 ) ;
#444 = STYLED_ITEM ( 'NONE', ( #2653 ), #1860 ) ;
#445 = AXIS2_PLACEMENT_3D ( 'NONE', #973, #2380, #8700 ) ;
#446 = CARTESIAN_POINT ( 'NONE',  ( 3.739289341707803249, 0.000000000000000000, 5.976639124038729101 ) ) ;
#447 = LINE ( 'NONE', #8792, #8029 ) ;
#448 = ORIENTED_EDGE ( 'NONE', *, *, #761, .T. ) ;
#449 = DIRECTION ( 'NONE',  ( 0.000000000000000000, -0.000000000000000000, -1.000000000000000000 ) ) ;
#450 = ORIENTED_EDGE ( 'NONE', *, *, #7973, .F. ) ;
#451 = FILL_AREA_STYLE_COLOUR ( '', #842 ) ;
#452 = CYLINDRICAL_SURFACE ( 'NONE', #8936, 0.1476854043595495769 ) ;
#453 = EDGE_CURVE ( 'NONE', #897, #7319, #3174, .T. ) ;
#454 = STYLED_ITEM ( 'NONE', ( #5553 ), #7588 ) ;
#455 = AXIS2_PLACEMENT_3D ( 'NONE', #2123, #7135, #7833 ) ;
#456 = ORIENTED_EDGE ( 'NONE', *, *, #1768, .F. ) ;
#457 = CIRCLE ( 'NONE', #4708, 0.8491910749241250445 ) ;
#458 = SURFACE_STYLE_FILL_AREA ( #1791 ) ;
#459 = CARTESIAN_POINT ( 'NONE',  ( -5.441621546977838619, 7.000000000000000888, 2.557144600353973729 ) ) ;
#460 = EDGE_CURVE ( 'NONE', #130, #7294, #770, .T. ) ;
#461 = SURFACE_STYLE_FILL_AREA ( #6826 ) ;
#462 = PRESENTATION_LAYER_ASSIGNMENT (  '', '', ( #9256 ) ) ;
#463 = ORIENTED_EDGE ( 'NONE', *, *, #6851, .T. ) ;
#464 = SURFACE_SIDE_STYLE ('',( #9097 ) ) ;
#465 = STYLED_ITEM ( 'NONE', ( #1052 ), #9045 ) ;
#466 = DIRECTION ( 'NONE',  ( 0.000000000000000000, 1.000000000000000000, 0.000000000000000000 ) ) ;
#467 = CIRCLE ( 'NONE', #6365, 0.3499999999999996447 ) ;
#468 = PRESENTATION_LAYER_ASSIGNMENT (  '', '', ( #9261 ) ) ;
#469 = UNCERTAINTY_MEASURE_WITH_UNIT (LENGTH_MEASURE( 1.000000000000000082E-05 ), #8763, 'distance_accuracy_value', 'NONE');
#470 = CARTESIAN_POINT ( 'NONE',  ( 0.000000000000000000, 7.000000000000000888, 0.000000000000000000 ) ) ;
#471 = ORIENTED_EDGE ( 'NONE', *, *, #4668, .T. ) ;
#472 = CARTESIAN_POINT ( 'NONE',  ( -4.580313372439055897, 6.950000000000000178, 2.555614419895396061 ) ) ;
#473 = SURFACE_SIDE_STYLE ('',( #5435 ) ) ;
#474 = VECTOR ( 'NONE', #1762, 1000.000000000000000 ) ;
#475 = DIRECTION ( 'NONE',  ( 0.000000000000000000, 0.000000000000000000, 1.000000000000000000 ) ) ;
#476 = ADVANCED_FACE ( 'NONE', ( #8471 ), #7520, .F. ) ;
#477 =( NAMED_UNIT ( * ) SI_UNIT ( $, .STERADIAN. ) SOLID_ANGLE_UNIT ( ) );
#478 = SURFACE_SIDE_STYLE ('',( #1499 ) ) ;
#479 = UNCERTAINTY_MEASURE_WITH_UNIT (LENGTH_MEASURE( 1.000000000000000082E-05 ), #902, 'distance_accuracy_value', 'NONE');
#480 = ADVANCED_FACE ( 'NONE', ( #8457 ), #2841, .T. ) ;
#481 = VERTEX_POINT ( 'NONE', #2615 ) ;
#482 = EDGE_CURVE ( 'NONE', #8662, #3275, #5734, .T. ) ;
#483 = EDGE_CURVE ( 'NONE', #1019, #3306, #993, .T. ) ;
#484 = SURFACE_STYLE_FILL_AREA ( #1245 ) ;
#485 = FILL_AREA_STYLE_COLOUR ( '', #2867 ) ;
#486 = VECTOR ( 'NONE', #166, 1000.000000000000000 ) ;
#487 = ORIENTED_EDGE ( 'NONE', *, *, #8023, .T. ) ;
#488 = AXIS2_PLACEMENT_3D ( 'NONE', #1064, #1713, #7449 ) ;
#489 = CARTESIAN_POINT ( 'NONE',  ( -3.467879180194027633, 0.000000000000000000, -6.306542934606394368 ) ) ;
#490 = DIRECTION ( 'NONE',  ( -0.000000000000000000, 1.000000000000000000, -0.000000000000000000 ) ) ;
#491 = EDGE_CURVE ( 'NONE', #875, #3597, #3158, .T. ) ;
#492 = DIRECTION ( 'NONE',  ( 0.000000000000000000, 0.000000000000000000, 1.000000000000000000 ) ) ;
#493 = ORIENTED_EDGE ( 'NONE', *, *, #8194, .T. ) ;
#494 = SURFACE_STYLE_USAGE ( .BOTH. , #6890 ) ;
#495 = VECTOR ( 'NONE', #9146, 1000.000000000000000 ) ;
#496 = LINE ( 'NONE', #3735, #3243 ) ;
#497 = SURFACE_STYLE_USAGE ( .BOTH. , #1183 ) ;
#498 = EDGE_LOOP ( 'NONE', ( #2195, #4972, #7523, #2219 ) ) ;
#499 =( LENGTH_UNIT ( ) NAMED_UNIT ( * ) SI_UNIT ( .MILLI., .METRE. ) );
#500 = EDGE_CURVE ( 'NONE', #701, #8734, #2946, .T. ) ;
#501 = AXIS2_PLACEMENT_3D ( 'NONE', #5508, #1239, #6950 ) ;
#502 = DIRECTION ( 'NONE',  ( 0.000000000000000000, 1.000000000000000000, 0.000000000000000000 ) ) ;
#503 = ORIENTED_EDGE ( 'NONE', *, *, #594, .F. ) ;
#504 = DIRECTION ( 'NONE',  ( 0.000000000000000000, 0.000000000000000000, 1.000000000000000000 ) ) ;
#505 = DIRECTION ( 'NONE',  ( 0.000000000000000000, 1.000000000000000000, 0.000000000000000000 ) ) ;
#506 = SURFACE_SIDE_STYLE ('',( #1735 ) ) ;
#507 = CIRCLE ( 'NONE', #77, 0.09999999999999982514 ) ;
#508 = ORIENTED_EDGE ( 'NONE', *, *, #2706, .F. ) ;
#509 = CIRCLE ( 'NONE', #4048, 0.1352311273310818629 ) ;
#510 = ORIENTED_EDGE ( 'NONE', *, *, #2296, .T. ) ;
#511 = EDGE_CURVE ( 'NONE', #7419, #4644, #5076, .T. ) ;
#512 = VECTOR ( 'NONE', #1861, 1000.000000000000000 ) ;
#513 = MECHANICAL_DESIGN_GEOMETRIC_PRESENTATION_REPRESENTATION (  '', ( #706 ), #2580 ) ;
#514 = UNCERTAINTY_MEASURE_WITH_UNIT (LENGTH_MEASURE( 1.000000000000000082E-05 ), #7892, 'distance_accuracy_value', 'NONE');
#515 = LINE ( 'NONE', #8685, #852 ) ;
#516 = AXIS2_PLACEMENT_3D ( 'NONE', #8366, #6818, #6207 ) ;
#517 = PLANE ( 'NONE',  #5778 ) ;
#518 = FILL_AREA_STYLE_COLOUR ( '', #15 ) ;
#519 = EDGE_LOOP ( 'NONE', ( #59, #2619, #5218, #1265 ) ) ;
#520 = ADVANCED_FACE ( 'NONE', ( #8668 ), #8358, .F. ) ;
#521 = CARTESIAN_POINT ( 'NONE',  ( -2.291217127286572897, 7.000000000000000888, -4.310987324483573246 ) ) ;
#522 =( NAMED_UNIT ( * ) PLANE_ANGLE_UNIT ( ) SI_UNIT ( $, .RADIAN. ) );
#523 = ORIENTED_EDGE ( 'NONE', *, *, #5747, .T. ) ;
#524 = CARTESIAN_POINT ( 'NONE',  ( 5.437848229521686783, 7.000000000000000888, 2.531868201111808769 ) ) ;
#525 = CIRCLE ( 'NONE', #2036, 0.1000000000000002554 ) ;
#526 = ORIENTED_EDGE ( 'NONE', *, *, #6717, .F. ) ;
#527 =( LENGTH_UNIT ( ) NAMED_UNIT ( * ) SI_UNIT ( .MILLI., .METRE. ) );
#528 = VECTOR ( 'NONE', #3477, 1000.000000000000000 ) ;
#529 = CARTESIAN_POINT ( 'NONE',  ( 3.873823105595965099, 4.400000000000000355, -6.009658438426500382 ) ) ;
#530 = VERTEX_POINT ( 'NONE', #7748 ) ;
#531 = CARTESIAN_POINT ( 'NONE',  ( 3.819643761461755549, 4.400000000000000355, 5.925607271455500147 ) ) ;
#532 = VERTEX_POINT ( 'NONE', #6947 ) ;
#533 = FILL_AREA_STYLE_COLOUR ( '', #3147 ) ;
#534 = EDGE_LOOP ( 'NONE', ( #9165, #9086, #8490, #4537 ) ) ;
#535 = EDGE_CURVE ( 'NONE', #2374, #3680, #7659, .T. ) ;
#536 = AXIS2_PLACEMENT_3D ( 'NONE', #8666, #6463, #4316 ) ;
#537 = DIRECTION ( 'NONE',  ( -0.000000000000000000, -1.000000000000000000, -0.000000000000000000 ) ) ;
#538 = SURFACE_STYLE_FILL_AREA ( #441 ) ;
#539 = ORIENTED_EDGE ( 'NONE', *, *, #7512, .T. ) ;
#540 = CARTESIAN_POINT ( 'NONE',  ( 1.585573439717987920, 7.000000000000000888, -3.510779100601223224 ) ) ;
#541 = CARTESIAN_POINT ( 'NONE',  ( 0.000000000000000000, 6.950000000000000178, -4.414999999999999147 ) ) ;
#542 = VERTEX_POINT ( 'NONE', #2683 ) ;
#543 = CARTESIAN_POINT ( 'NONE',  ( 0.000000000000000000, 6.950000000000000178, -6.838397459621555541 ) ) ;
#544 = VECTOR ( 'NONE', #243, 1000.000000000000000 ) ;
#545 = PRESENTATION_STYLE_ASSIGNMENT (( #1506 ) ) ;
#546 = AXIS2_PLACEMENT_3D ( 'NONE', #89, #3662, #5107 ) ;
#547 = VERTEX_POINT ( 'NONE', #4117 ) ;
#548 =( GEOMETRIC_REPRESENTATION_CONTEXT ( 3 ) GLOBAL_UNCERTAINTY_ASSIGNED_CONTEXT ( ( #8270 ) ) GLOBAL_UNIT_ASSIGNED_CONTEXT ( ( #527, #5479, #3345 ) ) REPRESENTATION_CONTEXT ( 'NONE', 'WORKASPACE' ) );
#549 = FILL_AREA_STYLE_COLOUR ( '', #4701 ) ;
#550 = EDGE_CURVE ( 'NONE', #2617, #3758, #2831, .T. ) ;
#551 = LINE ( 'NONE', #5370, #1440 ) ;
#552 = DIRECTION ( 'NONE',  ( 0.000000000000000000, 1.000000000000000000, 0.000000000000000000 ) ) ;
#553 = CIRCLE ( 'NONE', #109, 8.250000000000000000 ) ;
#554 = DIRECTION ( 'NONE',  ( -4.336808689942006692E-15, 0.000000000000000000, 1.000000000000000000 ) ) ;
#555 = CARTESIAN_POINT ( 'NONE',  ( -5.447796256939350101, 6.950000000000000178, 2.704364753403770472 ) ) ;
#556 = MECHANICAL_DESIGN_GEOMETRIC_PRESENTATION_REPRESENTATION (  '', ( #3012 ), #3380 ) ;
#557 = AXIS2_PLACEMENT_3D ( 'NONE', #1669, #309, #5260 ) ;
#558 = FILL_AREA_STYLE_COLOUR ( '', #3281 ) ;
#559 = ORIENTED_EDGE ( 'NONE', *, *, #7054, .F. ) ;
#560 = DIRECTION ( 'NONE',  ( 0.000000000000000000, 0.000000000000000000, 1.000000000000000000 ) ) ;
#561 = CARTESIAN_POINT ( 'NONE',  ( 5.437848229521686783, 6.950000000000000178, 2.531868201111808769 ) ) ;
#562 = COLOUR_RGB ( '',0.9098039215686274384, 0.4431372549019607643, 0.03137254901960784270 ) ;
#563 =( NAMED_UNIT ( * ) SI_UNIT ( $, .STERADIAN. ) SOLID_ANGLE_UNIT ( ) );
#564 =( GEOMETRIC_REPRESENTATION_CONTEXT ( 3 ) GLOBAL_UNCERTAINTY_ASSIGNED_CONTEXT ( ( #195 ) ) GLOBAL_UNIT_ASSIGNED_CONTEXT ( ( #5800, #8067, #5041 ) ) REPRESENTATION_CONTEXT ( 'NONE', 'WORKASPACE' ) );
#565 = ADVANCED_FACE ( 'NONE', ( #7553 ), #4536, .T. ) ;
#566 = CARTESIAN_POINT ( 'NONE',  ( 0.000000000000000000, -2.049999999999999822, -4.414999999999999147 ) ) ;
#567 = SURFACE_STYLE_USAGE ( .BOTH. , #4224 ) ;
#568 =( NAMED_UNIT ( * ) SI_UNIT ( $, .STERADIAN. ) SOLID_ANGLE_UNIT ( ) );
#569 =( LENGTH_UNIT ( ) NAMED_UNIT ( * ) SI_UNIT ( .MILLI., .METRE. ) );
#570 = CARTESIAN_POINT ( 'NONE',  ( 0.000000000000000000, 4.400000000000000355, 0.000000000000000000 ) ) ;
#571 = CARTESIAN_POINT ( 'NONE',  ( 4.286263797015733513E-17, 6.750000000000000888, -5.114999999999998437 ) ) ;
#572 = DIRECTION ( 'NONE',  ( 0.000000000000000000, 1.000000000000000000, 0.000000000000000000 ) ) ;
#573 = VERTEX_POINT ( 'NONE', #8512 ) ;
#574 = CIRCLE ( 'NONE', #4231, 7.049999999999999822 ) ;
#575 = CARTESIAN_POINT ( 'NONE',  ( 3.467879180194027633, 4.400000000000000355, -6.306542934606394368 ) ) ;
#576 = EDGE_CURVE ( 'NONE', #130, #6266, #2410, .T. ) ;
#577 =( GEOMETRIC_REPRESENTATION_CONTEXT ( 3 ) GLOBAL_UNCERTAINTY_ASSIGNED_CONTEXT ( ( #4500 ) ) GLOBAL_UNIT_ASSIGNED_CONTEXT ( ( #6944, #579, #8440 ) ) REPRESENTATION_CONTEXT ( 'NONE', 'WORKASPACE' ) );
#578 = STYLED_ITEM ( 'NONE', ( #5043 ), #2866 ) ;
#579 =( NAMED_UNIT ( * ) PLANE_ANGLE_UNIT ( ) SI_UNIT ( $, .RADIAN. ) );
#580 = VECTOR ( 'NONE', #7222, 1000.000000000000000 ) ;
#581 =( NAMED_UNIT ( * ) PLANE_ANGLE_UNIT ( ) SI_UNIT ( $, .RADIAN. ) );
#582 = FACE_OUTER_BOUND ( 'NONE', #519, .T. ) ;
#583 = UNCERTAINTY_MEASURE_WITH_UNIT (LENGTH_MEASURE( 1.000000000000000082E-05 ), #3676, 'distance_accuracy_value', 'NONE');
#584 = CARTESIAN_POINT ( 'NONE',  ( 1.450342312386934562, 7.000000000000000888, 2.743934908718901777 ) ) ;
#585 = FACE_OUTER_BOUND ( 'NONE', #7834, .T. ) ;
#586 = EDGE_CURVE ( 'NONE', #8766, #7861, #7790, .T. ) ;
#587 = AXIS2_PLACEMENT_3D ( 'NONE', #7035, #7723, #9078 ) ;
#588 =( LENGTH_UNIT ( ) NAMED_UNIT ( * ) SI_UNIT ( .MILLI., .METRE. ) );
#589 =( GEOMETRIC_REPRESENTATION_CONTEXT ( 3 ) GLOBAL_UNCERTAINTY_ASSIGNED_CONTEXT ( ( #514 ) ) GLOBAL_UNIT_ASSIGNED_CONTEXT ( ( #7892, #3610, #1458 ) ) REPRESENTATION_CONTEXT ( 'NONE', 'WORKASPACE' ) );
#590 = DIRECTION ( 'NONE',  ( 0.000000000000000000, 0.000000000000000000, -1.000000000000000000 ) ) ;
#591 = EDGE_LOOP ( 'NONE', ( #3201, #4321, #1325, #8355 ) ) ;
#592 = AXIS2_PLACEMENT_3D ( 'NONE', #1468, #7171, #7904 ) ;
#593 =( NAMED_UNIT ( * ) PLANE_ANGLE_UNIT ( ) SI_UNIT ( $, .RADIAN. ) );
#594 = EDGE_CURVE ( 'NONE', #5072, #6198, #3732, .T. ) ;
#595 = COLOUR_RGB ( '',0.9098039215686274384, 0.4431372549019607643, 0.03137254901960784270 ) ;
#596 = SURFACE_STYLE_FILL_AREA ( #2969 ) ;
#597 = DIRECTION ( 'NONE',  ( 0.000000000000000000, 1.000000000000000000, 0.000000000000000000 ) ) ;
#598 = DIRECTION ( 'NONE',  ( -0.000000000000000000, -1.000000000000000000, -0.000000000000000000 ) ) ;
#599 = CARTESIAN_POINT ( 'NONE',  ( 3.787220565217521262, 0.000000000000000000, 6.059658438426501093 ) ) ;
#600 = LINE ( 'NONE', #2107, #2577 ) ;
#601 = ORIENTED_EDGE ( 'NONE', *, *, #3420, .F. ) ;
#602 = CARTESIAN_POINT ( 'NONE',  ( -5.294273332394092257, 6.950000000000000178, 2.556508859764709207 ) ) ;
#603 =( NAMED_UNIT ( * ) PLANE_ANGLE_UNIT ( ) SI_UNIT ( $, .RADIAN. ) );
#604 = DIRECTION ( 'NONE',  ( -1.000000000000000000, 0.000000000000000000, 0.000000000000000000 ) ) ;
#605 =( NAMED_UNIT ( * ) PLANE_ANGLE_UNIT ( ) SI_UNIT ( $, .RADIAN. ) );
#606 = STYLED_ITEM ( 'NONE', ( #5344 ), #5261 ) ;
#607 = PRESENTATION_LAYER_ASSIGNMENT (  '', '', ( #8912 ) ) ;
#608 = ORIENTED_EDGE ( 'NONE', *, *, #5744, .F. ) ;
#609 = EDGE_CURVE ( 'NONE', #7819, #6507, #1855, .T. ) ;
#610 = CIRCLE ( 'NONE', #8469, 0.1000000000000002554 ) ;
#611 = TOROIDAL_SURFACE ( 'NONE', #3582, 6.838397459621555541, 0.1000000000000000056 ) ;
#612 = ADVANCED_FACE ( 'NONE', ( #5521 ), #3500, .F. ) ;
#613 = ORIENTED_EDGE ( 'NONE', *, *, #8865, .F. ) ;
#614 = SURFACE_STYLE_USAGE ( .BOTH. , #4832 ) ;
#615 = SURFACE_STYLE_USAGE ( .BOTH. , #7717 ) ;
#616 = AXIS2_PLACEMENT_3D ( 'NONE', #4807, #4123, #554 ) ;
#617 = CARTESIAN_POINT ( 'NONE',  ( 5.540228309825170783, 7.000000000000000888, -2.380333944477845964 ) ) ;
#618 = CIRCLE ( 'NONE', #3951, 0.1000000000000002554 ) ;
#619 = COLOUR_RGB ( '',0.2509803921568627416, 0.2509803921568627416, 0.2509803921568627416 ) ;
#620 = DIRECTION ( 'NONE',  ( 0.000000000000000000, 1.000000000000000000, 0.000000000000000000 ) ) ;
#621 = VECTOR ( 'NONE', #2267, 1000.000000000000000 ) ;
#622 = CARTESIAN_POINT ( 'NONE',  ( 3.381276639815583795, 4.400000000000000355, -6.356542934606394191 ) ) ;
#623 = ORIENTED_EDGE ( 'NONE', *, *, #5518, .T. ) ;
#624 = ORIENTED_EDGE ( 'NONE', *, *, #1606, .T. ) ;
#625 = ORIENTED_EDGE ( 'NONE', *, *, #5774, .T. ) ;
#626 = MECHANICAL_DESIGN_GEOMETRIC_PRESENTATION_REPRESENTATION (  '', ( #5890 ), #6032 ) ;
#627 = DIRECTION ( 'NONE',  ( 0.000000000000000000, 1.000000000000000000, 0.000000000000000000 ) ) ;
#628 = CARTESIAN_POINT ( 'NONE',  ( -3.814289341707803427, 0.000000000000000000, 6.106542934606395079 ) ) ;
#629 =( NAMED_UNIT ( * ) PLANE_ANGLE_UNIT ( ) SI_UNIT ( $, .RADIAN. ) );
#630 = EDGE_LOOP ( 'NONE', ( #4902, #6966, #5934, #7925 ) ) ;
#631 = DIRECTION ( 'NONE',  ( -0.000000000000000000, -1.000000000000000000, -0.000000000000000000 ) ) ;
#632 = CIRCLE ( 'NONE', #5088, 0.1000000000000002554 ) ;
#633 = DIRECTION ( 'NONE',  ( 0.000000000000000000, 0.000000000000000000, 1.000000000000000000 ) ) ;
#634 =( GEOMETRIC_REPRESENTATION_CONTEXT ( 3 ) GLOBAL_UNCERTAINTY_ASSIGNED_CONTEXT ( ( #238 ) ) GLOBAL_UNIT_ASSIGNED_CONTEXT ( ( #5794, #5063, #4461 ) ) REPRESENTATION_CONTEXT ( 'NONE', 'WORKASPACE' ) );
#635 = VERTEX_POINT ( 'NONE', #9161 ) ;
#636 = FACE_OUTER_BOUND ( 'NONE', #2939, .T. ) ;
#637 = STYLED_ITEM ( 'NONE', ( #1056 ), #2741 ) ;
#638 = DIRECTION ( 'NONE',  ( 0.000000000000000000, 0.000000000000000000, 1.000000000000000000 ) ) ;
#639 = CARTESIAN_POINT ( 'NONE',  ( -7.195565981523414756, 0.000000000000000000, 0.2499999999999999445 ) ) ;
#640 = SURFACE_SIDE_STYLE ('',( #5802 ) ) ;
#641 = EDGE_LOOP ( 'NONE', ( #4468, #5173, #7765, #2709 ) ) ;
#642 = SURFACE_STYLE_FILL_AREA ( #7910 ) ;
#643 = EDGE_CURVE ( 'NONE', #7975, #1754, #4740, .T. ) ;
#644 = ORIENTED_EDGE ( 'NONE', *, *, #5708, .F. ) ;
#645 = UNCERTAINTY_MEASURE_WITH_UNIT (LENGTH_MEASURE( 1.000000000000000082E-05 ), #6174, 'distance_accuracy_value', 'NONE');
#646 = FACE_OUTER_BOUND ( 'NONE', #3438, .T. ) ;
#647 = ORIENTED_EDGE ( 'NONE', *, *, #3373, .T. ) ;
#648 = CARTESIAN_POINT ( 'NONE',  ( 6.156542934606380690, 4.400000000000000355, 3.727686801329380462 ) ) ;
#649 = ORIENTED_EDGE ( 'NONE', *, *, #511, .F. ) ;
#650 = EDGE_CURVE ( 'NONE', #7294, #5616, #9009, .T. ) ;
#651 = PRESENTATION_LAYER_ASSIGNMENT (  '', '', ( #2536 ) ) ;
#652 = ORIENTED_EDGE ( 'NONE', *, *, #8414, .T. ) ;
#653 =( NAMED_UNIT ( * ) SI_UNIT ( $, .STERADIAN. ) SOLID_ANGLE_UNIT ( ) );
#654 = COLOUR_RGB ( '',0.9098039215686274384, 0.4431372549019607643, 0.03137254901960784270 ) ;
#655 = CYLINDRICAL_SURFACE ( 'NONE', #7113, 0.8616453519526205973 ) ;
#656 = VERTEX_POINT ( 'NONE', #8446 ) ;
#657 = STYLED_ITEM ( 'NONE', ( #707 ), #3427 ) ;
#658 = LINE ( 'NONE', #3939, #431 ) ;
#659 = UNCERTAINTY_MEASURE_WITH_UNIT (LENGTH_MEASURE( 1.000000000000000082E-05 ), #6181, 'distance_accuracy_value', 'NONE');
#660 = ORIENTED_EDGE ( 'NONE', *, *, #5669, .F. ) ;
#661 = DIRECTION ( 'NONE',  ( 0.000000000000000000, 0.000000000000000000, 1.000000000000000000 ) ) ;
#662 = EDGE_LOOP ( 'NONE', ( #4894, #3821, #4552, #6988 ) ) ;
#663 = DIRECTION ( 'NONE',  ( 0.000000000000000000, 0.000000000000000000, 1.000000000000000000 ) ) ;
#664 = DIRECTION ( 'NONE',  ( 0.000000000000000000, 1.000000000000000000, 0.000000000000000000 ) ) ;
#665 = ORIENTED_EDGE ( 'NONE', *, *, #3197, .F. ) ;
#666 =( NAMED_UNIT ( * ) SI_UNIT ( $, .STERADIAN. ) SOLID_ANGLE_UNIT ( ) );
#667 = PLANE ( 'NONE',  #8640 ) ;
#668 = AXIS2_PLACEMENT_3D ( 'NONE', #1714, #3844, #8858 ) ;
#669 = ADVANCED_FACE ( 'NONE', ( #1188 ), #6846, .T. ) ;
#670 =( NAMED_UNIT ( * ) PLANE_ANGLE_UNIT ( ) SI_UNIT ( $, .RADIAN. ) );
#671 = CIRCLE ( 'NONE', #1825, 6.924999999999999822 ) ;
#672 = EDGE_CURVE ( 'NONE', #9066, #4755, #3266, .T. ) ;
#673 = CYLINDRICAL_SURFACE ( 'NONE', #2685, 8.250000000000000000 ) ;
#674 = EDGE_CURVE ( 'NONE', #69, #5449, #2078, .T. ) ;
#675 =( NAMED_UNIT ( * ) PLANE_ANGLE_UNIT ( ) SI_UNIT ( $, .RADIAN. ) );
#676 = PRESENTATION_STYLE_ASSIGNMENT (( #1941 ) ) ;
#677 = ORIENTED_EDGE ( 'NONE', *, *, #8074, .F. ) ;
#678 = ADVANCED_FACE ( 'NONE', ( #424 ), #3361, .T. ) ;
#679 = ORIENTED_EDGE ( 'NONE', *, *, #2211, .T. ) ;
#680 = CARTESIAN_POINT ( 'NONE',  ( 3.467879180194027633, 0.000000000000000000, 6.306542934606394368 ) ) ;
#681 = COLOUR_RGB ( '',1.000000000000000000, 1.000000000000000000, 1.000000000000000000 ) ;
#682 = PRESENTATION_LAYER_ASSIGNMENT (  '', '', ( #4296 ) ) ;
#683 = COLOUR_RGB ( '',0.9098039215686274384, 0.4431372549019607643, 0.03137254901960784270 ) ;
#684 = COLOUR_RGB ( '',0.9098039215686274384, 0.4431372549019607643, 0.03137254901960784270 ) ;
#685 = DIRECTION ( 'NONE',  ( -0.000000000000000000, -1.000000000000000000, -0.000000000000000000 ) ) ;
#686 = DIRECTION ( 'NONE',  ( 0.000000000000000000, 1.000000000000000000, 0.000000000000000000 ) ) ;
#687 = DIRECTION ( 'NONE',  ( -5.275245464980312529E-17, 0.000000000000000000, -1.000000000000000000 ) ) ;
#688 = EDGE_CURVE ( 'NONE', #701, #6145, #1177, .T. ) ;
#689 = VERTEX_POINT ( 'NONE', #347 ) ;
#690 = SURFACE_SIDE_STYLE ('',( #6843 ) ) ;
#691 = DIRECTION ( 'NONE',  ( -0.000000000000000000, -1.000000000000000000, -0.000000000000000000 ) ) ;
#692 = CYLINDRICAL_SURFACE ( 'NONE', #4272, 0.1352311274094740168 ) ;
#693 = AXIS2_PLACEMENT_3D ( 'NONE', #8057, #8127, #5966 ) ;
#694 = STYLED_ITEM ( 'NONE', ( #7856 ), #7410 ) ;
#695 =( LENGTH_UNIT ( ) NAMED_UNIT ( * ) SI_UNIT ( .MILLI., .METRE. ) );
#696 = PRESENTATION_STYLE_ASSIGNMENT (( #161 ) ) ;
#697 = SURFACE_STYLE_USAGE ( .BOTH. , #5642 ) ;
#698 = ORIENTED_EDGE ( 'NONE', *, *, #2373, .F. ) ;
#699 = CARTESIAN_POINT ( 'NONE',  ( 3.381276639815583795, 0.000000000000000000, -6.356542934606394191 ) ) ;
#700 = DIRECTION ( 'NONE',  ( 0.000000000000000000, 1.000000000000000000, 0.000000000000000000 ) ) ;
#701 = VERTEX_POINT ( 'NONE', #8983 ) ;
#702 = COLOUR_RGB ( '',0.2509803921568627416, 0.2509803921568627416, 0.2509803921568627416 ) ;
#703 = LINE ( 'NONE', #5369, #1902 ) ;
#704 =( NAMED_UNIT ( * ) SI_UNIT ( $, .STERADIAN. ) SOLID_ANGLE_UNIT ( ) );
#705 = ORIENTED_EDGE ( 'NONE', *, *, #7230, .T. ) ;
#706 = STYLED_ITEM ( 'NONE', ( #1059 ), #8826 ) ;
#707 = PRESENTATION_STYLE_ASSIGNMENT (( #615 ) ) ;
#708 = AXIS2_PLACEMENT_3D ( 'NONE', #1007, #3834, #5951 ) ;
#709 = UNCERTAINTY_MEASURE_WITH_UNIT (LENGTH_MEASURE( 1.000000000000000082E-05 ), #133, 'distance_accuracy_value', 'NONE');
#710 = DIRECTION ( 'NONE',  ( 0.000000000000000000, 0.000000000000000000, 1.000000000000000000 ) ) ;
#711 = LINE ( 'NONE', #3667, #6919 ) ;
#712 = CARTESIAN_POINT ( 'NONE',  ( 0.000000000000000000, 6.950000000000000178, 4.764999999999999680 ) ) ;
#713 = ORIENTED_EDGE ( 'NONE', *, *, #3920, .F. ) ;
#714 = PLANE ( 'NONE',  #7287 ) ;
#715 = CARTESIAN_POINT ( 'NONE',  ( 3.354207863325300742, 0.000000000000000000, 6.309658438426497540 ) ) ;
#716 = LINE ( 'NONE', #5314, #40 ) ;
#717 = FILL_AREA_STYLE_COLOUR ( '', #8804 ) ;
#718 =( NAMED_UNIT ( * ) SI_UNIT ( $, .STERADIAN. ) SOLID_ANGLE_UNIT ( ) );
#719 = ORIENTED_EDGE ( 'NONE', *, *, #3271, .F. ) ;
#720 = EDGE_CURVE ( 'NONE', #3132, #145, #6961, .T. ) ;
#721 =( LENGTH_UNIT ( ) NAMED_UNIT ( * ) SI_UNIT ( .MILLI., .METRE. ) );
#722 = DIRECTION ( 'NONE',  ( 0.000000000000000000, 0.000000000000000000, 1.000000000000000000 ) ) ;
#723 = CARTESIAN_POINT ( 'NONE',  ( 0.000000000000000000, -2.049999999999999822, 8.250000000000000000 ) ) ;
#724 = ORIENTED_EDGE ( 'NONE', *, *, #7622, .T. ) ;
#725 = COLOUR_RGB ( '',0.2509803921568627416, 0.2509803921568627416, 0.2509803921568627416 ) ;
#726 = MECHANICAL_DESIGN_GEOMETRIC_PRESENTATION_REPRESENTATION (  '', ( #3363 ), #6789 ) ;
#727 = CIRCLE ( 'NONE', #8950, 0.3499999999999996447 ) ;
#728 = DIRECTION ( 'NONE',  ( -0.000000000000000000, 1.000000000000000000, -0.000000000000000000 ) ) ;
#729 = ORIENTED_EDGE ( 'NONE', *, *, #3270, .T. ) ;
#730 = PRESENTATION_LAYER_ASSIGNMENT (  '', '', ( #4831 ) ) ;
#731 = ORIENTED_EDGE ( 'NONE', *, *, #2832, .F. ) ;
#732 = PLANE ( 'NONE',  #1814 ) ;
#733 = CARTESIAN_POINT ( 'NONE',  ( 0.000000000000000000, -2.049999999999999822, 0.000000000000000000 ) ) ;
#734 = MECHANICAL_DESIGN_GEOMETRIC_PRESENTATION_REPRESENTATION (  '', ( #4046 ), #6142 ) ;
#735 = CIRCLE ( 'NONE', #3460, 0.8491910750014877163 ) ;
#736 = VECTOR ( 'NONE', #9233, 1000.000000000000000 ) ;
#737 = CARTESIAN_POINT ( 'NONE',  ( 0.000000000000000000, 7.450000000000000178, 0.000000000000000000 ) ) ;
#738 = AXIS2_PLACEMENT_3D ( 'NONE', #3594, #50, #5769 ) ;
#739 = ORIENTED_EDGE ( 'NONE', *, *, #2461, .T. ) ;
#740 = AXIS2_PLACEMENT_3D ( 'NONE', #8311, #490, #7086 ) ;
#741 = LINE ( 'NONE', #96, #3492 ) ;
#742 =( LENGTH_UNIT ( ) NAMED_UNIT ( * ) SI_UNIT ( .MILLI., .METRE. ) );
#743 = AXIS2_PLACEMENT_3D ( 'NONE', #3506, #3449, #2135 ) ;
#744 = VERTEX_POINT ( 'NONE', #1403 ) ;
#745 = DIRECTION ( 'NONE',  ( -0.000000000000000000, -0.000000000000000000, -1.000000000000000000 ) ) ;
#746 = VECTOR ( 'NONE', #1689, 1000.000000000000000 ) ;
#747 = LINE ( 'NONE', #4095, #2482 ) ;
#748 = DIRECTION ( 'NONE',  ( 0.000000000000000000, 0.000000000000000000, 1.000000000000000000 ) ) ;
#749 = PLANE ( 'NONE',  #1379 ) ;
#750 = CARTESIAN_POINT ( 'NONE',  ( 0.000000000000000000, -2.049999999999999822, -4.764999999999998792 ) ) ;
#751 = ORIENTED_EDGE ( 'NONE', *, *, #8654, .F. ) ;
#752 = DIRECTION ( 'NONE',  ( 0.000000000000000000, 0.000000000000000000, 1.000000000000000000 ) ) ;
#753 = ORIENTED_EDGE ( 'NONE', *, *, #7386, .F. ) ;
#754 = EDGE_CURVE ( 'NONE', #8103, #914, #8875, .T. ) ;
#755 = ORIENTED_EDGE ( 'NONE', *, *, #239, .F. ) ;
#756 = AXIS2_PLACEMENT_3D ( 'NONE', #4553, #2360, #3747 ) ;
#757 = CARTESIAN_POINT ( 'NONE',  ( 0.000000000000000000, 4.400000000000000355, 0.000000000000000000 ) ) ;
#758 = EDGE_LOOP ( 'NONE', ( #9011, #6620, #5231, #3334 ) ) ;
#759 = ORIENTED_EDGE ( 'NONE', *, *, #643, .T. ) ;
#761 = EDGE_CURVE ( 'NONE', #7161, #6533, #6183, .T. ) ;
#760 =( LENGTH_UNIT ( ) NAMED_UNIT ( * ) SI_UNIT ( .MILLI., .METRE. ) );
#762 = ORIENTED_EDGE ( 'NONE', *, *, #643, .F. ) ;
#763 = LINE ( 'NONE', #723, #5414 ) ;
#764 = ORIENTED_EDGE ( 'NONE', *, *, #8474, .T. ) ;
#765 = DIRECTION ( 'NONE',  ( 0.000000000000000000, 1.000000000000000000, 0.000000000000000000 ) ) ;
#766 = AXIS2_PLACEMENT_3D ( 'NONE', #7760, #3451, #4189 ) ;
#767 = FILL_AREA_STYLE ('',( #7954 ) ) ;
#768 = UNCERTAINTY_MEASURE_WITH_UNIT (LENGTH_MEASURE( 1.000000000000000082E-05 ), #5503, 'distance_accuracy_value', 'NONE');
#769 = PRESENTATION_LAYER_ASSIGNMENT (  '', '', ( #7623 ) ) ;
#770 = LINE ( 'NONE', #7618, #5295 ) ;
#771 = ORIENTED_EDGE ( 'NONE', *, *, #7897, .T. ) ;
#772 = AXIS2_PLACEMENT_3D ( 'NONE', #3135, #8212, #344 ) ;
#773 = FILL_AREA_STYLE ('',( #1569 ) ) ;
#774 = DIRECTION ( 'NONE',  ( -0.000000000000000000, -1.000000000000000000, -0.000000000000000000 ) ) ;
#775 = SURFACE_STYLE_FILL_AREA ( #5454 ) ;
#776 = LINE ( 'NONE', #7188, #7560 ) ;
#777 = VECTOR ( 'NONE', #5558, 1000.000000000000000 ) ;
#778 = SURFACE_SIDE_STYLE ('',( #4137 ) ) ;
#779 = DIRECTION ( 'NONE',  ( 0.000000000000000000, 0.000000000000000000, 1.000000000000000000 ) ) ;
#780 = ORIENTED_EDGE ( 'NONE', *, *, #3200, .F. ) ;
#781 = DIRECTION ( 'NONE',  ( 0.000000000000000000, 1.000000000000000000, 0.000000000000000000 ) ) ;
#782 = DIRECTION ( 'NONE',  ( -0.000000000000000000, -1.000000000000000000, -0.000000000000000000 ) ) ;
#783 = LINE ( 'NONE', #1674, #3415 ) ;
#784 = CYLINDRICAL_SURFACE ( 'NONE', #8347, 0.1000000000000002554 ) ;
#785 = AXIS2_PLACEMENT_3D ( 'NONE', #8164, #2464, #3889 ) ;
#786 = MECHANICAL_DESIGN_GEOMETRIC_PRESENTATION_REPRESENTATION (  '', ( #9096 ), #7944 ) ;
#787 = SURFACE_STYLE_USAGE ( .BOTH. , #8553 ) ;
#788 = EDGE_CURVE ( 'NONE', #4343, #7975, #7644, .T. ) ;
#789 = CARTESIAN_POINT ( 'NONE',  ( -3.431276639815582730, 0.000000000000000000, -6.443145474984837584 ) ) ;
#790 = ORIENTED_EDGE ( 'NONE', *, *, #2997, .F. ) ;
#791 = CIRCLE ( 'NONE', #2850, 0.1000000000000002554 ) ;
#792 = CARTESIAN_POINT ( 'NONE',  ( 0.000000000000000000, 6.850000000000001421, 0.000000000000000000 ) ) ;
#793 = DIRECTION ( 'NONE',  ( 0.000000000000000000, 1.000000000000000000, 0.000000000000000000 ) ) ;
#794 = MECHANICAL_DESIGN_GEOMETRIC_PRESENTATION_REPRESENTATION (  '', ( #4296 ), #7053 ) ;
#795 = ORIENTED_EDGE ( 'NONE', *, *, #7387, .T. ) ;
#796 = LINE ( 'NONE', #6384, #6121 ) ;
#797 = DIRECTION ( 'NONE',  ( 0.000000000000000000, 0.000000000000000000, 1.000000000000000000 ) ) ;
#798 = FILL_AREA_STYLE ('',( #5861 ) ) ;
#799 = CARTESIAN_POINT ( 'NONE',  ( 8.934491527240971484E-16, 6.850000000000001421, 7.295565981523417065 ) ) ;
#800 = CARTESIAN_POINT ( 'NONE',  ( 3.714557525616446476, 7.000000000000000888, 2.531868201111808769 ) ) ;
#801 = ORIENTED_EDGE ( 'NONE', *, *, #1046, .T. ) ;
#802 = CARTESIAN_POINT ( 'NONE',  ( 4.286263797015735362E-17, 6.750000000000000888, -5.114999999999998437 ) ) ;
#803 =( LENGTH_UNIT ( ) NAMED_UNIT ( * ) SI_UNIT ( .MILLI., .METRE. ) );
#804 = SURFACE_SIDE_STYLE ('',( #7996 ) ) ;
#805 = UNCERTAINTY_MEASURE_WITH_UNIT (LENGTH_MEASURE( 1.000000000000000082E-05 ), #1145, 'distance_accuracy_value', 'NONE');
#806 = PRESENTATION_LAYER_ASSIGNMENT (  '', '', ( #8626 ) ) ;
#807 = DIRECTION ( 'NONE',  ( 0.8660254037844398178, -0.000000000000000000, 0.4999999999999980016 ) ) ;
#808 = FILL_AREA_STYLE_COLOUR ( '', #5120 ) ;
#809 = VECTOR ( 'NONE', #3830, 1000.000000000000000 ) ;
#810 = EDGE_LOOP ( 'NONE', ( #2254, #2272, #8821, #6739 ) ) ;
#811 = DIRECTION ( 'NONE',  ( -0.000000000000000000, -1.000000000000000000, -0.000000000000000000 ) ) ;
#812 = FILL_AREA_STYLE ('',( #7829 ) ) ;
#813 = DIRECTION ( 'NONE',  ( -0.000000000000000000, -1.000000000000000000, -0.000000000000000000 ) ) ;
#814 = CARTESIAN_POINT ( 'NONE',  ( 8.873259187283602726E-16, 7.000000000000000888, -7.195565981523416532 ) ) ;
#815 = SURFACE_STYLE_USAGE ( .BOTH. , #8610 ) ;
#816 = UNCERTAINTY_MEASURE_WITH_UNIT (LENGTH_MEASURE( 1.000000000000000082E-05 ), #5601, 'distance_accuracy_value', 'NONE');
#817 = EDGE_CURVE ( 'NONE', #1576, #5059, #2812, .T. ) ;
#818 = MECHANICAL_DESIGN_GEOMETRIC_PRESENTATION_REPRESENTATION (  '', ( #7679 ), #3163 ) ;
#819 = LINE ( 'NONE', #1208, #7167 ) ;
#820 = ORIENTED_EDGE ( 'NONE', *, *, #1237, .T. ) ;
#821 = AXIS2_PLACEMENT_3D ( 'NONE', #5540, #6269, #2005 ) ;
#822 = DIRECTION ( 'NONE',  ( 0.000000000000000000, 1.000000000000000000, 0.000000000000000000 ) ) ;
#823 = CARTESIAN_POINT ( 'NONE',  ( -2.561679381948791967, 6.950000000000000178, 3.836521063224087147 ) ) ;
#824 = DIRECTION ( 'NONE',  ( -0.000000000000000000, -1.000000000000000000, -0.000000000000000000 ) ) ;
#825 = DIRECTION ( 'NONE',  ( 0.000000000000000000, 0.000000000000000000, -1.000000000000000000 ) ) ;
#826 = SURFACE_STYLE_FILL_AREA ( #3161 ) ;
#827 = COLOUR_RGB ( '',0.2509803921568627416, 0.2509803921568627416, 0.2509803921568627416 ) ;
#828 = CYLINDRICAL_SURFACE ( 'NONE', #1881, 0.1000000000000002554 ) ;
#829 =( GEOMETRIC_REPRESENTATION_CONTEXT ( 3 ) GLOBAL_UNCERTAINTY_ASSIGNED_CONTEXT ( ( #5408 ) ) GLOBAL_UNIT_ASSIGNED_CONTEXT ( ( #8622, #5714, #6453 ) ) REPRESENTATION_CONTEXT ( 'NONE', 'WORKASPACE' ) );
#830 = SURFACE_STYLE_USAGE ( .BOTH. , #869 ) ;
#831 = SURFACE_STYLE_USAGE ( .BOTH. , #804 ) ;
#832 = ORIENTED_EDGE ( 'NONE', *, *, #7707, .T. ) ;
#833 = AXIS2_PLACEMENT_3D ( 'NONE', #5110, #7919, #845 ) ;
#834 = DIRECTION ( 'NONE',  ( -0.000000000000000000, -0.000000000000000000, -1.000000000000000000 ) ) ;
#835 = CARTESIAN_POINT ( 'NONE',  ( -7.141428428542850426, 0.000000000000000000, -0.2500000000000000000 ) ) ;
#836 = EDGE_CURVE ( 'NONE', #5959, #3795, #2597, .T. ) ;
#837 = CIRCLE ( 'NONE', #4436, 0.1599432929213547849 ) ;
#838 = CIRCLE ( 'NONE', #3208, 0.1476292399196607874 ) ;
#839 =( LENGTH_UNIT ( ) NAMED_UNIT ( * ) SI_UNIT ( .MILLI., .METRE. ) );
#840 = FILL_AREA_STYLE ('',( #3636 ) ) ;
#841 = AXIS2_PLACEMENT_3D ( 'NONE', #6075, #6203, #5474 ) ;
#842 = COLOUR_RGB ( '',0.2509803921568627416, 0.2509803921568627416, 0.2509803921568627416 ) ;
#843 = CARTESIAN_POINT ( 'NONE',  ( -6.106542934606381756, 0.000000000000000000, 3.814289341707823855 ) ) ;
#844 = VERTEX_POINT ( 'NONE', #4991 ) ;
#845 = DIRECTION ( 'NONE',  ( 0.000000000000000000, 0.000000000000000000, 1.000000000000000000 ) ) ;
#846 =( NAMED_UNIT ( * ) SI_UNIT ( $, .STERADIAN. ) SOLID_ANGLE_UNIT ( ) );
#847 = EDGE_LOOP ( 'NONE', ( #5569, #1617, #6089, #5564 ) ) ;
#848 = ORIENTED_EDGE ( 'NONE', *, *, #7387, .F. ) ;
#849 = STYLED_ITEM ( 'NONE', ( #9155 ), #6061 ) ;
#850 = EDGE_LOOP ( 'NONE', ( #526, #456, #171, #4483 ) ) ;
#851 = EDGE_CURVE ( 'NONE', #3854, #3658, #5929, .T. ) ;
#852 = VECTOR ( 'NONE', #4390, 1000.000000000000000 ) ;
#853 = ORIENTED_EDGE ( 'NONE', *, *, #3587, .T. ) ;
#854 = FILL_AREA_STYLE_COLOUR ( '', #5330 ) ;
#855 = SURFACE_STYLE_FILL_AREA ( #2249 ) ;
#856 = VERTEX_POINT ( 'NONE', #1587 ) ;
#857 = PRESENTATION_LAYER_ASSIGNMENT (  '', '', ( #5890 ) ) ;
#858 = CARTESIAN_POINT ( 'NONE',  ( -5.477714872388455447, 7.000000000000000888, 3.417697553309438252 ) ) ;
#859 = ORIENTED_EDGE ( 'NONE', *, *, #5357, .F. ) ;
#860 = LINE ( 'NONE', #2786, #3029 ) ;
#861 = VECTOR ( 'NONE', #825, 1000.000000000000000 ) ;
#862 = EDGE_LOOP ( 'NONE', ( #8088, #64, #303, #8874 ) ) ;
#863 = MECHANICAL_DESIGN_GEOMETRIC_PRESENTATION_REPRESENTATION (  '', ( #5427 ), #1341 ) ;
#864 = EDGE_CURVE ( 'NONE', #8133, #6993, #9101, .T. ) ;
#865 = AXIS2_PLACEMENT_3D ( 'NONE', #3129, #6796, #8204 ) ;
#866 = DIRECTION ( 'NONE',  ( 0.000000000000000000, 0.000000000000000000, 1.000000000000000000 ) ) ;
#867 = ORIENTED_EDGE ( 'NONE', *, *, #6438, .T. ) ;
#868 = ORIENTED_EDGE ( 'NONE', *, *, #1187, .F. ) ;
#869 = SURFACE_SIDE_STYLE ('',( #5209 ) ) ;
#870 = ORIENTED_EDGE ( 'NONE', *, *, #5908, .T. ) ;
#871 = VECTOR ( 'NONE', #7092, 1000.000000000000000 ) ;
#872 = ORIENTED_EDGE ( 'NONE', *, *, #2415, .F. ) ;
#873 = UNCERTAINTY_MEASURE_WITH_UNIT (LENGTH_MEASURE( 1.000000000000000082E-05 ), #3295, 'distance_accuracy_value', 'NONE');
#874 = FILL_AREA_STYLE_COLOUR ( '', #7828 ) ;
#875 = VERTEX_POINT ( 'NONE', #1554 ) ;
#876 = CARTESIAN_POINT ( 'NONE',  ( 0.000000000000000000, 4.400000000000000355, -7.049999999999999822 ) ) ;
#877 = VERTEX_POINT ( 'NONE', #814 ) ;
#878 = DIRECTION ( 'NONE',  ( 0.000000000000000000, 0.000000000000000000, 1.000000000000000000 ) ) ;
#879 = EDGE_CURVE ( 'NONE', #8734, #1120, #52, .T. ) ;
#880 = STYLED_ITEM ( 'NONE', ( #3745 ), #8102 ) ;
#881 = VERTEX_POINT ( 'NONE', #251 ) ;
#882 = FACE_OUTER_BOUND ( 'NONE', #894, .T. ) ;
#883 = MECHANICAL_DESIGN_GEOMETRIC_PRESENTATION_REPRESENTATION (  '', ( #9187 ), #6110 ) ;
#884 = DIRECTION ( 'NONE',  ( -0.000000000000000000, -1.000000000000000000, -0.000000000000000000 ) ) ;
#885 = CARTESIAN_POINT ( 'NONE',  ( -3.467879180194027633, 0.000000000000000000, 6.306542934606394368 ) ) ;
#886 = SURFACE_STYLE_FILL_AREA ( #6508 ) ;
#887 = DIRECTION ( 'NONE',  ( -0.000000000000000000, -1.000000000000000000, -0.000000000000000000 ) ) ;
#888 = UNCERTAINTY_MEASURE_WITH_UNIT (LENGTH_MEASURE( 1.000000000000000082E-05 ), #695, 'distance_accuracy_value', 'NONE');
#889 = SURFACE_SIDE_STYLE ('',( #6951 ) ) ;
#890 = SURFACE_SIDE_STYLE ('',( #6679 ) ) ;
#891 = PLANE ( 'NONE',  #8120 ) ;
#892 = PRESENTATION_STYLE_ASSIGNMENT (( #5915 ) ) ;
#893 =( GEOMETRIC_REPRESENTATION_CONTEXT ( 3 ) GLOBAL_UNCERTAINTY_ASSIGNED_CONTEXT ( ( #3760 ) ) GLOBAL_UNIT_ASSIGNED_CONTEXT ( ( #4906, #4810, #5548 ) ) REPRESENTATION_CONTEXT ( 'NONE', 'WORKASPACE' ) );
#894 = EDGE_LOOP ( 'NONE', ( #6589, #5943, #3122, #5727 ) ) ;
#895 =( GEOMETRIC_REPRESENTATION_CONTEXT ( 3 ) GLOBAL_UNCERTAINTY_ASSIGNED_CONTEXT ( ( #5641 ) ) GLOBAL_UNIT_ASSIGNED_CONTEXT ( ( #7253, #7976, #6593 ) ) REPRESENTATION_CONTEXT ( 'NONE', 'WORKASPACE' ) );
#896 = EDGE_CURVE ( 'NONE', #5396, #8518, #5155, .T. ) ;
#897 = VERTEX_POINT ( 'NONE', #3033 ) ;
#898 = VECTOR ( 'NONE', #8593, 1000.000000000000000 ) ;
#899 = FILL_AREA_STYLE_COLOUR ( '', #3950 ) ;
#900 = PRESENTATION_STYLE_ASSIGNMENT (( #8608 ) ) ;
#901 =( NAMED_UNIT ( * ) SI_UNIT ( $, .STERADIAN. ) SOLID_ANGLE_UNIT ( ) );
#902 =( LENGTH_UNIT ( ) NAMED_UNIT ( * ) SI_UNIT ( .MILLI., .METRE. ) );
#903 = CIRCLE ( 'NONE', #8325, 0.1000000000000002554 ) ;
#904 = DIRECTION ( 'NONE',  ( 0.000000000000000000, 0.000000000000000000, 1.000000000000000000 ) ) ;
#905 = EDGE_LOOP ( 'NONE', ( #6120, #5189, #5062, #2848 ) ) ;
#906 = VECTOR ( 'NONE', #3579, 1000.000000000000114 ) ;
#907 =( LENGTH_UNIT ( ) NAMED_UNIT ( * ) SI_UNIT ( .MILLI., .METRE. ) );
#908 = ADVANCED_FACE ( 'NONE', ( #3697 ), #7182, .T. ) ;
#909 = LINE ( 'NONE', #5296, #8719 ) ;
#910 = FACE_OUTER_BOUND ( 'NONE', #534, .T. ) ;
#911 = DIRECTION ( 'NONE',  ( 0.000000000000000000, 0.000000000000000000, 1.000000000000000000 ) ) ;
#912 = CARTESIAN_POINT ( 'NONE',  ( -2.426448254617682210, 7.000000000000000888, -4.310987324483573246 ) ) ;
#913 = CIRCLE ( 'NONE', #4113, 0.09999999999999999167 ) ;
#914 = VERTEX_POINT ( 'NONE', #8884 ) ;
#915 =( GEOMETRIC_REPRESENTATION_CONTEXT ( 3 ) GLOBAL_UNCERTAINTY_ASSIGNED_CONTEXT ( ( #6974 ) ) GLOBAL_UNIT_ASSIGNED_CONTEXT ( ( #9219, #9192, #4899 ) ) REPRESENTATION_CONTEXT ( 'NONE', 'WORKASPACE' ) );
#916 = CIRCLE ( 'NONE', #949, 7.049999999999999822 ) ;
#917 = AXIS2_PLACEMENT_3D ( 'NONE', #6549, #6694, #4467 ) ;
#918 = DIRECTION ( 'NONE',  ( -0.000000000000000000, -1.000000000000000000, -0.000000000000000000 ) ) ;
#919 = CARTESIAN_POINT ( 'NONE',  ( 0.000000000000000000, 0.000000000000000000, 0.000000000000000000 ) ) ;
#920 = MECHANICAL_DESIGN_GEOMETRIC_PRESENTATION_REPRESENTATION (  '', ( #5057 ), #6025 ) ;
#921 = TOROIDAL_SURFACE ( 'NONE', #5687, 7.195565981523416532, 0.1000000000000000056 ) ;
#922 = CARTESIAN_POINT ( 'NONE',  ( 6.009658438426486171, 4.400000000000000355, 3.873823105595984639 ) ) ;
#923 = ORIENTED_EDGE ( 'NONE', *, *, #8145, .T. ) ;
#924 = UNCERTAINTY_MEASURE_WITH_UNIT (LENGTH_MEASURE( 1.000000000000000082E-05 ), #588, 'distance_accuracy_value', 'NONE');
#925 = LINE ( 'NONE', #7590, #4604 ) ;
#926 = FILL_AREA_STYLE_COLOUR ( '', #3430 ) ;
#927 = COLOUR_RGB ( '',0.9098039215686274384, 0.4431372549019607643, 0.03137254901960784270 ) ;
#928 = CARTESIAN_POINT ( 'NONE',  ( -3.267605322946856461, 4.400000000000000355, 6.359658438426497362 ) ) ;
#929 = ORIENTED_EDGE ( 'NONE', *, *, #980, .T. ) ;
#930 = EDGE_CURVE ( 'NONE', #5399, #9215, #5266, .T. ) ;
#931 =( GEOMETRIC_REPRESENTATION_CONTEXT ( 3 ) GLOBAL_UNCERTAINTY_ASSIGNED_CONTEXT ( ( #4047 ) ) GLOBAL_UNIT_ASSIGNED_CONTEXT ( ( #1365, #6543, #3628 ) ) REPRESENTATION_CONTEXT ( 'NONE', 'WORKASPACE' ) );
#932 = FILL_AREA_STYLE_COLOUR ( '', #8963 ) ;
#933 = AXIS2_PLACEMENT_3D ( 'NONE', #9022, #8926, #6026 ) ;
#934 = UNCERTAINTY_MEASURE_WITH_UNIT (LENGTH_MEASURE( 1.000000000000000082E-05 ), #8732, 'distance_accuracy_value', 'NONE');
#935 = SURFACE_SIDE_STYLE ('',( #1022 ) ) ;
#936 = CARTESIAN_POINT ( 'NONE',  ( 0.000000000000000000, -2.049999999999999822, 0.000000000000000000 ) ) ;
#937 = EDGE_CURVE ( 'NONE', #877, #1846, #3354, .T. ) ;
#938 = CARTESIAN_POINT ( 'NONE',  ( -6.243145474984824972, 0.000000000000000000, -3.777686801329381172 ) ) ;
#939 = ORIENTED_EDGE ( 'NONE', *, *, #5985, .T. ) ;
#940 =( NAMED_UNIT ( * ) SI_UNIT ( $, .STERADIAN. ) SOLID_ANGLE_UNIT ( ) );
#941 = SURFACE_SIDE_STYLE ('',( #332 ) ) ;
#942 =( NAMED_UNIT ( * ) SI_UNIT ( $, .STERADIAN. ) SOLID_ANGLE_UNIT ( ) );
#943 =( NAMED_UNIT ( * ) SI_UNIT ( $, .STERADIAN. ) SOLID_ANGLE_UNIT ( ) );
#944 = PRESENTATION_STYLE_ASSIGNMENT (( #494 ) ) ;
#945 = EDGE_CURVE ( 'NONE', #6472, #6533, #7075, .T. ) ;
#946 = DIRECTION ( 'NONE',  ( -0.000000000000000000, -1.000000000000000000, -0.000000000000000000 ) ) ;
#947 = PRESENTATION_LAYER_ASSIGNMENT (  '', '', ( #3110 ) ) ;
#948 = DIRECTION ( 'NONE',  ( 0.000000000000000000, 0.000000000000000000, -1.000000000000000000 ) ) ;
#949 = AXIS2_PLACEMENT_3D ( 'NONE', #2080, #7727, #3424 ) ;
#950 = ORIENTED_EDGE ( 'NONE', *, *, #2481, .T. ) ;
#951 = FACE_OUTER_BOUND ( 'NONE', #3337, .T. ) ;
#952 = CARTESIAN_POINT ( 'NONE',  ( -3.595821286270651118, 7.000000000000000888, -2.587794026416313731 ) ) ;
#953 =( NAMED_UNIT ( * ) SI_UNIT ( $, .STERADIAN. ) SOLID_ANGLE_UNIT ( ) );
#954 = ADVANCED_FACE ( 'NONE', ( #1721 ), #6034, .T. ) ;
#955 = FACE_OUTER_BOUND ( 'NONE', #7770, .T. ) ;
#956 = VERTEX_POINT ( 'NONE', #342 ) ;
#957 = ORIENTED_EDGE ( 'NONE', *, *, #6064, .F. ) ;
#958 =( LENGTH_UNIT ( ) NAMED_UNIT ( * ) SI_UNIT ( .MILLI., .METRE. ) );
#959 = LINE ( 'NONE', #3835, #5386 ) ;
#960 = VECTOR ( 'NONE', #4256, 1000.000000000000000 ) ;
#961 = MECHANICAL_DESIGN_GEOMETRIC_PRESENTATION_REPRESENTATION (  '', ( #7942 ), #1256 ) ;
#962 = FILL_AREA_STYLE ('',( #5037 ) ) ;
#963 = PRESENTATION_STYLE_ASSIGNMENT (( #7766 ) ) ;
#964 = EDGE_CURVE ( 'NONE', #1731, #1363, #1916, .T. ) ;
#965 = ORIENTED_EDGE ( 'NONE', *, *, #197, .T. ) ;
#966 = DIRECTION ( 'NONE',  ( -0.000000000000000000, -1.000000000000000000, -0.000000000000000000 ) ) ;
#967 = PRESENTATION_STYLE_ASSIGNMENT (( #2937 ) ) ;
#968 = FACE_OUTER_BOUND ( 'NONE', #7105, .T. ) ;
#969 = DIRECTION ( 'NONE',  ( 0.000000000000000000, 0.000000000000000000, 1.000000000000000000 ) ) ;
#970 = EDGE_CURVE ( 'NONE', #856, #689, #143, .T. ) ;
#971 = CARTESIAN_POINT ( 'NONE',  ( 6.243145474984824972, 0.000000000000000000, 3.777686801329380728 ) ) ;
#972 = ORIENTED_EDGE ( 'NONE', *, *, #5976, .F. ) ;
#973 = CARTESIAN_POINT ( 'NONE',  ( 1.585573439717987920, 6.950000000000000178, -3.375547973270170310 ) ) ;
#974 = DIRECTION ( 'NONE',  ( 0.000000000000000000, 0.000000000000000000, 1.000000000000000000 ) ) ;
#975 = CARTESIAN_POINT ( 'NONE',  ( 0.000000000000000000, 6.750000000000000888, 7.195565981523416532 ) ) ;
#976 = PRESENTATION_STYLE_ASSIGNMENT (( #1654 ) ) ;
#977 = CARTESIAN_POINT ( 'NONE',  ( 3.714557525616446032, 6.950000000000000178, -3.916962665652260256 ) ) ;
#978 = ADVANCED_FACE ( 'NONE', ( #5780 ), #3551, .F. ) ;
#979 = PRESENTATION_LAYER_ASSIGNMENT (  '', '', ( #8507 ) ) ;
#980 = EDGE_CURVE ( 'NONE', #7539, #8352, #3452, .T. ) ;
#981 = SURFACE_SIDE_STYLE ('',( #2962 ) ) ;
#982 = ORIENTED_EDGE ( 'NONE', *, *, #1495, .T. ) ;
#983 = LINE ( 'NONE', #3841, #4654 ) ;
#984 = DIRECTION ( 'NONE',  ( 0.5000000000000009992, -0.000000000000000000, -0.8660254037844380415 ) ) ;
#985 = ORIENTED_EDGE ( 'NONE', *, *, #6165, .F. ) ;
#986 = DIRECTION ( 'NONE',  ( 0.000000000000000000, 0.000000000000000000, 1.000000000000000000 ) ) ;
#987 = FILL_AREA_STYLE ('',( #996 ) ) ;
#988 = ORIENTED_EDGE ( 'NONE', *, *, #6526, .T. ) ;
#989 = VERTEX_POINT ( 'NONE', #7501 ) ;
#990 = PRESENTATION_LAYER_ASSIGNMENT (  '', '', ( #454 ) ) ;
#991 = UNCERTAINTY_MEASURE_WITH_UNIT (LENGTH_MEASURE( 1.000000000000000082E-05 ), #6515, 'distance_accuracy_value', 'NONE');
#992 = CARTESIAN_POINT ( 'NONE',  ( -6.629903845456583511, 6.750000000000000888, 2.000000000000000444 ) ) ;
#993 = LINE ( 'NONE', #1202, #1757 ) ;
#994 = EDGE_LOOP ( 'NONE', ( #1530, #4015, #7826, #5843 ) ) ;
#995 = CYLINDRICAL_SURFACE ( 'NONE', #743, 0.1352311273310532469 ) ;
#996 = FILL_AREA_STYLE_COLOUR ( '', #9126 ) ;
#997 =( NAMED_UNIT ( * ) SI_UNIT ( $, .STERADIAN. ) SOLID_ANGLE_UNIT ( ) );
#998 =( NAMED_UNIT ( * ) SI_UNIT ( $, .STERADIAN. ) SOLID_ANGLE_UNIT ( ) );
#999 = ADVANCED_FACE ( 'NONE', ( #1694 ), #4716, .F. ) ;
#1000 = ORIENTED_EDGE ( 'NONE', *, *, #851, .F. ) ;
#1001 = CARTESIAN_POINT ( 'NONE',  ( 2.434764514642112854, 7.000000000000000888, -3.375547973270169866 ) ) ;
#1002 = AXIS2_PLACEMENT_3D ( 'NONE', #5675, #7832, #8470 ) ;
#1003 = CARTESIAN_POINT ( 'NONE',  ( -6.009658438426487059, 0.000000000000000000, -3.873823105595984639 ) ) ;
#1004 = SURFACE_STYLE_FILL_AREA ( #3753 ) ;
#1005 = CARTESIAN_POINT ( 'NONE',  ( -0.2974641686419178255, 6.950000000000000178, -2.784806355831972002 ) ) ;
#1006 = LINE ( 'NONE', #179, #8923 ) ;
#1007 = CARTESIAN_POINT ( 'NONE',  ( -2.291217127286572897, 7.000000000000000888, -4.310987324483573246 ) ) ;
#1008 = PRESENTATION_STYLE_ASSIGNMENT (( #8072 ) ) ;
#1009 =( LENGTH_UNIT ( ) NAMED_UNIT ( * ) SI_UNIT ( .MILLI., .METRE. ) );
#1010 = CARTESIAN_POINT ( 'NONE',  ( 3.306276639815583618, 0.000000000000000000, -6.226639124038727324 ) ) ;
#1011 =( LENGTH_UNIT ( ) NAMED_UNIT ( * ) SI_UNIT ( .MILLI., .METRE. ) );
#1012 = FILL_AREA_STYLE ('',( #7479 ) ) ;
#1013 = CARTESIAN_POINT ( 'NONE',  ( 0.7363823647938629868, 6.950000000000000178, -3.375547973270170310 ) ) ;
#1014 =( NAMED_UNIT ( * ) SI_UNIT ( $, .STERADIAN. ) SOLID_ANGLE_UNIT ( ) );
#1015 = PRESENTATION_STYLE_ASSIGNMENT (( #6240 ) ) ;
#1016 = PRESENTATION_LAYER_ASSIGNMENT (  '', '', ( #2484 ) ) ;
#1017 = EDGE_CURVE ( 'NONE', #3213, #7527, #5887, .T. ) ;
#1018 = SURFACE_STYLE_FILL_AREA ( #5441 ) ;
#1019 = VERTEX_POINT ( 'NONE', #4029 ) ;
#1020 = CARTESIAN_POINT ( 'NONE',  ( 6.306542934606381934, 0.000000000000000000, 3.467879180194048505 ) ) ;
#1021 =( LENGTH_UNIT ( ) NAMED_UNIT ( * ) SI_UNIT ( .MILLI., .METRE. ) );
#1022 = SURFACE_STYLE_FILL_AREA ( #5801 ) ;
#1023 =( NAMED_UNIT ( * ) SI_UNIT ( $, .STERADIAN. ) SOLID_ANGLE_UNIT ( ) );
#1024 = FILL_AREA_STYLE ('',( #8520 ) ) ;
#1025 = CARTESIAN_POINT ( 'NONE',  ( 5.648895599688002811, 6.950000000000000178, -3.215583695664836039 ) ) ;
#1026 = PRESENTATION_LAYER_ASSIGNMENT (  '', '', ( #2780 ) ) ;
#1027 = FACE_OUTER_BOUND ( 'NONE', #5015, .T. ) ;
#1028 = ORIENTED_EDGE ( 'NONE', *, *, #4682, .F. ) ;
#1029 = DIRECTION ( 'NONE',  ( 0.000000000000000000, 0.000000000000000000, 1.000000000000000000 ) ) ;
#1030 = CARTESIAN_POINT ( 'NONE',  ( -7.295565981523415289, 0.000000000000000000, 0.1499999999999999667 ) ) ;
#1031 = CARTESIAN_POINT ( 'NONE',  ( -6.629903845456583511, 4.400000000000001243, 2.000000000000000000 ) ) ;
#1032 = EDGE_CURVE ( 'NONE', #4859, #1445, #8514, .T. ) ;
#1033 = COLOUR_RGB ( '',0.2509803921568627416, 0.2509803921568627416, 0.2509803921568627416 ) ;
#1034 = CARTESIAN_POINT ( 'NONE',  ( 4.723888281928616983, 6.950000000000000178, -2.587794026416315507 ) ) ;
#1035 = ORIENTED_EDGE ( 'NONE', *, *, #1398, .T. ) ;
#1036 = AXIS2_PLACEMENT_3D ( 'NONE', #8323, #3945, #8292 ) ;
#1037 = FACE_OUTER_BOUND ( 'NONE', #5401, .T. ) ;
#1038 = PRESENTATION_LAYER_ASSIGNMENT (  '', '', ( #3512 ) ) ;
#1039 = PRESENTATION_STYLE_ASSIGNMENT (( #5455 ) ) ;
#1040 = STYLED_ITEM ( 'NONE', ( #8187 ), #249 ) ;
#1041 = ADVANCED_FACE ( 'NONE', ( #585 ), #7690, .F. ) ;
#1042 = VERTEX_POINT ( 'NONE', #8248 ) ;
#1043 = LINE ( 'NONE', #8708, #7735 ) ;
#1044 = FILL_AREA_STYLE ('',( #6006 ) ) ;
#1045 = DIRECTION ( 'NONE',  ( 0.000000000000000000, 0.000000000000000000, 1.000000000000000000 ) ) ;
#1046 = EDGE_CURVE ( 'NONE', #3757, #7431, #4440, .T. ) ;
#1047 = AXIS2_PLACEMENT_3D ( 'NONE', #4383, #2309, #5091 ) ;
#1048 = MECHANICAL_DESIGN_GEOMETRIC_PRESENTATION_REPRESENTATION (  '', ( #4831 ), #2471 ) ;
#1049 = PRESENTATION_LAYER_ASSIGNMENT (  '', '', ( #6813 ) ) ;
#1050 = PRESENTATION_STYLE_ASSIGNMENT (( #36 ) ) ;
#1051 = FILL_AREA_STYLE ('',( #5905 ) ) ;
#1052 = PRESENTATION_STYLE_ASSIGNMENT (( #1524 ) ) ;
#1053 = VERTEX_POINT ( 'NONE', #2567 ) ;
#1054 = PRESENTATION_STYLE_ASSIGNMENT (( #7626 ) ) ;
#1055 =( NAMED_UNIT ( * ) SI_UNIT ( $, .STERADIAN. ) SOLID_ANGLE_UNIT ( ) );
#1056 = PRESENTATION_STYLE_ASSIGNMENT (( #5580 ) ) ;
#1057 = LINE ( 'NONE', #2827, #736 ) ;
#1058 = DIRECTION ( 'NONE',  ( 0.000000000000000000, 1.000000000000000000, 0.000000000000000000 ) ) ;
#1059 = PRESENTATION_STYLE_ASSIGNMENT (( #5437 ) ) ;
#1060 = DIRECTION ( 'NONE',  ( -0.4999999999999976130, 0.000000000000000000, -0.8660254037844400399 ) ) ;
#1061 = PRESENTATION_LAYER_ASSIGNMENT (  '', '', ( #3585 ) ) ;
#1062 = EDGE_LOOP ( 'NONE', ( #1082, #7213, #1966, #2073 ) ) ;
#1063 = EDGE_CURVE ( 'NONE', #4596, #6861, #6106, .T. ) ;
#1064 = CARTESIAN_POINT ( 'NONE',  ( 0.000000000000000000, 4.400000000000000355, 0.000000000000000000 ) ) ;
#1065 = ORIENTED_EDGE ( 'NONE', *, *, #3197, .T. ) ;
#1066 = ORIENTED_EDGE ( 'NONE', *, *, #1989, .F. ) ;
#1067 = STYLED_ITEM ( 'NONE', ( #8306 ), #438 ) ;
#1068 = DIRECTION ( 'NONE',  ( 0.000000000000000000, 1.000000000000000000, 0.000000000000000000 ) ) ;
#1069 = EDGE_LOOP ( 'NONE', ( #2835, #6332, #2063, #4532 ) ) ;
#1070 = VECTOR ( 'NONE', #5702, 1000.000000000000000 ) ;
#1071 = VECTOR ( 'NONE', #4036, 1000.000000000000000 ) ;
#1072 = ORIENTED_EDGE ( 'NONE', *, *, #7707, .F. ) ;
#1073 = ORIENTED_EDGE ( 'NONE', *, *, #70, .F. ) ;
#1074 = STYLED_ITEM ( 'NONE', ( #2673 ), #5444 ) ;
#1075 = VERTEX_POINT ( 'NONE', #6767 ) ;
#1076 = COLOUR_RGB ( '',1.000000000000000000, 1.000000000000000000, 1.000000000000000000 ) ;
#1077 = ORIENTED_EDGE ( 'NONE', *, *, #7268, .F. ) ;
#1078 = EDGE_CURVE ( 'NONE', #8548, #1438, #8486, .T. ) ;
#1079 = CIRCLE ( 'NONE', #4020, 0.1000000000000002554 ) ;
#1080 = ORIENTED_EDGE ( 'NONE', *, *, #4986, .F. ) ;
#1081 = DIRECTION ( 'NONE',  ( 0.000000000000000000, 1.000000000000000000, 0.000000000000000000 ) ) ;
#1082 = ORIENTED_EDGE ( 'NONE', *, *, #66, .F. ) ;
#1083 = CARTESIAN_POINT ( 'NONE',  ( 0.000000000000000000, -1.549999999999999822, 0.000000000000000000 ) ) ;
#1084 = VERTEX_POINT ( 'NONE', #1883 ) ;
#1085 = PRESENTATION_STYLE_ASSIGNMENT (( #3085 ) ) ;
#1086 = LINE ( 'NONE', #4542, #2940 ) ;
#1087 = ORIENTED_EDGE ( 'NONE', *, *, #2551, .F. ) ;
#1088 = AXIS2_PLACEMENT_3D ( 'NONE', #6344, #4098, #8402 ) ;
#1089 = CIRCLE ( 'NONE', #6462, 0.1000000000000002554 ) ;
#1090 = AXIS2_PLACEMENT_3D ( 'NONE', #4575, #6766, #2414 ) ;
#1091 = CARTESIAN_POINT ( 'NONE',  ( 4.286263797015736595E-17, -28.50000000000000000, -5.114999999999998437 ) ) ;
#1092 = ORIENTED_EDGE ( 'NONE', *, *, #5407, .F. ) ;
#1093 = ADVANCED_FACE ( 'NONE', ( #3638 ), #425, .T. ) ;
#1094 = ORIENTED_EDGE ( 'NONE', *, *, #3309, .F. ) ;
#1095 = DIRECTION ( 'NONE',  ( 0.000000000000000000, 0.000000000000000000, -1.000000000000000000 ) ) ;
#1096 = ORIENTED_EDGE ( 'NONE', *, *, #3904, .T. ) ;
#1097 = LINE ( 'NONE', #6429, #5844 ) ;
#1098 = UNCERTAINTY_MEASURE_WITH_UNIT (LENGTH_MEASURE( 1.000000000000000082E-05 ), #9142, 'distance_accuracy_value', 'NONE');
#1099 = AXIS2_PLACEMENT_3D ( 'NONE', #2110, #7090, #2794 ) ;
#1100 = DIRECTION ( 'NONE',  ( -0.000000000000000000, -1.000000000000000000, -0.000000000000000000 ) ) ;
#1101 = CIRCLE ( 'NONE', #7740, 0.1000000000000002554 ) ;
#1102 = DIRECTION ( 'NONE',  ( 0.000000000000000000, 0.000000000000000000, 1.000000000000000000 ) ) ;
#1104 = COLOUR_RGB ( '',0.2509803921568627416, 0.2509803921568627416, 0.2509803921568627416 ) ;
#1103 =( GEOMETRIC_REPRESENTATION_CONTEXT ( 3 ) GLOBAL_UNCERTAINTY_ASSIGNED_CONTEXT ( ( #8928 ) ) GLOBAL_UNIT_ASSIGNED_CONTEXT ( ( #6609, #6476, #2220 ) ) REPRESENTATION_CONTEXT ( 'NONE', 'WORKASPACE' ) );
#1105 = CYLINDRICAL_SURFACE ( 'NONE', #738, 0.8613095337795619866 ) ;
#1106 = MECHANICAL_DESIGN_GEOMETRIC_PRESENTATION_REPRESENTATION (  '', ( #578 ), #6943 ) ;
#1107 = PLANE ( 'NONE',  #4827 ) ;
#1108 = LINE ( 'NONE', #6799, #3634 ) ;
#1109 = ORIENTED_EDGE ( 'NONE', *, *, #6334, .T. ) ;
#1110 = EDGE_CURVE ( 'NONE', #547, #9203, #4416, .T. ) ;
#1111 = DIRECTION ( 'NONE',  ( -0.000000000000000000, -0.000000000000000000, -1.000000000000000000 ) ) ;
#1112 = ORIENTED_EDGE ( 'NONE', *, *, #8511, .F. ) ;
#1113 = VECTOR ( 'NONE', #8222, 1000.000000000000000 ) ;
#1114 = PLANE ( 'NONE',  #8747 ) ;
#1115 = EDGE_CURVE ( 'NONE', #6533, #4343, #747, .T. ) ;
#1116 = MECHANICAL_DESIGN_GEOMETRIC_PRESENTATION_REPRESENTATION (  '', ( #465 ), #160 ) ;
#1117 = PRESENTATION_LAYER_ASSIGNMENT (  '', '', ( #3649 ) ) ;
#1118 = ADVANCED_FACE ( 'NONE', ( #7959 ), #7534, .F. ) ;
#1119 = SURFACE_SIDE_STYLE ('',( #484 ) ) ;
#1120 = VERTEX_POINT ( 'NONE', #555 ) ;
#1121 = CYLINDRICAL_SURFACE ( 'NONE', #2889, 0.09999999999999982514 ) ;
#1122 = DIRECTION ( 'NONE',  ( 0.000000000000000000, 1.000000000000000000, 0.000000000000000000 ) ) ;
#1123 = VECTOR ( 'NONE', #6178, 1000.000000000000000 ) ;
#1124 = SURFACE_STYLE_USAGE ( .BOTH. , #6189 ) ;
#1125 =( LENGTH_UNIT ( ) NAMED_UNIT ( * ) SI_UNIT ( .MILLI., .METRE. ) );
#1126 = DIRECTION ( 'NONE',  ( -0.000000000000000000, -1.000000000000000000, -0.000000000000000000 ) ) ;
#1127 = EDGE_LOOP ( 'NONE', ( #7646, #4132, #644, #5830 ) ) ;
#1128 = ADVANCED_FACE ( 'NONE', ( #2383 ), #4724, .F. ) ;
#1129 =( GEOMETRIC_REPRESENTATION_CONTEXT ( 3 ) GLOBAL_UNCERTAINTY_ASSIGNED_CONTEXT ( ( #3173 ) ) GLOBAL_UNIT_ASSIGNED_CONTEXT ( ( #8400, #522, #1940 ) ) REPRESENTATION_CONTEXT ( 'NONE', 'WORKASPACE' ) );
#1130 = LINE ( 'NONE', #599, #6800 ) ;
#1131 = ORIENTED_EDGE ( 'NONE', *, *, #2905, .F. ) ;
#1132 = EDGE_CURVE ( 'NONE', #7153, #8413, #1165, .T. ) ;
#1133 = PLANE ( 'NONE',  #4993 ) ;
#1134 = VERTEX_POINT ( 'NONE', #2716 ) ;
#1135 = FILL_AREA_STYLE_COLOUR ( '', #3383 ) ;
#1136 = CIRCLE ( 'NONE', #9012, 0.09999999999999982514 ) ;
#1137 = SURFACE_SIDE_STYLE ('',( #2887 ) ) ;
#1138 = STYLED_ITEM ( 'NONE', ( #3633 ), #6154 ) ;
#1139 = PRESENTATION_STYLE_ASSIGNMENT (( #4655 ) ) ;
#1140 = DIRECTION ( 'NONE',  ( -0.000000000000000000, -1.000000000000000000, -0.000000000000000000 ) ) ;
#1141 = EDGE_CURVE ( 'NONE', #2042, #8115, #3134, .T. ) ;
#1142 = LINE ( 'NONE', #4782, #2032 ) ;
#1143 = ORIENTED_EDGE ( 'NONE', *, *, #2859, .T. ) ;
#1144 = CARTESIAN_POINT ( 'NONE',  ( -6.193145474984825150, 0.000000000000000000, -3.864289341707824121 ) ) ;
#1145 =( LENGTH_UNIT ( ) NAMED_UNIT ( * ) SI_UNIT ( .MILLI., .METRE. ) );
#1146 = EDGE_CURVE ( 'NONE', #2343, #8675, #2372, .T. ) ;
#1147 = ADVANCED_FACE ( 'NONE', ( #5039 ), #7656, .T. ) ;
#1148 =( NAMED_UNIT ( * ) PLANE_ANGLE_UNIT ( ) SI_UNIT ( $, .RADIAN. ) );
#1149 = CYLINDRICAL_SURFACE ( 'NONE', #4521, 0.8615891875900896224 ) ;
#1150 = AXIS2_PLACEMENT_3D ( 'NONE', #8188, #3884, #8265 ) ;
#1151 = DIRECTION ( 'NONE',  ( 0.000000000000000000, 0.000000000000000000, 1.000000000000000000 ) ) ;
#1152 = FILL_AREA_STYLE ('',( #422 ) ) ;
#1153 =( GEOMETRIC_REPRESENTATION_CONTEXT ( 3 ) GLOBAL_UNCERTAINTY_ASSIGNED_CONTEXT ( ( #3218 ) ) GLOBAL_UNIT_ASSIGNED_CONTEXT ( ( #742, #2748, #5170 ) ) REPRESENTATION_CONTEXT ( 'NONE', 'WORKASPACE' ) );
#1154 = CARTESIAN_POINT ( 'NONE',  ( 5.464635013455913182, 6.950000000000000178, -2.590140400704013857 ) ) ;
#1155 = UNCERTAINTY_MEASURE_WITH_UNIT (LENGTH_MEASURE( 1.000000000000000082E-05 ), #4636, 'distance_accuracy_value', 'NONE');
#1156 = PRESENTATION_STYLE_ASSIGNMENT (( #4445 ) ) ;
#1157 = DIRECTION ( 'NONE',  ( 0.000000000000000000, 1.000000000000000000, 0.000000000000000000 ) ) ;
#1158 = ORIENTED_EDGE ( 'NONE', *, *, #6757, .F. ) ;
#1159 = LINE ( 'NONE', #3348, #2376 ) ;
#1160 = PRESENTATION_LAYER_ASSIGNMENT (  '', '', ( #706 ) ) ;
#1161 = ADVANCED_FACE ( 'NONE', ( #6237 ), #5058, .T. ) ;
#1162 = ORIENTED_EDGE ( 'NONE', *, *, #4385, .F. ) ;
#1163 = VECTOR ( 'NONE', #7400, 1000.000000000000114 ) ;
#1164 = FILL_AREA_STYLE ('',( #1135 ) ) ;
#1165 = CIRCLE ( 'NONE', #3712, 0.09999999999999982514 ) ;
#1166 = STYLED_ITEM ( 'NONE', ( #4042 ), #3145 ) ;
#1167 = ORIENTED_EDGE ( 'NONE', *, *, #4091, .F. ) ;
#1168 = PLANE ( 'NONE',  #4324 ) ;
#1169 = SURFACE_STYLE_USAGE ( .BOTH. , #1766 ) ;
#1170 = ADVANCED_FACE ( 'NONE', ( #636 ), #1404, .T. ) ;
#1171 = CARTESIAN_POINT ( 'NONE',  ( 5.462990107813245899, 7.000000000000000888, -2.454843614278887198 ) ) ;
#1172 = VECTOR ( 'NONE', #449, 1000.000000000000000 ) ;
#1173 =( NAMED_UNIT ( * ) SI_UNIT ( $, .STERADIAN. ) SOLID_ANGLE_UNIT ( ) );
#1174 = SURFACE_STYLE_USAGE ( .BOTH. , #1849 ) ;
#1175 = CARTESIAN_POINT ( 'NONE',  ( 7.141428428542850426, 4.400000000000000355, -0.3499999999999999778 ) ) ;
#1176 = ORIENTED_EDGE ( 'NONE', *, *, #6170, .T. ) ;
#1177 = LINE ( 'NONE', #6493, #8555 ) ;
#1178 = SURFACE_SIDE_STYLE ('',( #2369 ) ) ;
#1179 = VECTOR ( 'NONE', #4677, 1000.000000000000000 ) ;
#1180 = EDGE_LOOP ( 'NONE', ( #2172, #6377, #8790, #6841 ) ) ;
#1181 = VERTEX_POINT ( 'NONE', #8745 ) ;
#1182 = PRESENTATION_STYLE_ASSIGNMENT (( #1420 ) ) ;
#1183 = SURFACE_SIDE_STYLE ('',( #461 ) ) ;
#1184 = STYLED_ITEM ( 'NONE', ( #2251 ), #4806 ) ;
#1185 = CARTESIAN_POINT ( 'NONE',  ( -7.295565981523415289, 0.000000000000000000, -0.1500000000000000222 ) ) ;
#1186 = CARTESIAN_POINT ( 'NONE',  ( -6.106542934606381756, 4.400000000000000355, -3.814289341707823855 ) ) ;
#1187 = EDGE_CURVE ( 'NONE', #5175, #8772, #6737, .T. ) ;
#1188 = FACE_OUTER_BOUND ( 'NONE', #5603, .T. ) ;
#1189 = DIRECTION ( 'NONE',  ( 0.000000000000000000, 1.000000000000000000, 0.000000000000000000 ) ) ;
#1190 = DIRECTION ( 'NONE',  ( 0.000000000000000000, 0.000000000000000000, 1.000000000000000000 ) ) ;
#1191 =( LENGTH_UNIT ( ) NAMED_UNIT ( * ) SI_UNIT ( .MILLI., .METRE. ) );
#1192 = ORIENTED_EDGE ( 'NONE', *, *, #1813, .F. ) ;
#1193 = EDGE_LOOP ( 'NONE', ( #8966, #4513 ) ) ;
#1194 = SURFACE_STYLE_FILL_AREA ( #8289 ) ;
#1195 = AXIS2_PLACEMENT_3D ( 'NONE', #3523, #824, #797 ) ;
#1196 = VECTOR ( 'NONE', #6235, 1000.000000000000000 ) ;
#1197 = ORIENTED_EDGE ( 'NONE', *, *, #2924, .F. ) ;
#1198 = STYLED_ITEM ( 'NONE', ( #8042 ), #5545 ) ;
#1199 = VERTEX_POINT ( 'NONE', #8725 ) ;
#1200 = UNCERTAINTY_MEASURE_WITH_UNIT (LENGTH_MEASURE( 1.000000000000000082E-05 ), #2800, 'distance_accuracy_value', 'NONE');
#1201 = ORIENTED_EDGE ( 'NONE', *, *, #1621, .F. ) ;
#1202 = CARTESIAN_POINT ( 'NONE',  ( 7.295565981523415289, 0.000000000000000000, -0.2500000000000000000 ) ) ;
#1203 = VECTOR ( 'NONE', #3701, 1000.000000000000000 ) ;
#1204 = LINE ( 'NONE', #8070, #3395 ) ;
#1205 = DIRECTION ( 'NONE',  ( 0.000000000000000000, 0.000000000000000000, 1.000000000000000000 ) ) ;
#1206 = MECHANICAL_DESIGN_GEOMETRIC_PRESENTATION_REPRESENTATION (  '', ( #2030 ), #253 ) ;
#1207 = ORIENTED_EDGE ( 'NONE', *, *, #1291, .T. ) ;
#1208 = CARTESIAN_POINT ( 'NONE',  ( -5.976639124038715778, 0.000000000000000000, 3.739289341707823677 ) ) ;
#1209 = CARTESIAN_POINT ( 'NONE',  ( 5.462990107813245899, 7.000000000000000888, -2.454843614278887198 ) ) ;
#1210 = SURFACE_STYLE_USAGE ( .BOTH. , #3379 ) ;
#1211 = PRODUCT_CONTEXT ( 'NONE', #2623, 'mechanical' ) ;
#1212 = PRESENTATION_LAYER_ASSIGNMENT (  '', '', ( #3079 ) ) ;
#1213 = CIRCLE ( 'NONE', #917, 0.8739032405144261384 ) ;
#1214 = STYLED_ITEM ( 'NONE', ( #6085 ), #6680 ) ;
#1215 = DIRECTION ( 'NONE',  ( 0.000000000000000000, 0.000000000000000000, 1.000000000000000000 ) ) ;
#1216 = UNCERTAINTY_MEASURE_WITH_UNIT (LENGTH_MEASURE( 1.000000000000000082E-05 ), #1021, 'distance_accuracy_value', 'NONE');
#1217 = CARTESIAN_POINT ( 'NONE',  ( 1.450342312386934784, 7.000000000000000888, -3.375547973270169866 ) ) ;
#1218 = ORIENTED_EDGE ( 'NONE', *, *, #3531, .T. ) ;
#1219 =( NAMED_UNIT ( * ) SI_UNIT ( $, .STERADIAN. ) SOLID_ANGLE_UNIT ( ) );
#1220 = ADVANCED_FACE ( 'NONE', ( #8097 ), #921, .T. ) ;
#1221 = DIRECTION ( 'NONE',  ( 0.000000000000000000, 0.000000000000000000, 1.000000000000000000 ) ) ;
#1222 =( NAMED_UNIT ( * ) SI_UNIT ( $, .STERADIAN. ) SOLID_ANGLE_UNIT ( ) );
#1223 = SURFACE_STYLE_USAGE ( .BOTH. , #1922 ) ;
#1224 = LINE ( 'NONE', #4185, #9260 ) ;
#1225 = FILL_AREA_STYLE ('',( #7704 ) ) ;
#1226 = VECTOR ( 'NONE', #2321, 1000.000000000000000 ) ;
#1227 = DIRECTION ( 'NONE',  ( 0.000000000000000000, 1.000000000000000000, 0.000000000000000000 ) ) ;
#1228 = EDGE_CURVE ( 'NONE', #1752, #4343, #8301, .T. ) ;
#1229 = MECHANICAL_DESIGN_GEOMETRIC_PRESENTATION_REPRESENTATION (  '', ( #8094 ), #93 ) ;
#1230 = AXIS2_PLACEMENT_3D ( 'NONE', #2541, #1857, #2045 ) ;
#1231 = ORIENTED_EDGE ( 'NONE', *, *, #8361, .T. ) ;
#1232 = DIRECTION ( 'NONE',  ( 0.000000000000000000, 1.000000000000000000, 0.000000000000000000 ) ) ;
#1233 = FACE_OUTER_BOUND ( 'NONE', #6637, .T. ) ;
#1234 = COLOUR_RGB ( '',0.2509803921568627416, 0.2509803921568627416, 0.2509803921568627416 ) ;
#1235 = DIRECTION ( 'NONE',  ( -0.000000000000000000, -1.000000000000000000, -0.000000000000000000 ) ) ;
#1236 = CARTESIAN_POINT ( 'NONE',  ( 6.156542934606380690, 0.000000000000000000, 3.827686801329380106 ) ) ;
#1237 = EDGE_CURVE ( 'NONE', #8904, #2745, #7598, .T. ) ;
#1238 = EDGE_LOOP ( 'NONE', ( #4429, #4426, #5362, #6987 ) ) ;
#1239 = DIRECTION ( 'NONE',  ( 0.000000000000000000, 1.000000000000000000, 0.000000000000000000 ) ) ;
#1240 = VECTOR ( 'NONE', #6631, 1000.000000000000000 ) ;
#1241 = MECHANICAL_DESIGN_GEOMETRIC_PRESENTATION_REPRESENTATION (  '', ( #4743 ), #8890 ) ;
#1242 = SURFACE_SIDE_STYLE ('',( #6815 ) ) ;
#1243 = SURFACE_SIDE_STYLE ('',( #1381 ) ) ;
#1244 = ORIENTED_EDGE ( 'NONE', *, *, #6777, .F. ) ;
#1245 = FILL_AREA_STYLE ('',( #7568 ) ) ;
#1246 = MECHANICAL_DESIGN_GEOMETRIC_PRESENTATION_REPRESENTATION (  '', ( #6666 ), #5217 ) ;
#1247 = CARTESIAN_POINT ( 'NONE',  ( 0.000000000000000000, 7.950000000000000178, 0.000000000000000000 ) ) ;
#1248 = ORIENTED_EDGE ( 'NONE', *, *, #7465, .F. ) ;
#1249 = FILL_AREA_STYLE_COLOUR ( '', #6798 ) ;
#1250 = CARTESIAN_POINT ( 'NONE',  ( -5.441621546977838619, 7.000000000000000888, 2.557144600353973729 ) ) ;
#1251 = DIRECTION ( 'NONE',  ( 0.000000000000000000, 0.000000000000000000, -1.000000000000000000 ) ) ;
#1252 =( LENGTH_UNIT ( ) NAMED_UNIT ( * ) SI_UNIT ( .MILLI., .METRE. ) );
#1253 = FILL_AREA_STYLE_COLOUR ( '', #683 ) ;
#1254 =( NAMED_UNIT ( * ) PLANE_ANGLE_UNIT ( ) SI_UNIT ( $, .RADIAN. ) );
#1255 = CARTESIAN_POINT ( 'NONE',  ( 4.428517473209517163, 7.000000000000000888, -3.916962665652260256 ) ) ;
#1256 =( GEOMETRIC_REPRESENTATION_CONTEXT ( 3 ) GLOBAL_UNCERTAINTY_ASSIGNED_CONTEXT ( ( #8866 ) ) GLOBAL_UNIT_ASSIGNED_CONTEXT ( ( #4681, #3244, #7555 ) ) REPRESENTATION_CONTEXT ( 'NONE', 'WORKASPACE' ) );
#1257 = CIRCLE ( 'NONE', #5583, 0.8491910751457537598 ) ;
#1258 = DIRECTION ( 'NONE',  ( 0.000000000000000000, 0.000000000000000000, 1.000000000000000000 ) ) ;
#1259 = ORIENTED_EDGE ( 'NONE', *, *, #70, .T. ) ;
#1260 = AXIS2_PLACEMENT_3D ( 'NONE', #8584, #4289, #2424 ) ;
#1261 = EDGE_CURVE ( 'NONE', #2492, #410, #7363, .T. ) ;
#1262 = PRESENTATION_LAYER_ASSIGNMENT (  '', '', ( #6199 ) ) ;
#1263 = COLOUR_RGB ( '',1.000000000000000000, 1.000000000000000000, 1.000000000000000000 ) ;
#1264 = EDGE_CURVE ( 'NONE', #7610, #8605, #8515, .T. ) ;
#1265 = ORIENTED_EDGE ( 'NONE', *, *, #5459, .F. ) ;
#1266 = UNCERTAINTY_MEASURE_WITH_UNIT (LENGTH_MEASURE( 1.000000000000000082E-05 ), #7729, 'distance_accuracy_value', 'NONE');
#1267 = FILL_AREA_STYLE ('',( #1971 ) ) ;
#1268 = ADVANCED_FACE ( 'NONE', ( #8055 ), #5321, .F. ) ;
#1269 = AXIS2_PLACEMENT_3D ( 'NONE', #7732, #4935, #6378 ) ;
#1270 =( NAMED_UNIT ( * ) SI_UNIT ( $, .STERADIAN. ) SOLID_ANGLE_UNIT ( ) );
#1271 = ADVANCED_FACE ( 'NONE', ( #8972 ), #1107, .F. ) ;
#1272 =( NAMED_UNIT ( * ) SI_UNIT ( $, .STERADIAN. ) SOLID_ANGLE_UNIT ( ) );
#1273 = DIRECTION ( 'NONE',  ( 0.000000000000000000, 1.000000000000000000, 0.000000000000000000 ) ) ;
#1274 = FILL_AREA_STYLE_COLOUR ( '', #108 ) ;
#1275 = ORIENTED_EDGE ( 'NONE', *, *, #3286, .F. ) ;
#1276 = CARTESIAN_POINT ( 'NONE',  ( -7.141428428542849538, 4.400000000000000355, 0.2499999999999999445 ) ) ;
#1277 = FACE_OUTER_BOUND ( 'NONE', #6752, .T. ) ;
#1278 = ORIENTED_EDGE ( 'NONE', *, *, #8426, .F. ) ;
#1279 = FILL_AREA_STYLE ('',( #7478 ) ) ;
#1280 = MECHANICAL_DESIGN_GEOMETRIC_PRESENTATION_REPRESENTATION (  '', ( #8626 ), #1755 ) ;
#1281 = CARTESIAN_POINT ( 'NONE',  ( -5.925607271455487712, 4.400000000000000355, 3.819643761461775977 ) ) ;
#1282 = SURFACE_SIDE_STYLE ('',( #2421 ) ) ;
#1283 = SURFACE_SIDE_STYLE ('',( #6408 ) ) ;
#1284 = CARTESIAN_POINT ( 'NONE',  ( -0.2974641686419178255, 7.000000000000000888, -2.784806355831972002 ) ) ;
#1285 = CIRCLE ( 'NONE', #2349, 7.049999999999999822 ) ;
#1286 = CARTESIAN_POINT ( 'NONE',  ( -5.441621546977838619, 6.950000000000000178, 2.557144600353973729 ) ) ;
#1287 = LINE ( 'NONE', #4136, #6503 ) ;
#1288 = ORIENTED_EDGE ( 'NONE', *, *, #5747, .F. ) ;
#1289 = VERTEX_POINT ( 'NONE', #3186 ) ;
#1290 = EDGE_LOOP ( 'NONE', ( #7536, #724, #6161, #2787 ) ) ;
#1291 = EDGE_CURVE ( 'NONE', #8878, #956, #5897, .T. ) ;
#1292 = AXIS2_PLACEMENT_3D ( 'NONE', #262, #5152, #7265 ) ;
#1293 = VECTOR ( 'NONE', #1627, 1000.000000000000000 ) ;
#1294 = MECHANICAL_DESIGN_GEOMETRIC_PRESENTATION_REPRESENTATION (  '', ( #3649 ), #6236 ) ;
#1295 = PLANE ( 'NONE',  #821 ) ;
#1296 = EDGE_LOOP ( 'NONE', ( #7894, #7889, #4463, #7193 ) ) ;
#1297 = ORIENTED_EDGE ( 'NONE', *, *, #2255, .T. ) ;
#1298 = SURFACE_STYLE_USAGE ( .BOTH. , #4152 ) ;
#1299 = DIRECTION ( 'NONE',  ( -0.8660254037844382635, 0.000000000000000000, 0.5000000000000006661 ) ) ;
#1300 = ORIENTED_EDGE ( 'NONE', *, *, #930, .T. ) ;
#1301 = DIRECTION ( 'NONE',  ( 1.734723475976810250E-14, 0.000000000000000000, 1.000000000000000000 ) ) ;
#1302 = CIRCLE ( 'NONE', #3258, 0.8491910749241250445 ) ;
#1303 = ORIENTED_EDGE ( 'NONE', *, *, #8778, .F. ) ;
#1304 = PRESENTATION_STYLE_ASSIGNMENT (( #7028 ) ) ;
#1305 = ORIENTED_EDGE ( 'NONE', *, *, #4984, .T. ) ;
#1306 =( NAMED_UNIT ( * ) PLANE_ANGLE_UNIT ( ) SI_UNIT ( $, .RADIAN. ) );
#1307 = CARTESIAN_POINT ( 'NONE',  ( -7.141428428542849538, 0.000000000000000000, 0.2499999999999999445 ) ) ;
#1308 = ORIENTED_EDGE ( 'NONE', *, *, #1557, .T. ) ;
#1309 = STYLED_ITEM ( 'NONE', ( #137 ), #4898 ) ;
#1310 = VERTEX_POINT ( 'NONE', #7488 ) ;
#1311 = PRESENTATION_LAYER_ASSIGNMENT (  '', '', ( #3852 ) ) ;
#1312 = CIRCLE ( 'NONE', #208, 0.1478492195922209429 ) ;
#1313 = CARTESIAN_POINT ( 'NONE',  ( 6.629903845456583511, 6.750000000000000888, -2.000000000000000000 ) ) ;
#1314 = FACE_OUTER_BOUND ( 'NONE', #8999, .T. ) ;
#1315 = EDGE_LOOP ( 'NONE', ( #9021, #5618, #3390, #3846 ) ) ;
#1316 = CARTESIAN_POINT ( 'NONE',  ( -4.580313372439055897, 6.950000000000000178, 2.555614419895396061 ) ) ;
#1317 = EDGE_CURVE ( 'NONE', #8086, #5684, #4355, .T. ) ;
#1318 = DIRECTION ( 'NONE',  ( 0.000000000000000000, 0.000000000000000000, 1.000000000000000000 ) ) ;
#1319 = FILL_AREA_STYLE_COLOUR ( '', #7124 ) ;
#1320 = CARTESIAN_POINT ( 'NONE',  ( 1.720804567049041278, 6.950000000000000178, 4.304093053426401916 ) ) ;
#1321 = CARTESIAN_POINT ( 'NONE',  ( -3.275639329619170148, 6.950000000000000178, -4.310987324483573246 ) ) ;
#1322 = ORIENTED_EDGE ( 'NONE', *, *, #5679, .F. ) ;
#1323 = ORIENTED_EDGE ( 'NONE', *, *, #2208, .T. ) ;
#1324 = UNCERTAINTY_MEASURE_WITH_UNIT (LENGTH_MEASURE( 1.000000000000000082E-05 ), #3414, 'distance_accuracy_value', 'NONE');
#1325 = ORIENTED_EDGE ( 'NONE', *, *, #8499, .F. ) ;
#1326 = LINE ( 'NONE', #1316, #5738 ) ;
#1327 = CARTESIAN_POINT ( 'NONE',  ( -6.356542934606381756, 4.400000000000000355, -3.381276639815605556 ) ) ;
#1328 = STYLED_ITEM ( 'NONE', ( #4676 ), #6013 ) ;
#1329 = DIRECTION ( 'NONE',  ( -0.000000000000000000, -1.000000000000000000, -0.000000000000000000 ) ) ;
#1330 = VECTOR ( 'NONE', #7710, 1000.000000000000000 ) ;
#1331 = EDGE_CURVE ( 'NONE', #3054, #9077, #6469, .T. ) ;
#1332 = CARTESIAN_POINT ( 'NONE',  ( -5.925607271455486824, 4.400000000000000355, 3.819643761461775533 ) ) ;
#1333 = AXIS2_PLACEMENT_3D ( 'NONE', #2768, #4927, #687 ) ;
#1334 = CIRCLE ( 'NONE', #237, 0.1000000000000002554 ) ;
#1335 =( LENGTH_UNIT ( ) NAMED_UNIT ( * ) SI_UNIT ( .MILLI., .METRE. ) );
#1336 = DIRECTION ( 'NONE',  ( 0.8660254037844397068, 0.000000000000000000, -0.4999999999999979461 ) ) ;
#1337 = CARTESIAN_POINT ( 'NONE',  ( -5.519410630279383057, 7.000000000000000888, 2.575017263033283932 ) ) ;
#1338 = VERTEX_POINT ( 'NONE', #3888 ) ;
#1339 = CARTESIAN_POINT ( 'NONE',  ( -3.435730307944910411, 6.950000000000000178, 3.836521063224087147 ) ) ;
#1340 = SURFACE_STYLE_USAGE ( .BOTH. , #4186 ) ;
#1341 =( GEOMETRIC_REPRESENTATION_CONTEXT ( 3 ) GLOBAL_UNCERTAINTY_ASSIGNED_CONTEXT ( ( #8543 ) ) GLOBAL_UNIT_ASSIGNED_CONTEXT ( ( #38, #1254, #6904 ) ) REPRESENTATION_CONTEXT ( 'NONE', 'WORKASPACE' ) );
#1342 = AXIS2_PLACEMENT_3D ( 'NONE', #5689, #7151, #7932 ) ;
#1343 = ORIENTED_EDGE ( 'NONE', *, *, #6423, .F. ) ;
#1344 =( LENGTH_UNIT ( ) NAMED_UNIT ( * ) SI_UNIT ( .MILLI., .METRE. ) );
#1345 = CIRCLE ( 'NONE', #2738, 0.1352311273310532469 ) ;
#1346 = MECHANICAL_DESIGN_GEOMETRIC_PRESENTATION_REPRESENTATION (  '', ( #8862 ), #564 ) ;
#1347 = DIRECTION ( 'NONE',  ( 0.000000000000000000, 0.000000000000000000, 1.000000000000000000 ) ) ;
#1348 = FILL_AREA_STYLE_COLOUR ( '', #5542 ) ;
#1349 =( LENGTH_UNIT ( ) NAMED_UNIT ( * ) SI_UNIT ( .MILLI., .METRE. ) );
#1350 = FILL_AREA_STYLE ('',( #6935 ) ) ;
#1351 = DIRECTION ( 'NONE',  ( 0.000000000000000000, 0.000000000000000000, 1.000000000000000000 ) ) ;
#1352 = FILL_AREA_STYLE ('',( #1319 ) ) ;
#1353 = CARTESIAN_POINT ( 'NONE',  ( 4.286263797015732897E-17, -2.049999999999999822, -5.114999999999998437 ) ) ;
#1354 = EDGE_LOOP ( 'NONE', ( #2097, #7341 ) ) ;
#1355 = CIRCLE ( 'NONE', #3114, 0.1476292399196607874 ) ;
#1356 = EDGE_CURVE ( 'NONE', #7161, #6505, #5347, .T. ) ;
#1357 = MECHANICAL_DESIGN_GEOMETRIC_PRESENTATION_REPRESENTATION (  '', ( #5325 ), #577 ) ;
#1358 = AXIS2_PLACEMENT_3D ( 'NONE', #8981, #4719, #8375 ) ;
#1359 = VERTEX_POINT ( 'NONE', #8197 ) ;
#1360 = MECHANICAL_DESIGN_GEOMETRIC_PRESENTATION_REPRESENTATION (  '', ( #8245 ), #6779 ) ;
#1361 = FACE_OUTER_BOUND ( 'NONE', #1515, .T. ) ;
#1362 = ADVANCED_FACE ( 'NONE', ( #363, #3328, #8614, #6692 ), #1133, .T. ) ;
#1363 = VERTEX_POINT ( 'NONE', #992 ) ;
#1364 = PRESENTATION_LAYER_ASSIGNMENT (  '', '', ( #5924 ) ) ;
#1365 =( LENGTH_UNIT ( ) NAMED_UNIT ( * ) SI_UNIT ( .MILLI., .METRE. ) );
#1366 = CARTESIAN_POINT ( 'NONE',  ( -3.221904549199348544, 4.400000000000000355, -6.270712166560393541 ) ) ;
#1367 = AXIS2_PLACEMENT_3D ( 'NONE', #5304, #6274, #7004 ) ;
#1368 = VECTOR ( 'NONE', #8119, 1000.000000000000000 ) ;
#1369 = DIRECTION ( 'NONE',  ( -0.8660254037844378194, 0.000000000000000000, -0.5000000000000013323 ) ) ;
#1370 = ORIENTED_EDGE ( 'NONE', *, *, #411, .T. ) ;
#1371 = PRESENTATION_LAYER_ASSIGNMENT (  '', '', ( #4876 ) ) ;
#1372 = EDGE_CURVE ( 'NONE', #9159, #7569, #2991, .T. ) ;
#1373 = CARTESIAN_POINT ( 'NONE',  ( 1.010333609296566550E-15, 7.450000000000000178, -8.250000000000000000 ) ) ;
#1374 = CARTESIAN_POINT ( 'NONE',  ( 6.243145474984824972, 0.000000000000000000, -3.777686801329381172 ) ) ;
#1375 = ORIENTED_EDGE ( 'NONE', *, *, #4257, .T. ) ;
#1376 = SURFACE_STYLE_USAGE ( .BOTH. , #7701 ) ;
#1377 =( NAMED_UNIT ( * ) SI_UNIT ( $, .STERADIAN. ) SOLID_ANGLE_UNIT ( ) );
#1378 = FILL_AREA_STYLE ('',( #4917 ) ) ;
#1379 = AXIS2_PLACEMENT_3D ( 'NONE', #1450, #807, #7122 ) ;
#1380 = CARTESIAN_POINT ( 'NONE',  ( -7.295565981523415289, 0.000000000000000000, -0.1500000000000000222 ) ) ;
#1381 = SURFACE_STYLE_FILL_AREA ( #5478 ) ;
#1382 = VECTOR ( 'NONE', #8701, 1000.000000000000000 ) ;
#1383 = UNCERTAINTY_MEASURE_WITH_UNIT (LENGTH_MEASURE( 1.000000000000000082E-05 ), #4342, 'distance_accuracy_value', 'NONE');
#1384 = EDGE_CURVE ( 'NONE', #3858, #7431, #6264, .T. ) ;
#1385 = CARTESIAN_POINT ( 'NONE',  ( -6.059658438426485993, 4.400000000000000355, 3.787220565217541246 ) ) ;
#1386 = FILL_AREA_STYLE_COLOUR ( '', #2192 ) ;
#1387 = AXIS2_PLACEMENT_3D ( 'NONE', #1725, #8165, #5161 ) ;
#1388 = VERTEX_POINT ( 'NONE', #6104 ) ;
#1389 = AXIS2_PLACEMENT_3D ( 'NONE', #1083, #1767, #7435 ) ;
#1390 = VECTOR ( 'NONE', #7038, 1000.000000000000000 ) ;
#1391 = DIRECTION ( 'NONE',  ( 0.000000000000000000, 0.000000000000000000, 1.000000000000000000 ) ) ;
#1392 = ORIENTED_EDGE ( 'NONE', *, *, #1110, .F. ) ;
#1393 = ORIENTED_EDGE ( 'NONE', *, *, #1228, .T. ) ;
#1394 = DIRECTION ( 'NONE',  ( -0.000000000000000000, -1.000000000000000000, -0.000000000000000000 ) ) ;
#1395 = PRESENTATION_STYLE_ASSIGNMENT (( #7248 ) ) ;
#1396 = ADVANCED_FACE ( 'NONE', ( #1703 ), #8327, .T. ) ;
#1397 = CARTESIAN_POINT ( 'NONE',  ( 3.579326398285364252, 6.950000000000000178, -3.916962665652261144 ) ) ;
#1398 = EDGE_CURVE ( 'NONE', #1826, #6525, #4960, .T. ) ;
#1399 = CYLINDRICAL_SURFACE ( 'NONE', #1769, 0.1000000000000002554 ) ;
#1400 =( NAMED_UNIT ( * ) SI_UNIT ( $, .STERADIAN. ) SOLID_ANGLE_UNIT ( ) );
#1401 = STYLED_ITEM ( 'NONE', ( #4564 ), #7621 ) ;
#1402 = EDGE_LOOP ( 'NONE', ( #5105, #623, #6716, #8840 ) ) ;
#1403 = CARTESIAN_POINT ( 'NONE',  ( -0.2974641686419179365, 7.000000000000000888, 2.743934908718901777 ) ) ;
#1404 = CYLINDRICAL_SURFACE ( 'NONE', #3119, 0.8491910751457537598 ) ;
#1405 = PRESENTATION_LAYER_ASSIGNMENT (  '', '', ( #7130 ) ) ;
#1406 =( LENGTH_UNIT ( ) NAMED_UNIT ( * ) SI_UNIT ( .MILLI., .METRE. ) );
#1407 = LINE ( 'NONE', #6972, #9000 ) ;
#1408 = ORIENTED_EDGE ( 'NONE', *, *, #2502, .F. ) ;
#1409 = VERTEX_POINT ( 'NONE', #2218 ) ;
#1410 = EDGE_CURVE ( 'NONE', #3008, #3944, #8456, .T. ) ;
#1411 = CIRCLE ( 'NONE', #8362, 7.049999999999999822 ) ;
#1412 = ORIENTED_EDGE ( 'NONE', *, *, #6125, .F. ) ;
#1413 = EDGE_CURVE ( 'NONE', #7975, #6472, #860, .T. ) ;
#1414 = AXIS2_PLACEMENT_3D ( 'NONE', #5647, #7018, #638 ) ;
#1415 = ORIENTED_EDGE ( 'NONE', *, *, #1867, .F. ) ;
#1416 = CARTESIAN_POINT ( 'NONE',  ( 0.000000000000000000, 0.000000000000000000, -4.764999999999998792 ) ) ;
#1417 = CIRCLE ( 'NONE', #616, 0.1000000000000002554 ) ;
#1418 = AXIS2_PLACEMENT_3D ( 'NONE', #7186, #7159, #3599 ) ;
#1419 = ORIENTED_EDGE ( 'NONE', *, *, #2997, .T. ) ;
#1420 = SURFACE_STYLE_USAGE ( .BOTH. , #690 ) ;
#1421 = ORIENTED_EDGE ( 'NONE', *, *, #5681, .T. ) ;
#1422 = CARTESIAN_POINT ( 'NONE',  ( 0.7363823647938630979, 7.000000000000000888, 2.743934908718901777 ) ) ;
#1423 = ORIENTED_EDGE ( 'NONE', *, *, #3488, .T. ) ;
#1424 = SURFACE_SIDE_STYLE ('',( #5334 ) ) ;
#1425 = DIRECTION ( 'NONE',  ( 0.000000000000000000, 0.000000000000000000, 1.000000000000000000 ) ) ;
#1426 = PRESENTATION_LAYER_ASSIGNMENT (  '', '', ( #8911 ) ) ;
#1427 = CARTESIAN_POINT ( 'NONE',  ( 0.000000000000000000, 7.450000000000000178, 0.000000000000000000 ) ) ;
#1428 = EDGE_CURVE ( 'NONE', #4874, #2231, #5718, .T. ) ;
#1429 = SURFACE_STYLE_USAGE ( .BOTH. , #91 ) ;
#1430 = COLOUR_RGB ( '',0.2509803921568627416, 0.2509803921568627416, 0.2509803921568627416 ) ;
#1431 = EDGE_CURVE ( 'NONE', #7610, #2675, #4967, .T. ) ;
#1432 = UNCERTAINTY_MEASURE_WITH_UNIT (LENGTH_MEASURE( 1.000000000000000082E-05 ), #3444, 'distance_accuracy_value', 'NONE');
#1433 = CYLINDRICAL_SURFACE ( 'NONE', #4613, 0.1000000000000002554 ) ;
#1434 = DIRECTION ( 'NONE',  ( 0.000000000000000000, 1.000000000000000000, 0.000000000000000000 ) ) ;
#1435 = EDGE_CURVE ( 'NONE', #2205, #989, #3260, .T. ) ;
#1436 = DIRECTION ( 'NONE',  ( -0.000000000000000000, -1.000000000000000000, -0.000000000000000000 ) ) ;
#1437 = SURFACE_STYLE_FILL_AREA ( #4182 ) ;
#1438 = VERTEX_POINT ( 'NONE', #7906 ) ;
#1439 = SURFACE_STYLE_FILL_AREA ( #5517 ) ;
#1440 = VECTOR ( 'NONE', #8346, 1000.000000000000000 ) ;
#1441 =( GEOMETRIC_REPRESENTATION_CONTEXT ( 3 ) GLOBAL_UNCERTAINTY_ASSIGNED_CONTEXT ( ( #7541 ) ) GLOBAL_UNIT_ASSIGNED_CONTEXT ( ( #4672, #3298, #1863 ) ) REPRESENTATION_CONTEXT ( 'NONE', 'WORKASPACE' ) );
#1442 = CIRCLE ( 'NONE', #5996, 0.1000000000000002554 ) ;
#1444 = EDGE_CURVE ( 'NONE', #2451, #3275, #509, .T. ) ;
#1443 =( LENGTH_UNIT ( ) NAMED_UNIT ( * ) SI_UNIT ( .MILLI., .METRE. ) );
#1445 = VERTEX_POINT ( 'NONE', #3624 ) ;
#1446 = FILL_AREA_STYLE ('',( #7793 ) ) ;
#1447 = DIRECTION ( 'NONE',  ( 0.000000000000000000, 0.000000000000000000, -1.000000000000000000 ) ) ;
#1448 = AXIS2_PLACEMENT_3D ( 'NONE', #8450, #6308, #1907 ) ;
#1449 = DIRECTION ( 'NONE',  ( -0.000000000000000000, -1.000000000000000000, -0.000000000000000000 ) ) ;
#1450 = CARTESIAN_POINT ( 'NONE',  ( -3.739289341707803249, 0.000000000000000000, 5.976639124038729101 ) ) ;
#1451 = FACE_OUTER_BOUND ( 'NONE', #3039, .T. ) ;
#1452 = DIRECTION ( 'NONE',  ( 0.000000000000000000, -1.000000000000000000, 0.000000000000000000 ) ) ;
#1453 = CYLINDRICAL_SURFACE ( 'NONE', #2328, 0.09999999999999999167 ) ;
#1454 = SURFACE_SIDE_STYLE ('',( #5044 ) ) ;
#1455 = CARTESIAN_POINT ( 'NONE',  ( 3.579326398285364252, 6.950000000000000178, -4.766153740576414499 ) ) ;
#1456 = DIRECTION ( 'NONE',  ( -0.000000000000000000, -1.000000000000000000, -0.000000000000000000 ) ) ;
#1457 = FILL_AREA_STYLE_COLOUR ( '', #8338 ) ;
#1458 =( NAMED_UNIT ( * ) SI_UNIT ( $, .STERADIAN. ) SOLID_ANGLE_UNIT ( ) );
#1459 = SURFACE_STYLE_FILL_AREA ( #8853 ) ;
#1460 =( NAMED_UNIT ( * ) PLANE_ANGLE_UNIT ( ) SI_UNIT ( $, .RADIAN. ) );
#1461 = VECTOR ( 'NONE', #7470, 1000.000000000000114 ) ;
#1462 = EDGE_LOOP ( 'NONE', ( #8003, #1956, #4982, #2017 ) ) ;
#1463 = EDGE_CURVE ( 'NONE', #914, #1758, #6184, .T. ) ;
#1464 = MECHANICAL_DESIGN_GEOMETRIC_PRESENTATION_REPRESENTATION (  '', ( #9005 ), #5443 ) ;
#1465 = SURFACE_STYLE_FILL_AREA ( #7915 ) ;
#1466 = AXIS2_PLACEMENT_3D ( 'NONE', #345, #8214, #4641 ) ;
#1467 = COLOUR_RGB ( '',0.2509803921568627416, 0.2509803921568627416, 0.2509803921568627416 ) ;
#1468 = CARTESIAN_POINT ( 'NONE',  ( -6.226639124038715778, 0.000000000000000000, 3.306276639815604934 ) ) ;
#1469 = SURFACE_SIDE_STYLE ('',( #2307 ) ) ;
#1470 = LINE ( 'NONE', #1646, #8412 ) ;
#1471 = DIRECTION ( 'NONE',  ( 0.000000000000000000, 0.000000000000000000, 1.000000000000000000 ) ) ;
#1472 = DIRECTION ( 'NONE',  ( 0.000000000000000000, 0.000000000000000000, 1.000000000000000000 ) ) ;
#1473 = ORIENTED_EDGE ( 'NONE', *, *, #7044, .T. ) ;
#1474 = DIRECTION ( 'NONE',  ( 0.000000000000000000, 0.000000000000000000, 1.000000000000000000 ) ) ;
#1475 = DIRECTION ( 'NONE',  ( 0.8660254037844380415, -0.000000000000000000, -0.5000000000000009992 ) ) ;
#1476 = DIRECTION ( 'NONE',  ( 0.8660254037844380415, 0.000000000000000000, -0.5000000000000009992 ) ) ;
#1477 = AXIS2_PLACEMENT_3D ( 'NONE', #2160, #7872, #1336 ) ;
#1478 = CARTESIAN_POINT ( 'NONE',  ( -3.275639329619170148, 7.000000000000000888, -4.310987324483573246 ) ) ;
#1479 =( NAMED_UNIT ( * ) PLANE_ANGLE_UNIT ( ) SI_UNIT ( $, .RADIAN. ) );
#1480 = ORIENTED_EDGE ( 'NONE', *, *, #5999, .T. ) ;
#1481 = EDGE_CURVE ( 'NONE', #7365, #8730, #9224, .T. ) ;
#1482 = EDGE_CURVE ( 'NONE', #2071, #3989, #1623, .T. ) ;
#1483 = DIRECTION ( 'NONE',  ( 0.000000000000000000, -1.000000000000000000, 0.000000000000000000 ) ) ;
#1484 = SURFACE_STYLE_USAGE ( .BOTH. , #2853 ) ;
#1485 = VECTOR ( 'NONE', #8980, 1000.000000000000000 ) ;
#1486 = CARTESIAN_POINT ( 'NONE',  ( 3.444095270954282473, 6.950000000000000178, 4.304093053426401916 ) ) ;
#1487 = ORIENTED_EDGE ( 'NONE', *, *, #836, .F. ) ;
#1488 = DIRECTION ( 'NONE',  ( 0.000000000000000000, 0.000000000000000000, 1.000000000000000000 ) ) ;
#1489 =( LENGTH_UNIT ( ) NAMED_UNIT ( * ) SI_UNIT ( .MILLI., .METRE. ) );
#1490 = CARTESIAN_POINT ( 'NONE',  ( -0.4326952959729711279, 7.000000000000000888, -2.784806355831972446 ) ) ;
#1491 = VECTOR ( 'NONE', #275, 1000.000000000000114 ) ;
#1492 = AXIS2_PLACEMENT_3D ( 'NONE', #2138, #5666, #1425 ) ;
#1493 = COLOUR_RGB ( '',0.2509803921568627416, 0.2509803921568627416, 0.2509803921568627416 ) ;
#1494 = ORIENTED_EDGE ( 'NONE', *, *, #1291, .F. ) ;
#1495 = EDGE_CURVE ( 'NONE', #4850, #1388, #1407, .T. ) ;
#1496 = DIRECTION ( 'NONE',  ( 0.000000000000000000, -1.000000000000000000, 0.000000000000000000 ) ) ;
#1497 = CIRCLE ( 'NONE', #8877, 6.500000000000000000 ) ;
#1498 = VECTOR ( 'NONE', #4819, 1000.000000000000000 ) ;
#1499 = SURFACE_STYLE_FILL_AREA ( #6831 ) ;
#1500 =( GEOMETRIC_REPRESENTATION_CONTEXT ( 3 ) GLOBAL_UNCERTAINTY_ASSIGNED_CONTEXT ( ( #9223 ) ) GLOBAL_UNIT_ASSIGNED_CONTEXT ( ( #6668, #6574, #4559 ) ) REPRESENTATION_CONTEXT ( 'NONE', 'WORKASPACE' ) );
#1501 = ORIENTED_EDGE ( 'NONE', *, *, #8235, .F. ) ;
#1502 =( GEOMETRIC_REPRESENTATION_CONTEXT ( 3 ) GLOBAL_UNCERTAINTY_ASSIGNED_CONTEXT ( ( #6275 ) ) GLOBAL_UNIT_ASSIGNED_CONTEXT ( ( #4333, #5065, #5008 ) ) REPRESENTATION_CONTEXT ( 'NONE', 'WORKASPACE' ) );
#1503 = ORIENTED_EDGE ( 'NONE', *, *, #980, .F. ) ;
#1504 = FILL_AREA_STYLE_COLOUR ( '', #3195 ) ;
#1505 = ORIENTED_EDGE ( 'NONE', *, *, #9152, .F. ) ;
#1506 = SURFACE_STYLE_USAGE ( .BOTH. , #6545 ) ;
#1507 = VECTOR ( 'NONE', #3262, 1000.000000000000000 ) ;
#1508 = CARTESIAN_POINT ( 'NONE',  ( 0.000000000000000000, 7.000000000000000888, 7.195565981523416532 ) ) ;
#1509 = ORIENTED_EDGE ( 'NONE', *, *, #2320, .T. ) ;
#1510 = FILL_AREA_STYLE ('',( #6480 ) ) ;
#1511 = CARTESIAN_POINT ( 'NONE',  ( -7.195565981523414756, 0.000000000000000000, 0.1499999999999999667 ) ) ;
#1512 = VERTEX_POINT ( 'NONE', #8993 ) ;
#1513 = FILL_AREA_STYLE ('',( #5803 ) ) ;
#1514 = CARTESIAN_POINT ( 'NONE',  ( -7.141428428542849538, 4.400000000000000355, 0.3499999999999999223 ) ) ;
#1515 = EDGE_LOOP ( 'NONE', ( #3392, #8914, #6891, #5715 ) ) ;
#1516 = EDGE_CURVE ( 'NONE', #7998, #3372, #4291, .T. ) ;
#1517 = CARTESIAN_POINT ( 'NONE',  ( 0.7363823647938630979, 7.000000000000000888, 2.743934908718901777 ) ) ;
#1518 = EDGE_LOOP ( 'NONE', ( #7204, #2622, #6005, #3952 ) ) ;
#1519 = MECHANICAL_DESIGN_GEOMETRIC_PRESENTATION_REPRESENTATION (  '', ( #2912 ), #8872 ) ;
#1520 = CARTESIAN_POINT ( 'NONE',  ( 0.000000000000000000, 6.850000000000001421, 0.000000000000000000 ) ) ;
#1521 =( NAMED_UNIT ( * ) SI_UNIT ( $, .STERADIAN. ) SOLID_ANGLE_UNIT ( ) );
#1522 = AXIS2_PLACEMENT_3D ( 'NONE', #446, #6858, #1914 ) ;
#1523 = DIRECTION ( 'NONE',  ( 0.000000000000000000, 1.000000000000000000, 0.000000000000000000 ) ) ;
#1524 = SURFACE_STYLE_USAGE ( .BOTH. , #7190 ) ;
#1525 = ORIENTED_EDGE ( 'NONE', *, *, #6485, .T. ) ;
#1526 = CARTESIAN_POINT ( 'NONE',  ( -4.580313372439055897, 7.000000000000000888, 2.555614419895396505 ) ) ;
#1527 = ORIENTED_EDGE ( 'NONE', *, *, #5669, .T. ) ;
#1528 = DIRECTION ( 'NONE',  ( 0.000000000000000000, 0.000000000000000000, -1.000000000000000000 ) ) ;
#1529 = VERTEX_POINT ( 'NONE', #1320 ) ;
#1530 = ORIENTED_EDGE ( 'NONE', *, *, #6999, .T. ) ;
#1531 = COLOUR_RGB ( '',0.2509803921568627416, 0.2509803921568627416, 0.2509803921568627416 ) ;
#1532 = DIRECTION ( 'NONE',  ( 0.000000000000000000, 0.000000000000000000, 1.000000000000000000 ) ) ;
#1533 = EDGE_CURVE ( 'NONE', #3146, #2049, #6633, .T. ) ;
#1534 = SURFACE_STYLE_FILL_AREA ( #2034 ) ;
#1535 = VERTEX_POINT ( 'NONE', #1993 ) ;
#1536 = PRESENTATION_LAYER_ASSIGNMENT (  '', '', ( #5153 ) ) ;
#1537 = ORIENTED_EDGE ( 'NONE', *, *, #8408, .T. ) ;
#1538 = EDGE_CURVE ( 'NONE', #1409, #7653, #3024, .T. ) ;
#1539 = FACE_OUTER_BOUND ( 'NONE', #308, .T. ) ;
#1540 = CYLINDRICAL_SURFACE ( 'NONE', #8788, 6.924999999999999822 ) ;
#1541 = COLOUR_RGB ( '',0.9098039215686274384, 0.4431372549019607643, 0.03137254901960784270 ) ;
#1542 = CARTESIAN_POINT ( 'NONE',  ( 0.000000000000000000, -28.50000000000000000, -4.414999999999999147 ) ) ;
#1543 = EDGE_LOOP ( 'NONE', ( #731, #2008, #5499, #3715 ) ) ;
#1544 =( LENGTH_UNIT ( ) NAMED_UNIT ( * ) SI_UNIT ( .MILLI., .METRE. ) );
#1545 = VECTOR ( 'NONE', #4515, 1000.000000000000000 ) ;
#1546 = UNCERTAINTY_MEASURE_WITH_UNIT (LENGTH_MEASURE( 1.000000000000000082E-05 ), #7271, 'distance_accuracy_value', 'NONE');
#1547 = SURFACE_SIDE_STYLE ('',( #6044 ) ) ;
#1548 = AXIS2_PLACEMENT_3D ( 'NONE', #8184, #3876, #4698 ) ;
#1549 = CARTESIAN_POINT ( 'NONE',  ( 0.000000000000000000, -28.50000000000000000, 5.114999999999999325 ) ) ;
#1550 = COLOUR_RGB ( '',0.9098039215686274384, 0.4431372549019607643, 0.03137254901960784270 ) ;
#1551 = DIRECTION ( 'NONE',  ( -0.000000000000000000, -1.000000000000000000, -0.000000000000000000 ) ) ;
#1552 = PRESENTATION_STYLE_ASSIGNMENT (( #8545 ) ) ;
#1553 = EDGE_CURVE ( 'NONE', #9203, #3757, #4517, .T. ) ;
#1554 = CARTESIAN_POINT ( 'NONE',  ( 4.723888281928616983, 7.000000000000000888, 2.531868201111808769 ) ) ;
#1555 =( NAMED_UNIT ( * ) SI_UNIT ( $, .STERADIAN. ) SOLID_ANGLE_UNIT ( ) );
#1556 = ORIENTED_EDGE ( 'NONE', *, *, #5841, .T. ) ;
#1557 = EDGE_CURVE ( 'NONE', #6946, #7103, #741, .T. ) ;
#1558 = FACE_OUTER_BOUND ( 'NONE', #5291, .T. ) ;
#1559 = DIRECTION ( 'NONE',  ( 0.000000000000000000, 0.000000000000000000, -1.000000000000000000 ) ) ;
#1560 = CARTESIAN_POINT ( 'NONE',  ( -7.295565981523415289, 0.000000000000000000, -0.2500000000000000000 ) ) ;
#1561 = PRESENTATION_LAYER_ASSIGNMENT (  '', '', ( #7596 ) ) ;
#1562 = CARTESIAN_POINT ( 'NONE',  ( 3.739289341707803249, 0.000000000000000000, -5.976639124038729101 ) ) ;
#1563 = FILL_AREA_STYLE ('',( #854 ) ) ;
#1564 = PLANE ( 'NONE',  #592 ) ;
#1565 =( GEOMETRIC_REPRESENTATION_CONTEXT ( 3 ) GLOBAL_UNCERTAINTY_ASSIGNED_CONTEXT ( ( #645 ) ) GLOBAL_UNIT_ASSIGNED_CONTEXT ( ( #6174, #8399, #1272 ) ) REPRESENTATION_CONTEXT ( 'NONE', 'WORKASPACE' ) );
#1566 = ORIENTED_EDGE ( 'NONE', *, *, #3873, .F. ) ;
#1567 = FILL_AREA_STYLE_COLOUR ( '', #8043 ) ;
#1568 = FACE_OUTER_BOUND ( 'NONE', #257, .T. ) ;
#1569 = FILL_AREA_STYLE_COLOUR ( '', #654 ) ;
#1570 = CARTESIAN_POINT ( 'NONE',  ( 0.000000000000000000, -28.50000000000000000, 5.114999999999999325 ) ) ;
#1571 = STYLED_ITEM ( 'NONE', ( #6876 ), #1819 ) ;
#1572 = ORIENTED_EDGE ( 'NONE', *, *, #7054, .T. ) ;
#1573 = CARTESIAN_POINT ( 'NONE',  ( 4.286263797015735362E-17, 6.950000000000000178, -5.114999999999998437 ) ) ;
#1574 = DIRECTION ( 'NONE',  ( -0.000000000000000000, -1.000000000000000000, -0.000000000000000000 ) ) ;
#1575 = SURFACE_STYLE_USAGE ( .BOTH. , #214 ) ;
#1576 = VERTEX_POINT ( 'NONE', #7854 ) ;
#1577 = AXIS2_PLACEMENT_3D ( 'NONE', #8278, #6114, #6819 ) ;
#1578 = SURFACE_STYLE_USAGE ( .BOTH. , #5834 ) ;
#1579 =( LENGTH_UNIT ( ) NAMED_UNIT ( * ) SI_UNIT ( .MILLI., .METRE. ) );
#1580 =( NAMED_UNIT ( * ) PLANE_ANGLE_UNIT ( ) SI_UNIT ( $, .RADIAN. ) );
#1581 = VECTOR ( 'NONE', #8599, 1000.000000000000000 ) ;
#1582 = ORIENTED_EDGE ( 'NONE', *, *, #3587, .F. ) ;
#1583 = DIRECTION ( 'NONE',  ( 0.000000000000000000, 1.000000000000000000, 0.000000000000000000 ) ) ;
#1584 = CARTESIAN_POINT ( 'NONE',  ( -3.354207863325300742, 4.400000000000000355, 6.309658438426497540 ) ) ;
#1585 = DIRECTION ( 'NONE',  ( 0.000000000000000000, 0.000000000000000000, 1.000000000000000000 ) ) ;
#1586 = DIRECTION ( 'NONE',  ( 0.000000000000000000, 0.000000000000000000, 1.000000000000000000 ) ) ;
#1587 = CARTESIAN_POINT ( 'NONE',  ( -3.354207863325300742, 4.400000000000000355, 6.309658438426497540 ) ) ;
#1588 = VECTOR ( 'NONE', #7682, 1000.000000000000000 ) ;
#1589 =( LENGTH_UNIT ( ) NAMED_UNIT ( * ) SI_UNIT ( .MILLI., .METRE. ) );
#1590 =( LENGTH_UNIT ( ) NAMED_UNIT ( * ) SI_UNIT ( .MILLI., .METRE. ) );
#1591 = EDGE_CURVE ( 'NONE', #1529, #6266, #8099, .T. ) ;
#1592 = AXIS2_PLACEMENT_3D ( 'NONE', #757, #6466, #8585 ) ;
#1593 = DIRECTION ( 'NONE',  ( 1.000000000000000000, -0.000000000000000000, 0.000000000000000000 ) ) ;
#1594 = AXIS2_PLACEMENT_3D ( 'NONE', #1639, #2945, #904 ) ;
#1595 = DIRECTION ( 'NONE',  ( 0.4999999999999976130, 0.000000000000000000, -0.8660254037844400399 ) ) ;
#1596 = CYLINDRICAL_SURFACE ( 'NONE', #1358, 0.09999999999999982514 ) ;
#1597 = DIRECTION ( 'NONE',  ( -0.000000000000000000, -1.000000000000000000, -0.000000000000000000 ) ) ;
#1598 = CARTESIAN_POINT ( 'NONE',  ( -2.426448254617682210, 6.950000000000000178, -4.310987324483573246 ) ) ;
#1599 = ADVANCED_FACE ( 'NONE', ( #968 ), #8848, .T. ) ;
#1600 = UNCERTAINTY_MEASURE_WITH_UNIT (LENGTH_MEASURE( 1.000000000000000082E-05 ), #6517, 'distance_accuracy_value', 'NONE');
#1601 = VERTEX_POINT ( 'NONE', #3743 ) ;
#1602 = CARTESIAN_POINT ( 'NONE',  ( 6.106542934606381756, 0.000000000000000000, -3.814289341707823855 ) ) ;
#1603 = FACE_OUTER_BOUND ( 'NONE', #591, .T. ) ;
#1604 =( NAMED_UNIT ( * ) PLANE_ANGLE_UNIT ( ) SI_UNIT ( $, .RADIAN. ) );
#1605 = AXIS2_PLACEMENT_3D ( 'NONE', #3265, #2545, #4009 ) ;
#1606 = EDGE_CURVE ( 'NONE', #5351, #8191, #7168, .T. ) ;
#1607 = CARTESIAN_POINT ( 'NONE',  ( -3.221904549199348544, 4.400000000000000355, 6.270712166560393541 ) ) ;
#1608 = UNCERTAINTY_MEASURE_WITH_UNIT (LENGTH_MEASURE( 1.000000000000000082E-05 ), #8357, 'distance_accuracy_value', 'NONE');
#1609 = SURFACE_SIDE_STYLE ('',( #2130 ) ) ;
#1610 = SURFACE_STYLE_FILL_AREA ( #4539 ) ;
#1611 = CARTESIAN_POINT ( 'NONE',  ( -3.739289341707803249, 0.000000000000000000, 5.976639124038729101 ) ) ;
#1612 = ORIENTED_EDGE ( 'NONE', *, *, #1384, .F. ) ;
#1613 = DIRECTION ( 'NONE',  ( 0.000000000000000000, -1.000000000000000000, 0.000000000000000000 ) ) ;
#1614 = ORIENTED_EDGE ( 'NONE', *, *, #5407, .T. ) ;
#1615 = STYLED_ITEM ( 'NONE', ( #6878 ), #6112 ) ;
#1616 = CARTESIAN_POINT ( 'NONE',  ( 5.976639124038715778, 0.000000000000000000, 3.739289341707823677 ) ) ;
#1617 = ORIENTED_EDGE ( 'NONE', *, *, #7622, .F. ) ;
#1618 = CYLINDRICAL_SURFACE ( 'NONE', #1342, 0.1476292399196607874 ) ;
#1619 = EDGE_CURVE ( 'NONE', #8475, #2617, #6340, .T. ) ;
#1620 = ORIENTED_EDGE ( 'NONE', *, *, #586, .F. ) ;
#1621 = EDGE_CURVE ( 'NONE', #2935, #310, #7808, .T. ) ;
#1622 = DIRECTION ( 'NONE',  ( 0.000000000000000000, 1.000000000000000000, 0.000000000000000000 ) ) ;
#1623 = CIRCLE ( 'NONE', #4892, 0.09999999999999982514 ) ;
#1624 = VERTEX_POINT ( 'NONE', #5111 ) ;
#1625 = SURFACE_SIDE_STYLE ('',( #4573 ) ) ;
#1626 = CARTESIAN_POINT ( 'NONE',  ( -4.445012361338021023, 6.950000000000000178, -2.587782488400166780 ) ) ;
#1627 = DIRECTION ( 'NONE',  ( 0.000000000000000000, 0.000000000000000000, -1.000000000000000000 ) ) ;
#1628 = ORIENTED_EDGE ( 'NONE', *, *, #5587, .F. ) ;
#1629 = LINE ( 'NONE', #7115, #4956 ) ;
#1630 = PRESENTATION_LAYER_ASSIGNMENT (  '', '', ( #8220 ) ) ;
#1631 = STYLED_ITEM ( 'NONE', ( #5035 ), #7434 ) ;
#1632 = PLANE ( 'NONE',  #9119 ) ;
#1633 = ORIENTED_EDGE ( 'NONE', *, *, #6736, .F. ) ;
#1634 = ORIENTED_EDGE ( 'NONE', *, *, #7260, .T. ) ;
#1635 = CARTESIAN_POINT ( 'NONE',  ( -7.141428428542849538, 0.000000000000000000, 0.3499999999999999223 ) ) ;
#1636 = ORIENTED_EDGE ( 'NONE', *, *, #8606, .F. ) ;
#1637 = ORIENTED_EDGE ( 'NONE', *, *, #7738, .T. ) ;
#1638 = DIRECTION ( 'NONE',  ( 1.000000000000000000, -0.000000000000000000, 1.224646799147353207E-16 ) ) ;
#1639 = CARTESIAN_POINT ( 'NONE',  ( -3.873823105595965099, 0.000000000000000000, -6.009658438426500382 ) ) ;
#1640 = ORIENTED_EDGE ( 'NONE', *, *, #8674, .F. ) ;
#1641 = CARTESIAN_POINT ( 'NONE',  ( 3.787220565217521262, 4.400000000000000355, 6.059658438426501093 ) ) ;
#1642 = ORIENTED_EDGE ( 'NONE', *, *, #3069, .T. ) ;
#1643 = ADVANCED_FACE ( 'NONE', ( #6103 ), #7940, .T. ) ;
#1644 = EDGE_CURVE ( 'NONE', #4496, #6145, #5680, .T. ) ;
#1645 = AXIS2_PLACEMENT_3D ( 'NONE', #1255, #8383, #9091 ) ;
#1646 = CARTESIAN_POINT ( 'NONE',  ( -5.588312836269678563, 7.000000000000000888, -3.319752949239375805 ) ) ;
#1647 = ORIENTED_EDGE ( 'NONE', *, *, #6067, .T. ) ;
#1648 = DIRECTION ( 'NONE',  ( 0.000000000000000000, 1.000000000000000000, 0.000000000000000000 ) ) ;
#1649 = SURFACE_STYLE_USAGE ( .BOTH. , #5144 ) ;
#1650 = FILL_AREA_STYLE ('',( #2359 ) ) ;
#1651 = CARTESIAN_POINT ( 'NONE',  ( 1.585573439717987920, 6.950000000000000178, -3.375547973270170310 ) ) ;
#1652 = VECTOR ( 'NONE', #3486, 1000.000000000000000 ) ;
#1653 = VECTOR ( 'NONE', #6153, 1000.000000000000000 ) ;
#1654 = SURFACE_STYLE_USAGE ( .BOTH. , #2963 ) ;
#1655 = ORIENTED_EDGE ( 'NONE', *, *, #3000, .T. ) ;
#1656 = PRESENTATION_LAYER_ASSIGNMENT (  '', '', ( #2082 ) ) ;
#1657 = EDGE_CURVE ( 'NONE', #1289, #1310, #1690, .T. ) ;
#1658 = UNCERTAINTY_MEASURE_WITH_UNIT (LENGTH_MEASURE( 1.000000000000000082E-05 ), #1776, 'distance_accuracy_value', 'NONE');
#1659 = ORIENTED_EDGE ( 'NONE', *, *, #2149, .F. ) ;
#1660 =( NAMED_UNIT ( * ) SI_UNIT ( $, .STERADIAN. ) SOLID_ANGLE_UNIT ( ) );
#1661 = COLOUR_RGB ( '',0.2509803921568627416, 0.2509803921568627416, 0.2509803921568627416 ) ;
#1662 = LINE ( 'NONE', #7176, #4779 ) ;
#1663 = MECHANICAL_DESIGN_GEOMETRIC_PRESENTATION_REPRESENTATION (  '', ( #3241 ), #2607 ) ;
#1664 = MECHANICAL_DESIGN_GEOMETRIC_PRESENTATION_REPRESENTATION (  '', ( #3544 ), #4534 ) ;
#1665 = CARTESIAN_POINT ( 'NONE',  ( -5.531383964240385254, 7.000000000000000888, 3.413764994861879121 ) ) ;
#1666 = ORIENTED_EDGE ( 'NONE', *, *, #12, .F. ) ;
#1667 = CIRCLE ( 'NONE', #2147, 0.1000000000000002554 ) ;
#1668 = MECHANICAL_DESIGN_GEOMETRIC_PRESENTATION_REPRESENTATION (  '', ( #9040 ), #6617 ) ;
#1669 = CARTESIAN_POINT ( 'NONE',  ( 0.000000000000000000, 0.000000000000000000, 0.000000000000000000 ) ) ;
#1670 = LINE ( 'NONE', #2687, #7136 ) ;
#1671 = FILL_AREA_STYLE ('',( #5713 ) ) ;
#1672 = COLOUR_RGB ( '',0.9098039215686274384, 0.4431372549019607643, 0.03137254901960784270 ) ;
#1673 = SURFACE_SIDE_STYLE ('',( #5604 ) ) ;
#1674 = CARTESIAN_POINT ( 'NONE',  ( 6.629903845456583511, 4.400000000000001243, 2.000000000000000000 ) ) ;
#1675 = FILL_AREA_STYLE ('',( #2302 ) ) ;
#1676 = EDGE_CURVE ( 'NONE', #3008, #6072, #9085, .T. ) ;
#1677 = ORIENTED_EDGE ( 'NONE', *, *, #7423, .T. ) ;
#1678 = FILL_AREA_STYLE ('',( #5273 ) ) ;
#1679 = CARTESIAN_POINT ( 'NONE',  ( -1.429515610800760728, 7.000000000000000888, 3.319667123390754426 ) ) ;
#1680 = VECTOR ( 'NONE', #8660, 1000.000000000000000 ) ;
#1681 = CARTESIAN_POINT ( 'NONE',  ( 0.000000000000000000, 6.950000000000000178, 4.764999999999999680 ) ) ;
#1682 = PRESENTATION_LAYER_ASSIGNMENT (  '', '', ( #5179 ) ) ;
#1683 =( NAMED_UNIT ( * ) SI_UNIT ( $, .STERADIAN. ) SOLID_ANGLE_UNIT ( ) );
#1684 = SURFACE_SIDE_STYLE ('',( #5089 ) ) ;
#1685 = MECHANICAL_DESIGN_GEOMETRIC_PRESENTATION_REPRESENTATION (  '', ( #3620 ), #8082 ) ;
#1686 = VECTOR ( 'NONE', #5099, 1000.000000000000000 ) ;
#1687 = FILL_AREA_STYLE ('',( #8158 ) ) ;
#1688 = CYLINDRICAL_SURFACE ( 'NONE', #3483, 0.09999999999999982514 ) ;
#1689 = DIRECTION ( 'NONE',  ( -0.000000000000000000, 1.000000000000000000, -0.000000000000000000 ) ) ;
#1690 = CIRCLE ( 'NONE', #6611, 0.1352311274094740168 ) ;
#1691 = ORIENTED_EDGE ( 'NONE', *, *, #1428, .F. ) ;
#1692 = ADVANCED_FACE ( 'NONE', ( #2864 ), #6245, .F. ) ;
#1693 = LINE ( 'NONE', #8841, #6808 ) ;
#1694 = FACE_OUTER_BOUND ( 'NONE', #5822, .T. ) ;
#1695 = CARTESIAN_POINT ( 'NONE',  ( 0.5764390718725083129, 7.000000000000000888, 2.743934908718901777 ) ) ;
#1696 = EDGE_LOOP ( 'NONE', ( #4674, #5166, #7084, #5668 ) ) ;
#1697 = EDGE_CURVE ( 'NONE', #881, #2202, #2207, .T. ) ;
#1698 = EDGE_CURVE ( 'NONE', #8041, #7978, #7446, .T. ) ;
#1699 = AXIS2_PLACEMENT_3D ( 'NONE', #3790, #5255, #4707 ) ;
#1700 = MECHANICAL_DESIGN_GEOMETRIC_PRESENTATION_REPRESENTATION (  '', ( #8750 ), #4082 ) ;
#1701 = SURFACE_STYLE_USAGE ( .BOTH. , #7494 ) ;
#1702 = DIRECTION ( 'NONE',  ( 0.000000000000000000, 0.000000000000000000, 1.000000000000000000 ) ) ;
#1703 = FACE_OUTER_BOUND ( 'NONE', #6011, .T. ) ;
#1704 = DIRECTION ( 'NONE',  ( 0.000000000000000000, 1.000000000000000000, 0.000000000000000000 ) ) ;
#1705 = DIRECTION ( 'NONE',  ( -0.000000000000000000, -1.000000000000000000, -0.000000000000000000 ) ) ;
#1706 = AXIS2_PLACEMENT_3D ( 'NONE', #8550, #2115, #748 ) ;
#1707 = CARTESIAN_POINT ( 'NONE',  ( -3.814289341707803427, 4.400000000000000355, 6.106542934606395079 ) ) ;
#1708 = AXIS2_PLACEMENT_3D ( 'NONE', #6244, #2040, #9199 ) ;
#1709 = PLANE ( 'NONE',  #8416 ) ;
#1710 = AXIS2_PLACEMENT_3D ( 'NONE', #789, #155, #8705 ) ;
#1711 = MECHANICAL_DESIGN_GEOMETRIC_PRESENTATION_REPRESENTATION (  '', ( #7148 ), #2930 ) ;
#1712 = UNCERTAINTY_MEASURE_WITH_UNIT (LENGTH_MEASURE( 1.000000000000000082E-05 ), #2714, 'distance_accuracy_value', 'NONE');
#1713 = DIRECTION ( 'NONE',  ( -0.000000000000000000, -1.000000000000000000, -0.000000000000000000 ) ) ;
#1714 = CARTESIAN_POINT ( 'NONE',  ( -6.359658438426485816, 4.400000000000000355, -3.267605322946878221 ) ) ;
#1715 = PRESENTATION_LAYER_ASSIGNMENT (  '', '', ( #4274 ) ) ;
#1716 = SURFACE_STYLE_FILL_AREA ( #1650 ) ;
#1717 = CARTESIAN_POINT ( 'NONE',  ( 0.000000000000000000, -1.549999999999999822, 8.250000000000000000 ) ) ;
#1718 = DIRECTION ( 'NONE',  ( 0.000000000000000000, 0.000000000000000000, -1.000000000000000000 ) ) ;
#1719 = VECTOR ( 'NONE', #1434, 1000.000000000000000 ) ;
#1720 = ORIENTED_EDGE ( 'NONE', *, *, #1481, .T. ) ;
#1721 = FACE_OUTER_BOUND ( 'NONE', #1062, .T. ) ;
#1722 = BREP_WITH_VOIDS ( 'NONE', #2728, ( #7264 ) );
#1723 = COLOUR_RGB ( '',1.000000000000000000, 1.000000000000000000, 1.000000000000000000 ) ;
#1724 = MECHANICAL_DESIGN_GEOMETRIC_PRESENTATION_REPRESENTATION (  '', ( #3124 ), #6671 ) ;
#1725 = CARTESIAN_POINT ( 'NONE',  ( -5.441621546977838619, 6.950000000000000178, 2.557144600353973729 ) ) ;
#1726 = ORIENTED_EDGE ( 'NONE', *, *, #4097, .T. ) ;
#1727 =( NAMED_UNIT ( * ) PLANE_ANGLE_UNIT ( ) SI_UNIT ( $, .RADIAN. ) );
#1728 = ORIENTED_EDGE ( 'NONE', *, *, #8441, .F. ) ;
#1729 = CARTESIAN_POINT ( 'NONE',  ( -0.4326952959729711279, 7.000000000000000888, -3.633997430756096936 ) ) ;
#1730 = ADVANCED_FACE ( 'NONE', ( #6216 ), #3860, .F. ) ;
#1731 = VERTEX_POINT ( 'NONE', #5636 ) ;
#1732 = SURFACE_SIDE_STYLE ('',( #2178 ) ) ;
#1733 = LINE ( 'NONE', #7003, #6509 ) ;
#1734 = DIRECTION ( 'NONE',  ( -0.000000000000000000, -1.000000000000000000, -0.000000000000000000 ) ) ;
#1735 = SURFACE_STYLE_FILL_AREA ( #4074 ) ;
#1736 = CARTESIAN_POINT ( 'NONE',  ( 0.000000000000000000, -1.549999999999999378, -4.764999999999998792 ) ) ;
#1737 = VERTEX_POINT ( 'NONE', #7119 ) ;
#1738 =( GEOMETRIC_REPRESENTATION_CONTEXT ( 3 ) GLOBAL_UNCERTAINTY_ASSIGNED_CONTEXT ( ( #8632 ) ) GLOBAL_UNIT_ASSIGNED_CONTEXT ( ( #3539, #8579, #4315 ) ) REPRESENTATION_CONTEXT ( 'NONE', 'WORKASPACE' ) );
#1739 = PLANE ( 'NONE',  #1522 ) ;
#1740 =( LENGTH_UNIT ( ) NAMED_UNIT ( * ) SI_UNIT ( .MILLI., .METRE. ) );
#1741 = FILL_AREA_STYLE_COLOUR ( '', #1541 ) ;
#1742 = ORIENTED_EDGE ( 'NONE', *, *, #9246, .F. ) ;
#1743 = EDGE_LOOP ( 'NONE', ( #2425, #660, #5782, #4403 ) ) ;
#1744 = CARTESIAN_POINT ( 'NONE',  ( -6.359658438426486704, 4.400000000000000355, 3.267605322946879554 ) ) ;
#1745 = CARTESIAN_POINT ( 'NONE',  ( -4.445012361338021023, 7.000000000000000888, -2.587782488400166780 ) ) ;
#1746 =( NAMED_UNIT ( * ) SI_UNIT ( $, .STERADIAN. ) SOLID_ANGLE_UNIT ( ) );
#1747 = VECTOR ( 'NONE', #2531, 1000.000000000000000 ) ;
#1748 = ORIENTED_EDGE ( 'NONE', *, *, #2975, .T. ) ;
#1749 = DIRECTION ( 'NONE',  ( 0.000000000000000000, 0.000000000000000000, 1.000000000000000000 ) ) ;
#1750 = DIRECTION ( 'NONE',  ( 0.000000000000000000, 0.000000000000000000, -1.000000000000000000 ) ) ;
#1751 = ORIENTED_EDGE ( 'NONE', *, *, #5989, .T. ) ;
#1752 = VERTEX_POINT ( 'NONE', #622 ) ;
#1753 = CIRCLE ( 'NONE', #445, 0.1352311273310532469 ) ;
#1754 = VERTEX_POINT ( 'NONE', #7796 ) ;
#1755 =( GEOMETRIC_REPRESENTATION_CONTEXT ( 3 ) GLOBAL_UNCERTAINTY_ASSIGNED_CONTEXT ( ( #6151 ) ) GLOBAL_UNIT_ASSIGNED_CONTEXT ( ( #8195, #3886, #8908 ) ) REPRESENTATION_CONTEXT ( 'NONE', 'WORKASPACE' ) );
#1756 = VECTOR ( 'NONE', #3045, 1000.000000000000000 ) ;
#1757 = VECTOR ( 'NONE', #1111, 1000.000000000000000 ) ;
#1758 = VERTEX_POINT ( 'NONE', #2818 ) ;
#1759 = CARTESIAN_POINT ( 'NONE',  ( 3.819643761461755549, 4.400000000000000355, -5.925607271455500147 ) ) ;
#1760 =( LENGTH_UNIT ( ) NAMED_UNIT ( * ) SI_UNIT ( .MILLI., .METRE. ) );
#1761 = CARTESIAN_POINT ( 'NONE',  ( -1.429515610800760728, 6.950000000000000178, 3.319667123390754426 ) ) ;
#1762 = DIRECTION ( 'NONE',  ( -0.000000000000000000, -1.000000000000000000, -0.000000000000000000 ) ) ;
#1763 = COLOUR_RGB ( '',1.000000000000000000, 1.000000000000000000, 1.000000000000000000 ) ;
#1764 = DIRECTION ( 'NONE',  ( 0.000000000000000000, 1.000000000000000000, 0.000000000000000000 ) ) ;
#1765 = PRESENTATION_LAYER_ASSIGNMENT (  '', '', ( #8169 ) ) ;
#1766 = SURFACE_SIDE_STYLE ('',( #826 ) ) ;
#1767 = DIRECTION ( 'NONE',  ( 0.000000000000000000, -1.000000000000000000, 0.000000000000000000 ) ) ;
#1768 = EDGE_CURVE ( 'NONE', #8554, #8864, #8139, .T. ) ;
#1769 = AXIS2_PLACEMENT_3D ( 'NONE', #1896, #3303, #7608 ) ;
#1770 = UNCERTAINTY_MEASURE_WITH_UNIT (LENGTH_MEASURE( 1.000000000000000082E-05 ), #5094, 'distance_accuracy_value', 'NONE');
#1771 = SURFACE_SIDE_STYLE ('',( #7323 ) ) ;
#1772 = CARTESIAN_POINT ( 'NONE',  ( 3.267605322946856461, 0.000000000000000000, 6.359658438426497362 ) ) ;
#1773 = AXIS2_PLACEMENT_3D ( 'NONE', #3412, #4148, #9163 ) ;
#1774 =( NAMED_UNIT ( * ) SI_UNIT ( $, .STERADIAN. ) SOLID_ANGLE_UNIT ( ) );
#1775 = CARTESIAN_POINT ( 'NONE',  ( -6.306542934606381934, 4.400000000000000355, 3.467879180194048505 ) ) ;
#1776 =( LENGTH_UNIT ( ) NAMED_UNIT ( * ) SI_UNIT ( .MILLI., .METRE. ) );
#1777 = CARTESIAN_POINT ( 'NONE',  ( 0.000000000000000000, -2.049999999999999822, 0.000000000000000000 ) ) ;
#1778 = UNCERTAINTY_MEASURE_WITH_UNIT (LENGTH_MEASURE( 1.000000000000000082E-05 ), #5701, 'distance_accuracy_value', 'NONE');
#1779 = ORIENTED_EDGE ( 'NONE', *, *, #4656, .F. ) ;
#1780 = CARTESIAN_POINT ( 'NONE',  ( -5.531383964240385254, 6.950000000000000178, 3.413764994861876900 ) ) ;
#1781 = DIRECTION ( 'NONE',  ( -0.000000000000000000, -1.000000000000000000, -0.000000000000000000 ) ) ;
#1782 = ADVANCED_FACE ( 'NONE', ( #2845 ), #995, .F. ) ;
#1783 = CIRCLE ( 'NONE', #8257, 0.1000000000000002554 ) ;
#1784 = FACE_OUTER_BOUND ( 'NONE', #2283, .T. ) ;
#1785 = PRESENTATION_LAYER_ASSIGNMENT (  '', '', ( #1309 ) ) ;
#1786 = EDGE_CURVE ( 'NONE', #1876, #3155, #1224, .T. ) ;
#1787 = ORIENTED_EDGE ( 'NONE', *, *, #239, .T. ) ;
#1788 =( NAMED_UNIT ( * ) SI_UNIT ( $, .STERADIAN. ) SOLID_ANGLE_UNIT ( ) );
#1789 = SURFACE_STYLE_FILL_AREA ( #8727 ) ;
#1790 = CARTESIAN_POINT ( 'NONE',  ( -6.156542934606380690, 4.400000000000000355, -3.727686801329380462 ) ) ;
#1791 = FILL_AREA_STYLE ('',( #3099 ) ) ;
#1792 = PRESENTATION_LAYER_ASSIGNMENT (  '', '', ( #2611 ) ) ;
#1793 = LINE ( 'NONE', #8712, #3535 ) ;
#1794 = ORIENTED_EDGE ( 'NONE', *, *, #9177, .F. ) ;
#1795 = CARTESIAN_POINT ( 'NONE',  ( -1.577257179616194716, 7.000000000000000888, -4.310987324483573246 ) ) ;
#1796 = CARTESIAN_POINT ( 'NONE',  ( 0.5764390718725083129, 6.950000000000000178, 2.743934908718901777 ) ) ;
#1797 = EDGE_CURVE ( 'NONE', #3495, #2374, #5197, .T. ) ;
#1798 = VECTOR ( 'NONE', #3389, 1000.000000000000000 ) ;
#1799 = ORIENTED_EDGE ( 'NONE', *, *, #92, .T. ) ;
#1800 = DIRECTION ( 'NONE',  ( 0.000000000000000000, 1.000000000000000000, 0.000000000000000000 ) ) ;
#1801 = EDGE_CURVE ( 'NONE', #3680, #7960, #7334, .T. ) ;
#1802 = FILL_AREA_STYLE ('',( #8820 ) ) ;
#1803 = EDGE_LOOP ( 'NONE', ( #7797, #5766, #8649, #3564 ) ) ;
#1804 = FILL_AREA_STYLE ('',( #419 ) ) ;
#1805 = STYLED_ITEM ( 'NONE', ( #7551 ), #2292 ) ;
#1806 = CARTESIAN_POINT ( 'NONE',  ( 6.156542934606380690, 0.000000000000000000, -3.727686801329380462 ) ) ;
#1807 =( NAMED_UNIT ( * ) SI_UNIT ( $, .STERADIAN. ) SOLID_ANGLE_UNIT ( ) );
#1808 = EDGE_CURVE ( 'NONE', #4192, #1918, #3291, .T. ) ;
#1809 = MECHANICAL_DESIGN_GEOMETRIC_PRESENTATION_REPRESENTATION (  '', ( #5605 ), #8401 ) ;
#1810 = DIRECTION ( 'NONE',  ( 0.000000000000000000, 1.000000000000000000, 0.000000000000000000 ) ) ;
#1811 = SURFACE_STYLE_FILL_AREA ( #1446 ) ;
#1812 = CARTESIAN_POINT ( 'NONE',  ( -5.976639124038715778, 0.000000000000000000, 3.739289341707823677 ) ) ;
#1813 = EDGE_CURVE ( 'NONE', #5245, #5818, #8372, .T. ) ;
#1814 = AXIS2_PLACEMENT_3D ( 'NONE', #5122, #6600, #5180 ) ;
#1815 = PRESENTATION_STYLE_ASSIGNMENT (( #3236 ) ) ;
#1816 =( LENGTH_UNIT ( ) NAMED_UNIT ( * ) SI_UNIT ( .MILLI., .METRE. ) );
#1817 = MECHANICAL_DESIGN_GEOMETRIC_PRESENTATION_REPRESENTATION (  '', ( #1166 ), #3894 ) ;
#1818 = SURFACE_STYLE_USAGE ( .BOTH. , #8168 ) ;
#1819 = ADVANCED_FACE ( 'NONE', ( #6430 ), #673, .F. ) ;
#1820 = FILL_AREA_STYLE ('',( #6021 ) ) ;
#1821 = DIRECTION ( 'NONE',  ( 0.000000000000000000, 1.000000000000000000, 0.000000000000000000 ) ) ;
#1822 = CARTESIAN_POINT ( 'NONE',  ( -4.445012361338021023, 7.000000000000000888, -2.587782488400166780 ) ) ;
#1823 = ADVANCED_FACE ( 'NONE', ( #6555 ), #8483, .T. ) ;
#1824 = DIRECTION ( 'NONE',  ( -0.4999999999999979461, 0.000000000000000000, 0.8660254037844397068 ) ) ;
#1825 = AXIS2_PLACEMENT_3D ( 'NONE', #7778, #3465, #101 ) ;
#1826 = VERTEX_POINT ( 'NONE', #3656 ) ;
#1827 = EDGE_CURVE ( 'NONE', #5608, #1019, #1006, .T. ) ;
#1828 = FILL_AREA_STYLE ('',( #4008 ) ) ;
#1829 = ORIENTED_EDGE ( 'NONE', *, *, #3675, .F. ) ;
#1830 = DIRECTION ( 'NONE',  ( -0.4999999999999976130, 0.000000000000000000, -0.8660254037844400399 ) ) ;
#1831 = FILL_AREA_STYLE_COLOUR ( '', #3955 ) ;
#1832 = CARTESIAN_POINT ( 'NONE',  ( 0.000000000000000000, -28.50000000000000000, 4.764999999999999680 ) ) ;
#1833 = VERTEX_POINT ( 'NONE', #4401 ) ;
#1834 = FACE_OUTER_BOUND ( 'NONE', #1518, .T. ) ;
#1835 = PRESENTATION_STYLE_ASSIGNMENT (( #1988 ) ) ;
#1836 = ORIENTED_EDGE ( 'NONE', *, *, #9235, .F. ) ;
#1837 = ORIENTED_EDGE ( 'NONE', *, *, #4379, .T. ) ;
#1838 = FILL_AREA_STYLE_COLOUR ( '', #8190 ) ;
#1839 = SURFACE_STYLE_USAGE ( .BOTH. , #4736 ) ;
#1840 = AXIS2_PLACEMENT_3D ( 'NONE', #733, #1496, #2213 ) ;
#1841 = VERTEX_POINT ( 'NONE', #4336 ) ;
#1842 = ORIENTED_EDGE ( 'NONE', *, *, #2880, .T. ) ;
#1843 = COLOUR_RGB ( '',0.9098039215686274384, 0.4431372549019607643, 0.03137254901960784270 ) ;
#1844 = DIRECTION ( 'NONE',  ( -0.000000000000000000, -1.000000000000000000, -0.000000000000000000 ) ) ;
#1845 = SURFACE_STYLE_USAGE ( .BOTH. , #9070 ) ;
#1846 = VERTEX_POINT ( 'NONE', #1508 ) ;
#1847 = VERTEX_POINT ( 'NONE', #2324 ) ;
#1848 = VERTEX_POINT ( 'NONE', #2967 ) ;
#1849 = SURFACE_SIDE_STYLE ('',( #6773 ) ) ;
#1850 = ORIENTED_EDGE ( 'NONE', *, *, #2740, .F. ) ;
#1851 = CARTESIAN_POINT ( 'NONE',  ( 0.4164957789511533615, 7.000000000000000888, 2.743934908718901777 ) ) ;
#1852 = AXIS2_PLACEMENT_3D ( 'NONE', #3125, #7333, #8807 ) ;
#1853 = CIRCLE ( 'NONE', #5673, 0.3499999999999996447 ) ;
#1854 = SURFACE_STYLE_USAGE ( .BOTH. , #1178 ) ;
#1855 = CIRCLE ( 'NONE', #3439, 0.09999999999999982514 ) ;
#1856 = ORIENTED_EDGE ( 'NONE', *, *, #3671, .T. ) ;
#1857 = DIRECTION ( 'NONE',  ( -0.000000000000000000, -1.000000000000000000, -0.000000000000000000 ) ) ;
#1858 = ORIENTED_EDGE ( 'NONE', *, *, #7803, .T. ) ;
#1859 = DIRECTION ( 'NONE',  ( 0.000000000000000000, 1.000000000000000000, 0.000000000000000000 ) ) ;
#1860 = ADVANCED_FACE ( 'NONE', ( #7683 ), #6454, .T. ) ;
#1861 = DIRECTION ( 'NONE',  ( 0.000000000000000000, 1.000000000000000000, 0.000000000000000000 ) ) ;
#1862 = ORIENTED_EDGE ( 'NONE', *, *, #5017, .F. ) ;
#1863 =( NAMED_UNIT ( * ) SI_UNIT ( $, .STERADIAN. ) SOLID_ANGLE_UNIT ( ) );
#1864 =( NAMED_UNIT ( * ) SI_UNIT ( $, .STERADIAN. ) SOLID_ANGLE_UNIT ( ) );
#1865 =( NAMED_UNIT ( * ) SI_UNIT ( $, .STERADIAN. ) SOLID_ANGLE_UNIT ( ) );
#1866 = ADVANCED_FACE ( 'NONE', ( #217 ), #1105, .T. ) ;
#1867 = EDGE_CURVE ( 'NONE', #5723, #1310, #330, .T. ) ;
#1868 = PRESENTATION_LAYER_ASSIGNMENT (  '', '', ( #2912 ) ) ;
#1869 = LINE ( 'NONE', #4529, #3061 ) ;
#1870 = STYLED_ITEM ( 'NONE', ( #3707 ), #2603 ) ;
#1871 = DIRECTION ( 'NONE',  ( 0.000000000000000000, -1.000000000000000000, 0.000000000000000000 ) ) ;
#1872 = DIRECTION ( 'NONE',  ( 0.000000000000000000, 0.000000000000000000, -1.000000000000000000 ) ) ;
#1873 = ORIENTED_EDGE ( 'NONE', *, *, #1110, .T. ) ;
#1874 = EDGE_CURVE ( 'NONE', #6970, #5633, #1213, .T. ) ;
#1875 = UNCERTAINTY_MEASURE_WITH_UNIT (LENGTH_MEASURE( 1.000000000000000082E-05 ), #2936, 'distance_accuracy_value', 'NONE');
#1876 = VERTEX_POINT ( 'NONE', #1478 ) ;
#1877 = COLOUR_RGB ( '',0.2509803921568627416, 0.2509803921568627416, 0.2509803921568627416 ) ;
#1878 = EDGE_CURVE ( 'NONE', #6145, #1120, #3627, .T. ) ;
#1879 =( NAMED_UNIT ( * ) SI_UNIT ( $, .STERADIAN. ) SOLID_ANGLE_UNIT ( ) );
#1880 = CARTESIAN_POINT ( 'NONE',  ( -5.976639124038715778, 0.000000000000000000, -3.739289341707823677 ) ) ;
#1881 = AXIS2_PLACEMENT_3D ( 'NONE', #885, #2830, #7855 ) ;
#1882 = DIRECTION ( 'NONE',  ( 0.000000000000000000, 1.000000000000000000, 0.000000000000000000 ) ) ;
#1883 = CARTESIAN_POINT ( 'NONE',  ( -3.354207863325300742, 0.000000000000000000, 6.309658438426497540 ) ) ;
#1884 = PRESENTATION_LAYER_ASSIGNMENT (  '', '', ( #8316 ) ) ;
#1885 = SURFACE_STYLE_USAGE ( .BOTH. , #4783 ) ;
#1886 = APPLICATION_PROTOCOL_DEFINITION ( 'draft international standard', 'automotive_design', 1998, #8455 ) ;
#1887 = DIRECTION ( 'NONE',  ( -0.000000000000000000, -1.000000000000000000, -0.000000000000000000 ) ) ;
#1888 = UNCERTAINTY_MEASURE_WITH_UNIT (LENGTH_MEASURE( 1.000000000000000082E-05 ), #3781, 'distance_accuracy_value', 'NONE');
#1889 = LINE ( 'NONE', #7347, #4786 ) ;
#1890 = ADVANCED_FACE ( 'NONE', ( #4557 ), #1433, .F. ) ;
#1891 = LINE ( 'NONE', #4882, #5555 ) ;
#1892 = CARTESIAN_POINT ( 'NONE',  ( 0.000000000000000000, 0.000000000000000000, 4.764999999999999680 ) ) ;
#1893 =( NAMED_UNIT ( * ) SI_UNIT ( $, .STERADIAN. ) SOLID_ANGLE_UNIT ( ) );
#1894 = CARTESIAN_POINT ( 'NONE',  ( 5.462990107813245899, 7.000000000000000888, -2.454843614278887198 ) ) ;
#1895 = DIRECTION ( 'NONE',  ( 0.000000000000000000, 1.000000000000000000, 0.000000000000000000 ) ) ;
#1896 = CARTESIAN_POINT ( 'NONE',  ( -3.267605322946857349, 4.400000000000000355, -6.359658438426499139 ) ) ;
#1897 = ORIENTED_EDGE ( 'NONE', *, *, #8587, .T. ) ;
#1898 = SURFACE_STYLE_FILL_AREA ( #7848 ) ;
#1899 = EDGE_CURVE ( 'NONE', #744, #2397, #9262, .T. ) ;
#1900 = EDGE_CURVE ( 'NONE', #6206, #3478, #8582, .T. ) ;
#1901 = DIRECTION ( 'NONE',  ( 1.000000000000000000, 0.000000000000000000, 0.000000000000000000 ) ) ;
#1902 = VECTOR ( 'NONE', #8153, 1000.000000000000000 ) ;
#1903 = EDGE_LOOP ( 'NONE', ( #7532, #7637, #1308, #6655 ) ) ;
#1904 = SURFACE_STYLE_FILL_AREA ( #1267 ) ;
#1905 =( LENGTH_UNIT ( ) NAMED_UNIT ( * ) SI_UNIT ( .MILLI., .METRE. ) );
#1906 = PRESENTATION_LAYER_ASSIGNMENT (  '', '', ( #9160 ) ) ;
#1907 = DIRECTION ( 'NONE',  ( 0.000000000000000000, 0.000000000000000000, 1.000000000000000000 ) ) ;
#1908 = ADVANCED_FACE ( 'NONE', ( #9143 ), #5312, .T. ) ;
#1909 = CARTESIAN_POINT ( 'NONE',  ( 0.000000000000000000, 6.950000000000000178, 0.000000000000000000 ) ) ;
#1910 = LINE ( 'NONE', #4286, #5468 ) ;
#1911 = EDGE_LOOP ( 'NONE', ( #4706, #6055, #7885, #80 ) ) ;
#1912 = FILL_AREA_STYLE_COLOUR ( '', #1550 ) ;
#1913 = COLOUR_RGB ( '',1.000000000000000000, 1.000000000000000000, 1.000000000000000000 ) ;
#1914 = DIRECTION ( 'NONE',  ( -0.4999999999999979461, 0.000000000000000000, -0.8660254037844397068 ) ) ;
#1915 = DIRECTION ( 'NONE',  ( -0.000000000000000000, -1.000000000000000000, -0.000000000000000000 ) ) ;
#1916 = LINE ( 'NONE', #1031, #5582 ) ;
#1917 =( NAMED_UNIT ( * ) SI_UNIT ( $, .STERADIAN. ) SOLID_ANGLE_UNIT ( ) );
#1918 = VERTEX_POINT ( 'NONE', #7421 ) ;
#1919 = SURFACE_SIDE_STYLE ('',( #8882 ) ) ;
#1920 = STYLED_ITEM ( 'NONE', ( #2669 ), #7483 ) ;
#1921 = CARTESIAN_POINT ( 'NONE',  ( -3.777686801329358524, 0.000000000000000000, -6.243145474984839183 ) ) ;
#1922 = SURFACE_SIDE_STYLE ('',( #4546 ) ) ;
#1923 = COLOUR_RGB ( '',0.9098039215686274384, 0.4431372549019607643, 0.03137254901960784270 ) ;
#1924 =( NAMED_UNIT ( * ) PLANE_ANGLE_UNIT ( ) SI_UNIT ( $, .RADIAN. ) );
#1925 = DIRECTION ( 'NONE',  ( 0.000000000000000000, -1.000000000000000000, 0.000000000000000000 ) ) ;
#1926 = SURFACE_STYLE_FILL_AREA ( #6889 ) ;
#1927 = FILL_AREA_STYLE ('',( #7737 ) ) ;
#1928 = UNCERTAINTY_MEASURE_WITH_UNIT (LENGTH_MEASURE( 1.000000000000000082E-05 ), #1942, 'distance_accuracy_value', 'NONE');
#1929 = DIRECTION ( 'NONE',  ( 0.000000000000000000, 0.000000000000000000, -1.000000000000000000 ) ) ;
#1930 = PRESENTATION_STYLE_ASSIGNMENT (( #2834 ) ) ;
#1931 =( GEOMETRIC_REPRESENTATION_CONTEXT ( 3 ) GLOBAL_UNCERTAINTY_ASSIGNED_CONTEXT ( ( #6037 ) ) GLOBAL_UNIT_ASSIGNED_CONTEXT ( ( #4958, #5637, #718 ) ) REPRESENTATION_CONTEXT ( 'NONE', 'WORKASPACE' ) );
#1932 = ORIENTED_EDGE ( 'NONE', *, *, #1146, .F. ) ;
#1933 = DIRECTION ( 'NONE',  ( -0.000000000000000000, -1.000000000000000000, -0.000000000000000000 ) ) ;
#1934 =( GEOMETRIC_REPRESENTATION_CONTEXT ( 3 ) GLOBAL_UNCERTAINTY_ASSIGNED_CONTEXT ( ( #6495 ) ) GLOBAL_UNIT_ASSIGNED_CONTEXT ( ( #4694, #412, #2569 ) ) REPRESENTATION_CONTEXT ( 'NONE', 'WORKASPACE' ) );
#1935 = UNCERTAINTY_MEASURE_WITH_UNIT (LENGTH_MEASURE( 1.000000000000000082E-05 ), #7258, 'distance_accuracy_value', 'NONE');
#1936 = CARTESIAN_POINT ( 'NONE',  ( 6.393145474984826215, 0.000000000000000000, 3.517879180194048772 ) ) ;
#1937 = SURFACE_SIDE_STYLE ('',( #4334 ) ) ;
#1938 = CARTESIAN_POINT ( 'NONE',  ( 5.464635013455913182, 7.000000000000000888, -2.590140400704013857 ) ) ;
#1939 = LINE ( 'NONE', #1549, #4835 ) ;
#1940 =( NAMED_UNIT ( * ) SI_UNIT ( $, .STERADIAN. ) SOLID_ANGLE_UNIT ( ) );
#1941 = SURFACE_STYLE_USAGE ( .BOTH. , #2750 ) ;
#1942 =( LENGTH_UNIT ( ) NAMED_UNIT ( * ) SI_UNIT ( .MILLI., .METRE. ) );
#1943 = ORIENTED_EDGE ( 'NONE', *, *, #1032, .F. ) ;
#1944 = DIRECTION ( 'NONE',  ( -0.000000000000000000, -1.000000000000000000, -0.000000000000000000 ) ) ;
#1945 = VERTEX_POINT ( 'NONE', #3019 ) ;
#1946 = CARTESIAN_POINT ( 'NONE',  ( 6.356542934606381756, 0.000000000000000000, -3.381276639815605556 ) ) ;
#1947 = DIRECTION ( 'NONE',  ( -0.000000000000000000, -1.000000000000000000, -0.000000000000000000 ) ) ;
#1948 = ORIENTED_EDGE ( 'NONE', *, *, #7533, .T. ) ;
#1949 = CIRCLE ( 'NONE', #8223, 7.049999999999999822 ) ;
#1950 = MECHANICAL_DESIGN_GEOMETRIC_PRESENTATION_REPRESENTATION (  '', ( #6063 ), #5284 ) ;
#1951 = DIRECTION ( 'NONE',  ( 0.000000000000000000, 0.000000000000000000, -1.000000000000000000 ) ) ;
#1952 = CIRCLE ( 'NONE', #220, 0.09999999999999999167 ) ;
#1953 = PRESENTATION_LAYER_ASSIGNMENT (  '', '', ( #8193 ) ) ;
#1954 = DIRECTION ( 'NONE',  ( -0.000000000000000000, -1.000000000000000000, -0.000000000000000000 ) ) ;
#1955 = EDGE_CURVE ( 'NONE', #7830, #3758, #2753, .T. ) ;
#1956 = ORIENTED_EDGE ( 'NONE', *, *, #3890, .T. ) ;
#1957 = SURFACE_SIDE_STYLE ('',( #4317 ) ) ;
#1958 = FILL_AREA_STYLE_COLOUR ( '', #3827 ) ;
#1959 = CARTESIAN_POINT ( 'NONE',  ( 0.000000000000000000, -2.049999999999999822, 0.000000000000000000 ) ) ;
#1960 = ADVANCED_FACE ( 'NONE', ( #8374 ), #8141, .F. ) ;
#1961 = ORIENTED_EDGE ( 'NONE', *, *, #1410, .F. ) ;
#1962 = VECTOR ( 'NONE', #7350, 1000.000000000000000 ) ;
#1963 = ORIENTED_EDGE ( 'NONE', *, *, #8426, .T. ) ;
#1964 =( GEOMETRIC_REPRESENTATION_CONTEXT ( 3 ) GLOBAL_UNCERTAINTY_ASSIGNED_CONTEXT ( ( #4114 ) ) GLOBAL_UNIT_ASSIGNED_CONTEXT ( ( #6719, #3791, #8868 ) ) REPRESENTATION_CONTEXT ( 'NONE', 'WORKASPACE' ) );
#1965 = CARTESIAN_POINT ( 'NONE',  ( 0.000000000000000000, 6.950000000000000178, 0.000000000000000000 ) ) ;
#1966 = ORIENTED_EDGE ( 'NONE', *, *, #7249, .F. ) ;
#1967 = AXIS2_PLACEMENT_3D ( 'NONE', #7110, #4325, #6412 ) ;
#1968 = VERTEX_POINT ( 'NONE', #6721 ) ;
#1969 = ORIENTED_EDGE ( 'NONE', *, *, #7576, .F. ) ;
#1970 = ORIENTED_EDGE ( 'NONE', *, *, #2090, .T. ) ;
#1971 = FILL_AREA_STYLE_COLOUR ( '', #5353 ) ;
#1972 = COLOUR_RGB ( '',0.2509803921568627416, 0.2509803921568627416, 0.2509803921568627416 ) ;
#1973 = EDGE_CURVE ( 'NONE', #8665, #1388, #94, .T. ) ;
#1974 = DIRECTION ( 'NONE',  ( 0.5000000000000014433, -0.000000000000000000, 0.8660254037844379305 ) ) ;
#1975 = ORIENTED_EDGE ( 'NONE', *, *, #8851, .T. ) ;
#1976 = CARTESIAN_POINT ( 'NONE',  ( 3.444095270954282473, 6.950000000000000178, -3.916962665652260256 ) ) ;
#1977 = DIRECTION ( 'NONE',  ( 0.4999999999999980016, 0.000000000000000000, -0.8660254037844398178 ) ) ;
#1978 = FILL_AREA_STYLE_COLOUR ( '', #7393 ) ;
#1979 = COLOUR_RGB ( '',0.7921568627450980005, 0.8196078431372548767, 0.9333333333333333481 ) ;
#1980 = CARTESIAN_POINT ( 'NONE',  ( 6.629903845456583511, 4.400000000000001243, -2.000000000000000000 ) ) ;
#1981 = AXIS2_PLACEMENT_3D ( 'NONE', #1626, #6605, #5151 ) ;
#1982 = COLOUR_RGB ( '',0.2509803921568627416, 0.2509803921568627416, 0.2509803921568627416 ) ;
#1983 = AXIS2_PLACEMENT_3D ( 'NONE', #1397, #7098, #5556 ) ;
#1984 =( NAMED_UNIT ( * ) SI_UNIT ( $, .STERADIAN. ) SOLID_ANGLE_UNIT ( ) );
#1985 = CYLINDRICAL_SURFACE ( 'NONE', #7252, 0.1352311273311096185 ) ;
#1986 = SURFACE_SIDE_STYLE ('',( #3472 ) ) ;
#1987 = CARTESIAN_POINT ( 'NONE',  ( -3.777686801329358968, 0.000000000000000000, 6.243145474984839183 ) ) ;
#1988 = SURFACE_STYLE_USAGE ( .BOTH. , #4754 ) ;
#1989 = EDGE_CURVE ( 'NONE', #1075, #7819, #6217, .T. ) ;
#1990 = DIRECTION ( 'NONE',  ( 0.000000000000000000, 0.000000000000000000, 1.000000000000000000 ) ) ;
#1991 = PLANE ( 'NONE',  #2624 ) ;
#1992 = DIRECTION ( 'NONE',  ( 0.000000000000000000, 0.000000000000000000, -1.000000000000000000 ) ) ;
#1993 = CARTESIAN_POINT ( 'NONE',  ( 6.243145474984824972, 4.400000000000000355, -3.777686801329381172 ) ) ;
#1994 = CYLINDRICAL_SURFACE ( 'NONE', #6812, 0.3499999999999996447 ) ;
#1995 = SURFACE_STYLE_FILL_AREA ( #5609 ) ;
#1996 = EDGE_CURVE ( 'NONE', #5290, #2071, #9037, .T. ) ;
#1997 = EDGE_CURVE ( 'NONE', #3141, #8387, #1869, .T. ) ;
#1998 = AXIS2_PLACEMENT_3D ( 'NONE', #7395, #4526, #1029 ) ;
#1999 = UNCERTAINTY_MEASURE_WITH_UNIT (LENGTH_MEASURE( 1.000000000000000082E-05 ), #9074, 'distance_accuracy_value', 'NONE');
#2000 = PRESENTATION_LAYER_ASSIGNMENT (  '', '', ( #5914 ) ) ;
#2001 = ORIENTED_EDGE ( 'NONE', *, *, #4951, .F. ) ;
#2002 = FACE_OUTER_BOUND ( 'NONE', #6392, .T. ) ;
#2003 = FACE_OUTER_BOUND ( 'NONE', #5522, .T. ) ;
#2004 = ADVANCED_FACE ( 'NONE', ( #1539 ), #4822, .T. ) ;
#2005 = DIRECTION ( 'NONE',  ( 0.000000000000000000, -0.000000000000000000, -1.000000000000000000 ) ) ;
#2006 = EDGE_CURVE ( 'NONE', #881, #542, #6094, .T. ) ;
#2007 = COLOUR_RGB ( '',0.9098039215686274384, 0.4431372549019607643, 0.03137254901960784270 ) ;
#2008 = ORIENTED_EDGE ( 'NONE', *, *, #3531, .F. ) ;
#2009 = ADVANCED_FACE ( 'NONE', ( #83 ), #1991, .F. ) ;
#2010 =( LENGTH_UNIT ( ) NAMED_UNIT ( * ) SI_UNIT ( .MILLI., .METRE. ) );
#2011 = PRESENTATION_STYLE_ASSIGNMENT (( #100 ) ) ;
#2012 = FILL_AREA_STYLE_COLOUR ( '', #4817 ) ;
#2013 = DIRECTION ( 'NONE',  ( -0.000000000000000000, -1.000000000000000000, -0.000000000000000000 ) ) ;
#2014 = SURFACE_SIDE_STYLE ('',( #1926 ) ) ;
#2015 = DIRECTION ( 'NONE',  ( 0.000000000000000000, 1.000000000000000000, 0.000000000000000000 ) ) ;
#2016 = LINE ( 'NONE', #6895, #7255 ) ;
#2017 = ORIENTED_EDGE ( 'NONE', *, *, #7831, .F. ) ;
#2018 = CARTESIAN_POINT ( 'NONE',  ( 7.195565981523414756, 0.000000000000000000, -0.1500000000000000222 ) ) ;
#2019 = CIRCLE ( 'NONE', #4804, 0.09999999999999982514 ) ;
#2020 = CARTESIAN_POINT ( 'NONE',  ( 5.648895599688001035, 7.000000000000000888, -3.215583695664837371 ) ) ;
#2021 = ORIENTED_EDGE ( 'NONE', *, *, #1900, .T. ) ;
#2022 = CARTESIAN_POINT ( 'NONE',  ( -1.281886370897095784, 7.000000000000000888, 3.319669296602402842 ) ) ;
#2023 = CARTESIAN_POINT ( 'NONE',  ( 3.814289341707803427, 4.400000000000000355, -6.106542934606395079 ) ) ;
#2024 = FACE_BOUND ( 'NONE', #5500, .T. ) ;
#2025 = DIRECTION ( 'NONE',  ( 0.000000000000000000, 1.000000000000000000, 0.000000000000000000 ) ) ;
#2026 = VERTEX_POINT ( 'NONE', #5493 ) ;
#2027 =( LENGTH_UNIT ( ) NAMED_UNIT ( * ) SI_UNIT ( .MILLI., .METRE. ) );
#2028 = CARTESIAN_POINT ( 'NONE',  ( 6.393145474984826215, 0.000000000000000000, -3.517879180194049216 ) ) ;
#2029 = COLOUR_RGB ( '',0.2509803921568627416, 0.2509803921568627416, 0.2509803921568627416 ) ;
#2030 = STYLED_ITEM ( 'NONE', ( #2746 ), #565 ) ;
#2031 = ADVANCED_FACE ( 'NONE', ( #6866 ), #7559, .T. ) ;
#2032 = VECTOR ( 'NONE', #6273, 1000.000000000000000 ) ;
#2033 = VERTEX_POINT ( 'NONE', #5531 ) ;
#2034 = FILL_AREA_STYLE ('',( #5381 ) ) ;
#2035 =( GEOMETRIC_REPRESENTATION_CONTEXT ( 3 ) GLOBAL_UNCERTAINTY_ASSIGNED_CONTEXT ( ( #1216 ) ) GLOBAL_UNIT_ASSIGNED_CONTEXT ( ( #1021, #6672, #4566 ) ) REPRESENTATION_CONTEXT ( 'NONE', 'WORKASPACE' ) );
#2036 = AXIS2_PLACEMENT_3D ( 'NONE', #6115, #7686, #6213 ) ;
#2037 = DIRECTION ( 'NONE',  ( 0.000000000000000000, 0.000000000000000000, 1.000000000000000000 ) ) ;
#2038 = SURFACE_STYLE_FILL_AREA ( #6023 ) ;
#2039 = CARTESIAN_POINT ( 'NONE',  ( -6.226639124038715778, 0.000000000000000000, -3.306276639815604934 ) ) ;
#2040 = DIRECTION ( 'NONE',  ( -0.000000000000000000, 1.000000000000000000, -0.000000000000000000 ) ) ;
#2041 = CARTESIAN_POINT ( 'NONE',  ( 3.814289341707803427, 0.000000000000000000, 6.106542934606395079 ) ) ;
#2042 = VERTEX_POINT ( 'NONE', #2023 ) ;
#2043 = CARTESIAN_POINT ( 'NONE',  ( 3.777686801329358968, 0.000000000000000000, 6.243145474984839183 ) ) ;
#2044 = CARTESIAN_POINT ( 'NONE',  ( 6.309658438426485105, 0.000000000000000000, -3.354207863325322059 ) ) ;
#2045 = DIRECTION ( 'NONE',  ( 0.000000000000000000, 0.000000000000000000, -1.000000000000000000 ) ) ;
#2046 = SURFACE_STYLE_FILL_AREA ( #1675 ) ;
#2047 = ADVANCED_FACE ( 'NONE', ( #8261 ), #9153, .F. ) ;
#2048 = CARTESIAN_POINT ( 'NONE',  ( -6.156542934606380690, 4.400000000000000355, 3.727686801329380462 ) ) ;
#2049 = VERTEX_POINT ( 'NONE', #3899 ) ;
#2050 = STYLED_ITEM ( 'NONE', ( #3527 ), #7581 ) ;
#2051 = CARTESIAN_POINT ( 'NONE',  ( 6.226639124038715778, 0.000000000000000000, 3.306276639815604934 ) ) ;
#2052 = DIRECTION ( 'NONE',  ( -0.000000000000000000, -1.000000000000000000, -0.000000000000000000 ) ) ;
#2053 = MECHANICAL_DESIGN_GEOMETRIC_PRESENTATION_REPRESENTATION (  '', ( #6162 ), #272 ) ;
#2054 = CARTESIAN_POINT ( 'NONE',  ( 2.434764514642112854, 7.000000000000000888, -3.375547973270169866 ) ) ;
#2055 = VECTOR ( 'NONE', #2731, 1000.000000000000000 ) ;
#2056 = FACE_OUTER_BOUND ( 'NONE', #641, .T. ) ;
#2057 =( NAMED_UNIT ( * ) PLANE_ANGLE_UNIT ( ) SI_UNIT ( $, .RADIAN. ) );
#2058 = EDGE_CURVE ( 'NONE', #6750, #8611, #9249, .T. ) ;
#2059 = ORIENTED_EDGE ( 'NONE', *, *, #1801, .F. ) ;
#2060 = VECTOR ( 'NONE', #5753, 1000.000000000000000 ) ;
#2061 = VERTEX_POINT ( 'NONE', #3794 ) ;
#2062 = UNCERTAINTY_MEASURE_WITH_UNIT (LENGTH_MEASURE( 1.000000000000000082E-05 ), #2901, 'distance_accuracy_value', 'NONE');
#2063 = ORIENTED_EDGE ( 'NONE', *, *, #8692, .F. ) ;
#2064 = PRESENTATION_LAYER_ASSIGNMENT (  '', '', ( #158 ) ) ;
#2065 = ORIENTED_EDGE ( 'NONE', *, *, #5024, .F. ) ;
#2066 = EDGE_CURVE ( 'NONE', #2088, #3703, #4087, .T. ) ;
#2067 = STYLED_ITEM ( 'NONE', ( #6956 ), #8957 ) ;
#2068 = CARTESIAN_POINT ( 'NONE',  ( 0.000000000000000000, 0.000000000000000000, 0.000000000000000000 ) ) ;
#2069 =( NAMED_UNIT ( * ) SI_UNIT ( $, .STERADIAN. ) SOLID_ANGLE_UNIT ( ) );
#2070 = EDGE_LOOP ( 'NONE', ( #1487, #8707, #435, #8318 ) ) ;
#2071 = VERTEX_POINT ( 'NONE', #2755 ) ;
#2072 =( NAMED_UNIT ( * ) SI_UNIT ( $, .STERADIAN. ) SOLID_ANGLE_UNIT ( ) );
#2073 = ORIENTED_EDGE ( 'NONE', *, *, #8260, .F. ) ;
#2074 = SURFACE_STYLE_FILL_AREA ( #7454 ) ;
#2075 = CYLINDRICAL_SURFACE ( 'NONE', #2961, 0.1000000000000002554 ) ;
#2076 = VERTEX_POINT ( 'NONE', #1276 ) ;
#2077 = DIRECTION ( 'NONE',  ( 0.000000000000000000, 0.000000000000000000, -1.000000000000000000 ) ) ;
#2078 = LINE ( 'NONE', #9259, #8561 ) ;
#2079 = ORIENTED_EDGE ( 'NONE', *, *, #7514, .F. ) ;
#2080 = CARTESIAN_POINT ( 'NONE',  ( 0.000000000000000000, 4.400000000000000355, 0.000000000000000000 ) ) ;
#2081 = EDGE_LOOP ( 'NONE', ( #7636, #7210, #2795, #5711 ) ) ;
#2082 = STYLED_ITEM ( 'NONE', ( #5134 ), #4764 ) ;
#2083 = CARTESIAN_POINT ( 'NONE',  ( -3.864289341707802805, 4.400000000000000355, 6.193145474984839360 ) ) ;
#2084 = ORIENTED_EDGE ( 'NONE', *, *, #6438, .F. ) ;
#2085 = FACE_OUTER_BOUND ( 'NONE', #4382, .T. ) ;
#2086 =( NAMED_UNIT ( * ) PLANE_ANGLE_UNIT ( ) SI_UNIT ( $, .RADIAN. ) );
#2087 = DIRECTION ( 'NONE',  ( -0.000000000000000000, 1.000000000000000000, -0.000000000000000000 ) ) ;
#2088 = VERTEX_POINT ( 'NONE', #2043 ) ;
#2089 = CARTESIAN_POINT ( 'NONE',  ( -6.270712166560381995, 4.400000000000000355, 3.221904549199370749 ) ) ;
#2090 = EDGE_CURVE ( 'NONE', #2343, #2649, #2200, .T. ) ;
#2091 = PRESENTATION_STYLE_ASSIGNMENT (( #3115 ) ) ;
#2092 = DIRECTION ( 'NONE',  ( -0.000000000000000000, -1.000000000000000000, -0.000000000000000000 ) ) ;
#2093 = CARTESIAN_POINT ( 'NONE',  ( 0.000000000000000000, 6.750000000000000888, -4.764999999999998792 ) ) ;
#2094 = EDGE_CURVE ( 'NONE', #7184, #3495, #3853, .T. ) ;
#2095 = ORIENTED_EDGE ( 'NONE', *, *, #3926, .T. ) ;
#2096 =( LENGTH_UNIT ( ) NAMED_UNIT ( * ) SI_UNIT ( .MILLI., .METRE. ) );
#2097 = ORIENTED_EDGE ( 'NONE', *, *, #4235, .F. ) ;
#2098 = ORIENTED_EDGE ( 'NONE', *, *, #2436, .T. ) ;
#2099 = DIRECTION ( 'NONE',  ( 0.000000000000000000, 1.000000000000000000, 0.000000000000000000 ) ) ;
#2100 = CARTESIAN_POINT ( 'NONE',  ( 0.000000000000000000, 4.400000000000000355, 0.000000000000000000 ) ) ;
#2101 =( GEOMETRIC_REPRESENTATION_CONTEXT ( 3 ) GLOBAL_UNCERTAINTY_ASSIGNED_CONTEXT ( ( #3044 ) ) GLOBAL_UNIT_ASSIGNED_CONTEXT ( ( #7804, #9237, #1400 ) ) REPRESENTATION_CONTEXT ( 'NONE', 'WORKASPACE' ) );
#2102 = ADVANCED_FACE ( 'NONE', ( #5413 ), #3729, .T. ) ;
#2103 = DIRECTION ( 'NONE',  ( 0.000000000000000000, 0.000000000000000000, -1.000000000000000000 ) ) ;
#2104 = EDGE_CURVE ( 'NONE', #6070, #2649, #9017, .T. ) ;
#2105 = COLOUR_RGB ( '',1.000000000000000000, 1.000000000000000000, 1.000000000000000000 ) ;
#2106 =( NAMED_UNIT ( * ) PLANE_ANGLE_UNIT ( ) SI_UNIT ( $, .RADIAN. ) );
#2107 = CARTESIAN_POINT ( 'NONE',  ( -6.270712166560382883, 4.400000000000000355, 3.221904549199371193 ) ) ;
#2108 = FILL_AREA_STYLE ('',( #3476 ) ) ;
#2109 = VERTEX_POINT ( 'NONE', #2775 ) ;
#2110 = CARTESIAN_POINT ( 'NONE',  ( -0.4326952959729711279, 6.950000000000000178, -2.784806355831972446 ) ) ;
#2111 = CARTESIAN_POINT ( 'NONE',  ( -6.629903845456583511, 4.400000000000001243, -2.000000000000000000 ) ) ;
#2112 = MECHANICAL_DESIGN_GEOMETRIC_PRESENTATION_REPRESENTATION (  '', ( #8220 ), #381 ) ;
#2113 = MECHANICAL_DESIGN_GEOMETRIC_PRESENTATION_REPRESENTATION (  '', ( #1631 ), #2281 ) ;
#2114 = ORIENTED_EDGE ( 'NONE', *, *, #5596, .T. ) ;
#2115 = DIRECTION ( 'NONE',  ( -0.000000000000000000, -1.000000000000000000, -0.000000000000000000 ) ) ;
#2116 = FACE_OUTER_BOUND ( 'NONE', #7922, .T. ) ;
#2117 = CARTESIAN_POINT ( 'NONE',  ( 5.540228309825170783, 6.950000000000000178, -3.222622925020783402 ) ) ;
#2118 = UNCERTAINTY_MEASURE_WITH_UNIT (LENGTH_MEASURE( 1.000000000000000082E-05 ), #907, 'distance_accuracy_value', 'NONE');
#2119 = CARTESIAN_POINT ( 'NONE',  ( 3.306276639815583618, 0.000000000000000000, -6.226639124038727324 ) ) ;
#2120 = CARTESIAN_POINT ( 'NONE',  ( -2.426448254617682210, 7.000000000000000888, -5.160178399485061185 ) ) ;
#2121 =( NAMED_UNIT ( * ) SI_UNIT ( $, .STERADIAN. ) SOLID_ANGLE_UNIT ( ) );
#2122 = ORIENTED_EDGE ( 'NONE', *, *, #2435, .T. ) ;
#2123 = CARTESIAN_POINT ( 'NONE',  ( 0.000000000000000000, 6.750000000000000888, 4.764999999999999680 ) ) ;
#2124 = LINE ( 'NONE', #6043, #3310 ) ;
#2125 = AXIS2_PLACEMENT_3D ( 'NONE', #2576, #8994, #4704 ) ;
#2126 = PRESENTATION_LAYER_ASSIGNMENT (  '', '', ( #3833 ) ) ;
#2127 = UNCERTAINTY_MEASURE_WITH_UNIT (LENGTH_MEASURE( 1.000000000000000082E-05 ), #7689, 'distance_accuracy_value', 'NONE');
#2128 = EDGE_LOOP ( 'NONE', ( #3051, #6262, #677, #4966 ) ) ;
#2129 = COLOUR_RGB ( '',0.2509803921568627416, 0.2509803921568627416, 0.2509803921568627416 ) ;
#2130 = SURFACE_STYLE_FILL_AREA ( #120 ) ;
#2131 = CARTESIAN_POINT ( 'NONE',  ( 7.195565981523414756, 0.000000000000000000, -0.1500000000000000222 ) ) ;
#2132 = SURFACE_STYLE_USAGE ( .BOTH. , #6342 ) ;
#2133 = ORIENTED_EDGE ( 'NONE', *, *, #864, .T. ) ;
#2134 = AXIS2_PLACEMENT_3D ( 'NONE', #8591, #3049, #8683 ) ;
#2135 = DIRECTION ( 'NONE',  ( 0.000000000000000000, 0.000000000000000000, -1.000000000000000000 ) ) ;
#2136 = EDGE_CURVE ( 'NONE', #8855, #4863, #6645, .T. ) ;
#2137 = VECTOR ( 'NONE', #8163, 1000.000000000000000 ) ;
#2138 = CARTESIAN_POINT ( 'NONE',  ( 0.000000000000000000, 7.000000000000000888, 0.000000000000000000 ) ) ;
#2139 =( GEOMETRIC_REPRESENTATION_CONTEXT ( 3 ) GLOBAL_UNCERTAINTY_ASSIGNED_CONTEXT ( ( #2944 ) ) GLOBAL_UNIT_ASSIGNED_CONTEXT ( ( #2938, #2902, #8624 ) ) REPRESENTATION_CONTEXT ( 'NONE', 'WORKASPACE' ) );
#2140 = DIRECTION ( 'NONE',  ( 0.000000000000000000, 0.000000000000000000, 1.000000000000000000 ) ) ;
#2141 = ORIENTED_EDGE ( 'NONE', *, *, #3149, .T. ) ;
#2142 = DIRECTION ( 'NONE',  ( 0.000000000000000000, 0.000000000000000000, 1.000000000000000000 ) ) ;
#2143 = DIRECTION ( 'NONE',  ( 8.673617379884051249E-15, 0.000000000000000000, 1.000000000000000000 ) ) ;
#2144 = CARTESIAN_POINT ( 'NONE',  ( -3.787220565217520818, 4.400000000000000355, -6.059658438426500204 ) ) ;
#2145 = FILL_AREA_STYLE ('',( #5754 ) ) ;
#2146 = AXIS2_PLACEMENT_3D ( 'NONE', #7781, #685, #8970 ) ;
#2147 = AXIS2_PLACEMENT_3D ( 'NONE', #2274, #2923, #4384 ) ;
#2148 = DIRECTION ( 'NONE',  ( -0.000000000000000000, -1.000000000000000000, -0.000000000000000000 ) ) ;
#2149 = EDGE_CURVE ( 'NONE', #1199, #5723, #4531, .T. ) ;
#2150 = FACE_OUTER_BOUND ( 'NONE', #9214, .T. ) ;
#2151 = ORIENTED_EDGE ( 'NONE', *, *, #5228, .T. ) ;
#2152 = PRESENTATION_STYLE_ASSIGNMENT (( #1854 ) ) ;
#2153 = CARTESIAN_POINT ( 'NONE',  ( 0.000000000000000000, 4.400000000000000355, 0.000000000000000000 ) ) ;
#2154 = DIRECTION ( 'NONE',  ( 0.000000000000000000, 0.000000000000000000, 1.000000000000000000 ) ) ;
#2155 = AXIS2_PLACEMENT_3D ( 'NONE', #570, #5465, #6871 ) ;
#2156 = ORIENTED_EDGE ( 'NONE', *, *, #5343, .F. ) ;
#2157 = AXIS2_PLACEMENT_3D ( 'NONE', #3799, #3068, #8813 ) ;
#2158 = SURFACE_STYLE_USAGE ( .BOTH. , #5688 ) ;
#2159 = VECTOR ( 'NONE', #3771, 1000.000000000000000 ) ;
#2160 = CARTESIAN_POINT ( 'NONE',  ( 3.864289341707802805, 0.000000000000000000, 6.193145474984839360 ) ) ;
#2161 = UNCERTAINTY_MEASURE_WITH_UNIT (LENGTH_MEASURE( 1.000000000000000082E-05 ), #7380, 'distance_accuracy_value', 'NONE');
#2162 = ORIENTED_EDGE ( 'NONE', *, *, #1356, .F. ) ;
#2163 = PRESENTATION_STYLE_ASSIGNMENT (( #8045 ) ) ;
#2164 = EDGE_LOOP ( 'NONE', ( #8569, #2828, #9245, #6792 ) ) ;
#2165 = DIRECTION ( 'NONE',  ( -0.000000000000000000, -1.000000000000000000, -0.000000000000000000 ) ) ;
#2166 = CARTESIAN_POINT ( 'NONE',  ( 0.000000000000000000, 7.000000000000000888, 0.000000000000000000 ) ) ;
#2167 = DIRECTION ( 'NONE',  ( 0.000000000000000000, 0.000000000000000000, -1.000000000000000000 ) ) ;
#2168 = VECTOR ( 'NONE', #4825, 1000.000000000000000 ) ;
#2169 =( NAMED_UNIT ( * ) SI_UNIT ( $, .STERADIAN. ) SOLID_ANGLE_UNIT ( ) );
#2170 = EDGE_CURVE ( 'NONE', #1134, #6993, #9134, .T. ) ;
#2171 = STYLED_ITEM ( 'NONE', ( #6208 ), #8060 ) ;
#2172 = ORIENTED_EDGE ( 'NONE', *, *, #7573, .F. ) ;
#2173 = AXIS2_PLACEMENT_3D ( 'NONE', #2238, #98, #2860 ) ;
#2174 = UNCERTAINTY_MEASURE_WITH_UNIT (LENGTH_MEASURE( 1.000000000000000082E-05 ), #4011, 'distance_accuracy_value', 'NONE');
#2175 = ORIENTED_EDGE ( 'NONE', *, *, #7375, .F. ) ;
#2176 = DIRECTION ( 'NONE',  ( 0.000000000000000000, 1.000000000000000000, 0.000000000000000000 ) ) ;
#2177 = ORIENTED_EDGE ( 'NONE', *, *, #7214, .T. ) ;
#2178 = SURFACE_STYLE_FILL_AREA ( #1671 ) ;
#2179 = EDGE_CURVE ( 'NONE', #4561, #5931, #6992, .T. ) ;
#2180 = CARTESIAN_POINT ( 'NONE',  ( 6.309658438426486882, 0.000000000000000000, 3.354207863325322947 ) ) ;
#2181 = DIRECTION ( 'NONE',  ( 0.000000000000000000, 1.000000000000000000, 0.000000000000000000 ) ) ;
#2182 = AXIS2_PLACEMENT_3D ( 'NONE', #2203, #1483, #7185 ) ;
#2183 = CLOSED_SHELL ( 'NONE', ( #1960, #8846, #7009, #7581, #1220, #3288, #9132, #150, #7290, #1643, #5906, #1041, #438, #8310, #4541, #7789, #3842, #2558, #1890, #2475, #6061, #7383, #9046, #4239, #5538, #6157, #2561, #6989, #6758, #8267, #7410, #1819, #3427, #1093, #4597, #2603, #6211, #565, #6112, #8995, #1908, #5936, #337, #678, #4111, #8957, #2102, #4489, #4854, #249, #1860, #5402, #669, #5495, #1730, #8903, #5451, #1147, #7526, #5165, #8102, #8159, #7867, #2004, #3102, #3238, #4764, #7434, #8205, #1599, #8343, #978, #3815, #6013, #4714, #207, #2031, #3279, #5545, #2432, #6154, #5806, #8080, #4016, #1271, #5310, #999, #2579, #7340, #2964, #2047, #6714, #3963, #9024, #2565, #8060, #7624, #4439, #1268, #4630, #5526, #4898, #3625, #3714, #954, #8351, #4528, #7588, #1161, #8826, #1128, #908, #2866, #5130, #3368, #7621, #9045, #6764, #2741, #3332, #3001, #295, #8013, #4143, #3868, #1866, #7483, #520, #9098, #7457, #2009, #5448, #3193, #4569, #5261, #3081, #1692, #9250, #2292, #1782, #5358, #6680, #5858, #3665, #439, #2650, #6019, #7772, #4806, #389, #5220, #8718, #7616, #8753, #3240, #612, #3861, #6136, #1823, #6219, #4057, #2379, #9042, #5336, #6971, #3381, #480, #476, #2521, #3145, #1170, #2342, #7057, #1118, #3469, #9, #3772, #1362, #5317, #5444, #9092, #7677, #6591, #3052, #8800, #2657 ) ) ;
#2184 = PRESENTATION_LAYER_ASSIGNMENT (  '', '', ( #2067 ) ) ;
#2185 = ORIENTED_EDGE ( 'NONE', *, *, #2782, .T. ) ;
#2186 = DIRECTION ( 'NONE',  ( 0.000000000000000000, 1.000000000000000000, 0.000000000000000000 ) ) ;
#2187 = ORIENTED_EDGE ( 'NONE', *, *, #4622, .T. ) ;
#2188 =( GEOMETRIC_REPRESENTATION_CONTEXT ( 3 ) GLOBAL_UNCERTAINTY_ASSIGNED_CONTEXT ( ( #6345 ) ) GLOBAL_UNIT_ASSIGNED_CONTEXT ( ( #3845, #6711, #2547 ) ) REPRESENTATION_CONTEXT ( 'NONE', 'WORKASPACE' ) );
#2189 = LINE ( 'NONE', #5998, #2625 ) ;
#2190 = FILL_AREA_STYLE_COLOUR ( '', #4797 ) ;
#2191 = AXIS2_PLACEMENT_3D ( 'NONE', #4248, #1476, #2 ) ;
#2192 = COLOUR_RGB ( '',0.2509803921568627416, 0.2509803921568627416, 0.2509803921568627416 ) ;
#2193 = ORIENTED_EDGE ( 'NONE', *, *, #7109, .T. ) ;
#2194 = CARTESIAN_POINT ( 'NONE',  ( 4.286263797015732281E-17, -1.549999999999999378, 4.415000000000000036 ) ) ;
#2195 = ORIENTED_EDGE ( 'NONE', *, *, #6550, .F. ) ;
#2196 = DIRECTION ( 'NONE',  ( 0.000000000000000000, 1.000000000000000000, 0.000000000000000000 ) ) ;
#2197 = FILL_AREA_STYLE_COLOUR ( '', #4888 ) ;
#2198 =( NAMED_UNIT ( * ) PLANE_ANGLE_UNIT ( ) SI_UNIT ( $, .RADIAN. ) );
#2199 = VERTEX_POINT ( 'NONE', #3450 ) ;
#2200 = CIRCLE ( 'NONE', #1088, 7.049999999999999822 ) ;
#2201 = LINE ( 'NONE', #7251, #5528 ) ;
#2202 = VERTEX_POINT ( 'NONE', #4311 ) ;
#2203 = CARTESIAN_POINT ( 'NONE',  ( 0.000000000000000000, -2.049999999999999822, -4.764999999999998792 ) ) ;
#2204 = DIRECTION ( 'NONE',  ( 0.000000000000000000, 0.000000000000000000, 1.000000000000000000 ) ) ;
#2205 = VERTEX_POINT ( 'NONE', #3596 ) ;
#2206 = AXIS2_PLACEMENT_3D ( 'NONE', #6122, #1859, #9025 ) ;
#2207 = LINE ( 'NONE', #1980, #3073 ) ;
#2208 = EDGE_CURVE ( 'NONE', #5723, #7184, #5405, .T. ) ;
#2209 =( NAMED_UNIT ( * ) PLANE_ANGLE_UNIT ( ) SI_UNIT ( $, .RADIAN. ) );
#2210 = SURFACE_SIDE_STYLE ('',( #7072 ) ) ;
#2211 = EDGE_CURVE ( 'NONE', #6343, #5382, #3393, .T. ) ;
#2212 = AXIS2_PLACEMENT_3D ( 'NONE', #8002, #2879, #7912 ) ;
#2213 = DIRECTION ( 'NONE',  ( 0.000000000000000000, 0.000000000000000000, -1.000000000000000000 ) ) ;
#2214 = PRESENTATION_LAYER_ASSIGNMENT (  '', '', ( #2269 ) ) ;
#2215 = VECTOR ( 'NONE', #8210, 1000.000000000000000 ) ;
#2216 = VECTOR ( 'NONE', #5463, 1000.000000000000000 ) ;
#2217 = DIRECTION ( 'NONE',  ( 1.358706713849480183E-05, 0.000000000000000000, -0.9999999999076957247 ) ) ;
#2218 = CARTESIAN_POINT ( 'NONE',  ( 8.427650322159174745E-16, 6.950000000000000178, 6.838397459621555541 ) ) ;
#2219 = ORIENTED_EDGE ( 'NONE', *, *, #5696, .T. ) ;
#2220 =( NAMED_UNIT ( * ) SI_UNIT ( $, .STERADIAN. ) SOLID_ANGLE_UNIT ( ) );
#2221 =( NAMED_UNIT ( * ) SI_UNIT ( $, .STERADIAN. ) SOLID_ANGLE_UNIT ( ) );
#2222 =( NAMED_UNIT ( * ) SI_UNIT ( $, .STERADIAN. ) SOLID_ANGLE_UNIT ( ) );
#2223 = LINE ( 'NONE', #4675, #5332 ) ;
#2224 = VECTOR ( 'NONE', #627, 1000.000000000000000 ) ;
#2225 =( NAMED_UNIT ( * ) SI_UNIT ( $, .STERADIAN. ) SOLID_ANGLE_UNIT ( ) );
#2226 = PRESENTATION_LAYER_ASSIGNMENT (  '', '', ( #3458 ) ) ;
#2227 = UNCERTAINTY_MEASURE_WITH_UNIT (LENGTH_MEASURE( 1.000000000000000082E-05 ), #2096, 'distance_accuracy_value', 'NONE');
#2228 =( NAMED_UNIT ( * ) SI_UNIT ( $, .STERADIAN. ) SOLID_ANGLE_UNIT ( ) );
#2229 = SURFACE_SIDE_STYLE ('',( #1898 ) ) ;
#2230 = DIRECTION ( 'NONE',  ( 0.000000000000000000, 1.000000000000000000, 0.000000000000000000 ) ) ;
#2231 = VERTEX_POINT ( 'NONE', #5040 ) ;
#2232 = DIRECTION ( 'NONE',  ( -0.000000000000000000, -1.000000000000000000, -0.000000000000000000 ) ) ;
#2233 = CARTESIAN_POINT ( 'NONE',  ( -7.041548310661132071, 0.000000000000000000, 0.3451048951048951152 ) ) ;
#2234 = COLOUR_RGB ( '',0.9098039215686274384, 0.4431372549019607643, 0.03137254901960784270 ) ;
#2235 = DIRECTION ( 'NONE',  ( -0.000000000000000000, -1.000000000000000000, -0.000000000000000000 ) ) ;
#2236 = DIRECTION ( 'NONE',  ( 0.000000000000000000, 1.000000000000000000, 0.000000000000000000 ) ) ;
#2237 = FILL_AREA_STYLE ('',( #5779 ) ) ;
#2238 = CARTESIAN_POINT ( 'NONE',  ( 5.540228309825170783, 6.950000000000000178, -2.380333944477845964 ) ) ;
#2239 = AXIS2_PLACEMENT_3D ( 'NONE', #7992, #3678, #5821 ) ;
#2240 = FACE_OUTER_BOUND ( 'NONE', #6759, .T. ) ;
#2241 = STYLED_ITEM ( 'NONE', ( #7936 ), #3665 ) ;
#2242 = CARTESIAN_POINT ( 'NONE',  ( 7.141428428542850426, 4.400000000000000355, -0.2500000000000000000 ) ) ;
#2243 = SURFACE_SIDE_STYLE ('',( #7708 ) ) ;
#2244 = LINE ( 'NONE', #5009, #3905 ) ;
#2245 = DIRECTION ( 'NONE',  ( -0.000000000000000000, -1.000000000000000000, -0.000000000000000000 ) ) ;
#2246 = VERTEX_POINT ( 'NONE', #4252 ) ;
#2247 = SURFACE_STYLE_FILL_AREA ( #2721 ) ;
#2248 = DIRECTION ( 'NONE',  ( 0.000000000000000000, 0.000000000000000000, 1.000000000000000000 ) ) ;
#2249 = FILL_AREA_STYLE ('',( #3684 ) ) ;
#2250 = STYLED_ITEM ( 'NONE', ( #6376 ), #4714 ) ;
#2251 = PRESENTATION_STYLE_ASSIGNMENT (( #2132 ) ) ;
#2252 = SURFACE_STYLE_USAGE ( .BOTH. , #7935 ) ;
#2253 = CARTESIAN_POINT ( 'NONE',  ( -3.467879180194027633, 0.000000000000000000, 6.406542934606394013 ) ) ;
#2254 = ORIENTED_EDGE ( 'NONE', *, *, #152, .F. ) ;
#2255 = EDGE_CURVE ( 'NONE', #1134, #5282, #4420, .T. ) ;
#2256 = AXIS2_PLACEMENT_3D ( 'NONE', #3071, #222, #6733 ) ;
#2257 = SURFACE_STYLE_USAGE ( .BOTH. , #1547 ) ;
#2258 = DIRECTION ( 'NONE',  ( 0.000000000000000000, 0.000000000000000000, 1.000000000000000000 ) ) ;
#2259 = FACE_OUTER_BOUND ( 'NONE', #1315, .T. ) ;
#2260 = EDGE_CURVE ( 'NONE', #9215, #5289, #2621, .T. ) ;
#2261 = FILL_AREA_STYLE ('',( #3601 ) ) ;
#2262 = PRESENTATION_STYLE_ASSIGNMENT (( #4837 ) ) ;
#2263 = CARTESIAN_POINT ( 'NONE',  ( -5.925607271455486824, 0.000000000000000000, 3.819643761461775533 ) ) ;
#2264 = EDGE_LOOP ( 'NONE', ( #7743, #2381 ) ) ;
#2265 = SURFACE_STYLE_USAGE ( .BOTH. , #2914 ) ;
#2266 = DIRECTION ( 'NONE',  ( 0.000000000000000000, 0.000000000000000000, 1.000000000000000000 ) ) ;
#2267 = DIRECTION ( 'NONE',  ( 0.000000000000000000, 1.000000000000000000, 0.000000000000000000 ) ) ;
#2268 = LINE ( 'NONE', #1526, #6490 ) ;
#2269 = STYLED_ITEM ( 'NONE', ( #2533 ), #6219 ) ;
#2270 = CARTESIAN_POINT ( 'NONE',  ( -3.595821286270651118, 7.000000000000000888, -2.587794026416313731 ) ) ;
#2271 = EDGE_CURVE ( 'NONE', #9063, #3696, #6531, .T. ) ;
#2272 = ORIENTED_EDGE ( 'NONE', *, *, #6012, .T. ) ;
#2273 = CARTESIAN_POINT ( 'NONE',  ( 0.000000000000000000, 6.900000000000000355, 0.000000000000000000 ) ) ;
#2274 = CARTESIAN_POINT ( 'NONE',  ( -3.267605322946857349, 0.000000000000000000, -6.359658438426499139 ) ) ;
#2275 = CARTESIAN_POINT ( 'NONE',  ( -3.739289341707803249, 0.000000000000000000, -5.976639124038729101 ) ) ;
#2276 = COLOUR_RGB ( '',0.2509803921568627416, 0.2509803921568627416, 0.2509803921568627416 ) ;
#2277 = CYLINDRICAL_SURFACE ( 'NONE', #7412, 0.09999999999999999167 ) ;
#2278 =( LENGTH_UNIT ( ) NAMED_UNIT ( * ) SI_UNIT ( .MILLI., .METRE. ) );
#2279 = MECHANICAL_DESIGN_GEOMETRIC_PRESENTATION_REPRESENTATION (  '', ( #1805 ), #7908 ) ;
#2280 = ORIENTED_EDGE ( 'NONE', *, *, #7163, .F. ) ;
#2281 =( GEOMETRIC_REPRESENTATION_CONTEXT ( 3 ) GLOBAL_UNCERTAINTY_ASSIGNED_CONTEXT ( ( #4624 ) ) GLOBAL_UNIT_ASSIGNED_CONTEXT ( ( #4688, #2564, #1879 ) ) REPRESENTATION_CONTEXT ( 'NONE', 'WORKASPACE' ) );
#2282 = ORIENTED_EDGE ( 'NONE', *, *, #3305, .T. ) ;
#2283 = EDGE_LOOP ( 'NONE', ( #4618, #2141, #4229, #2280 ) ) ;
#2284 =( NAMED_UNIT ( * ) SI_UNIT ( $, .STERADIAN. ) SOLID_ANGLE_UNIT ( ) );
#2285 = DIRECTION ( 'NONE',  ( 0.000000000000000000, 1.000000000000000000, 0.000000000000000000 ) ) ;
#2286 = FILL_AREA_STYLE ('',( #6479 ) ) ;
#2287 = LINE ( 'NONE', #5128, #746 ) ;
#2288 = ORIENTED_EDGE ( 'NONE', *, *, #3693, .T. ) ;
#2289 = PLANE ( 'NONE',  #5214 ) ;
#2290 = ORIENTED_EDGE ( 'NONE', *, *, #6900, .T. ) ;
#2291 = CARTESIAN_POINT ( 'NONE',  ( -6.306542934606381934, 4.400000000000000355, -3.467879180194048949 ) ) ;
#2292 = ADVANCED_FACE ( 'NONE', ( #2085 ), #6363, .F. ) ;
#2293 = ORIENTED_EDGE ( 'NONE', *, *, #4622, .F. ) ;
#2294 = CIRCLE ( 'NONE', #8687, 0.8491910750014877163 ) ;
#2295 = DIRECTION ( 'NONE',  ( -0.8660254037844397068, -0.000000000000000000, -0.4999999999999979461 ) ) ;
#2296 = EDGE_CURVE ( 'NONE', #8734, #635, #1312, .T. ) ;
#2297 = ORIENTED_EDGE ( 'NONE', *, *, #1553, .F. ) ;
#2298 = MECHANICAL_DESIGN_GEOMETRIC_PRESENTATION_REPRESENTATION (  '', ( #7613 ), #8580 ) ;
#2299 = CARTESIAN_POINT ( 'NONE',  ( 1.010333609296566550E-15, -2.049999999999999822, -8.250000000000000000 ) ) ;
#2300 = DIRECTION ( 'NONE',  ( 0.000000000000000000, 1.000000000000000000, 0.000000000000000000 ) ) ;
#2301 = FACE_OUTER_BOUND ( 'NONE', #5078, .T. ) ;
#2302 = FILL_AREA_STYLE_COLOUR ( '', #8977 ) ;
#2303 = VERTEX_POINT ( 'NONE', #1385 ) ;
#2304 =( LENGTH_UNIT ( ) NAMED_UNIT ( * ) SI_UNIT ( .MILLI., .METRE. ) );
#2305 = ORIENTED_EDGE ( 'NONE', *, *, #7109, .F. ) ;
#2306 = ORIENTED_EDGE ( 'NONE', *, *, #5640, .F. ) ;
#2307 = SURFACE_STYLE_FILL_AREA ( #773 ) ;
#2308 = ORIENTED_EDGE ( 'NONE', *, *, #7424, .T. ) ;
#2309 = DIRECTION ( 'NONE',  ( 0.000000000000000000, 1.000000000000000000, 0.000000000000000000 ) ) ;
#2310 = CIRCLE ( 'NONE', #2801, 0.1352311274094740168 ) ;
#2311 = DIRECTION ( 'NONE',  ( -0.000000000000000000, -1.000000000000000000, -0.000000000000000000 ) ) ;
#2312 =( GEOMETRIC_REPRESENTATION_CONTEXT ( 3 ) GLOBAL_UNCERTAINTY_ASSIGNED_CONTEXT ( ( #6113 ) ) GLOBAL_UNIT_ASSIGNED_CONTEXT ( ( #7589, #6916, #3338 ) ) REPRESENTATION_CONTEXT ( 'NONE', 'WORKASPACE' ) );
#2313 =( GEOMETRIC_REPRESENTATION_CONTEXT ( 3 ) GLOBAL_UNCERTAINTY_ASSIGNED_CONTEXT ( ( #2127 ) ) GLOBAL_UNIT_ASSIGNED_CONTEXT ( ( #7689, #3418, #3377 ) ) REPRESENTATION_CONTEXT ( 'NONE', 'WORKASPACE' ) );
#2314 = ORIENTED_EDGE ( 'NONE', *, *, #110, .F. ) ;
#2315 = CARTESIAN_POINT ( 'NONE',  ( -3.354207863325301631, 4.400000000000000355, -6.309658438426499316 ) ) ;
#2316 = CARTESIAN_POINT ( 'NONE',  ( 3.579326398285364252, 6.950000000000000178, -3.916962665652261144 ) ) ;
#2317 = ORIENTED_EDGE ( 'NONE', *, *, #7140, .T. ) ;
#2318 =( GEOMETRIC_REPRESENTATION_CONTEXT ( 3 ) GLOBAL_UNCERTAINTY_ASSIGNED_CONTEXT ( ( #8482 ) ) GLOBAL_UNIT_ASSIGNED_CONTEXT ( ( #4041, #4761, #9180 ) ) REPRESENTATION_CONTEXT ( 'NONE', 'WORKASPACE' ) );
#2319 = EDGE_LOOP ( 'NONE', ( #8224, #6287, #9100, #1726 ) ) ;
#2320 = EDGE_CURVE ( 'NONE', #8766, #3569, #7216, .T. ) ;
#2321 = DIRECTION ( 'NONE',  ( 0.8660254037844380415, -0.000000000000000000, -0.5000000000000009992 ) ) ;
#2322 = SURFACE_STYLE_USAGE ( .BOTH. , #8650 ) ;
#2323 =( LENGTH_UNIT ( ) NAMED_UNIT ( * ) SI_UNIT ( .MILLI., .METRE. ) );
#2324 = CARTESIAN_POINT ( 'NONE',  ( -6.356542934606381756, 0.000000000000000000, -3.381276639815605556 ) ) ;
#2325 = PRESENTATION_STYLE_ASSIGNMENT (( #1376 ) ) ;
#2326 = SURFACE_STYLE_FILL_AREA ( #3803 ) ;
#2327 = CARTESIAN_POINT ( 'NONE',  ( -3.814289341707803427, 0.000000000000000000, 6.106542934606395079 ) ) ;
#2328 = AXIS2_PLACEMENT_3D ( 'NONE', #7041, #8379, #2670 ) ;
#2329 = DIRECTION ( 'NONE',  ( 0.000000000000000000, 0.000000000000000000, 1.000000000000000000 ) ) ;
#2330 = EDGE_LOOP ( 'NONE', ( #6078, #5055, #7144, #4914 ) ) ;
#2331 = DIRECTION ( 'NONE',  ( -0.8660254037844382635, 0.000000000000000000, 0.5000000000000006661 ) ) ;
#2332 = CARTESIAN_POINT ( 'NONE',  ( 0.4164957789511533615, 6.950000000000000178, 2.743934908718901777 ) ) ;
#2333 = ORIENTED_EDGE ( 'NONE', *, *, #1331, .T. ) ;
#2334 = EDGE_CURVE ( 'NONE', #9178, #1181, #8779, .T. ) ;
#2335 = FACE_OUTER_BOUND ( 'NONE', #3895, .T. ) ;
#2336 = UNCERTAINTY_MEASURE_WITH_UNIT (LENGTH_MEASURE( 1.000000000000000082E-05 ), #6622, 'distance_accuracy_value', 'NONE');
#2337 = PLANE ( 'NONE',  #3405 ) ;
#2338 = STYLED_ITEM ( 'NONE', ( #2635 ), #6636 ) ;
#2339 = ORIENTED_EDGE ( 'NONE', *, *, #4353, .T. ) ;
#2340 = CIRCLE ( 'NONE', #2444, 7.049999999999999822 ) ;
#2341 = SURFACE_STYLE_USAGE ( .BOTH. , #3813 ) ;
#2342 = ADVANCED_FACE ( 'NONE', ( #4652 ), #4329, .F. ) ;
#2343 = VERTEX_POINT ( 'NONE', #3765 ) ;
#2344 = UNCERTAINTY_MEASURE_WITH_UNIT (LENGTH_MEASURE( 1.000000000000000082E-05 ), #6187, 'distance_accuracy_value', 'NONE');
#2345 = ORIENTED_EDGE ( 'NONE', *, *, #7268, .T. ) ;
#2346 = FILL_AREA_STYLE ('',( #8138 ) ) ;
#2347 = FACE_OUTER_BOUND ( 'NONE', #6573, .T. ) ;
#2348 = FILL_AREA_STYLE ('',( #932 ) ) ;
#2349 = AXIS2_PLACEMENT_3D ( 'NONE', #4221, #1157, #2677 ) ;
#2350 = SURFACE_STYLE_USAGE ( .BOTH. , #935 ) ;
#2351 = ORIENTED_EDGE ( 'NONE', *, *, #453, .F. ) ;
#2352 = DIRECTION ( 'NONE',  ( 0.000000000000000000, 1.000000000000000000, 0.000000000000000000 ) ) ;
#2353 = CARTESIAN_POINT ( 'NONE',  ( 3.221904549199348544, 0.000000000000000000, -6.270712166560393541 ) ) ;
#2354 = CARTESIAN_POINT ( 'NONE',  ( -3.267605322946856461, 4.400000000000000355, 6.359658438426497362 ) ) ;
#2355 =( NAMED_UNIT ( * ) SI_UNIT ( $, .STERADIAN. ) SOLID_ANGLE_UNIT ( ) );
#2356 = SURFACE_STYLE_FILL_AREA ( #2560 ) ;
#2357 = CIRCLE ( 'NONE', #7759, 0.1352311273311096185 ) ;
#2358 = EDGE_CURVE ( 'NONE', #4863, #1289, #7784, .T. ) ;
#2359 = FILL_AREA_STYLE_COLOUR ( '', #4617 ) ;
#2360 = DIRECTION ( 'NONE',  ( -0.000000000000000000, -1.000000000000000000, -0.000000000000000000 ) ) ;
#2361 = MECHANICAL_DESIGN_GEOMETRIC_PRESENTATION_REPRESENTATION (  '', ( #3110 ), #3290 ) ;
#2362 = FACE_OUTER_BOUND ( 'NONE', #5301, .T. ) ;
#2363 = ORIENTED_EDGE ( 'NONE', *, *, #1619, .F. ) ;
#2364 =( GEOMETRIC_REPRESENTATION_CONTEXT ( 3 ) GLOBAL_UNCERTAINTY_ASSIGNED_CONTEXT ( ( #991 ) ) GLOBAL_UNIT_ASSIGNED_CONTEXT ( ( #6515, #4470, #7275 ) ) REPRESENTATION_CONTEXT ( 'NONE', 'WORKASPACE' ) );
#2365 = CARTESIAN_POINT ( 'NONE',  ( 6.309658438426486882, 4.400000000000000355, 3.354207863325322947 ) ) ;
#2366 = DIRECTION ( 'NONE',  ( 1.000000000000000000, -0.000000000000000000, 1.224646799147353207E-16 ) ) ;
#2367 = DIRECTION ( 'NONE',  ( 4.336808689942006692E-15, 0.000000000000000000, 1.000000000000000000 ) ) ;
#2368 = EDGE_LOOP ( 'NONE', ( #2926, #3928, #1066, #4002 ) ) ;
#2369 = SURFACE_STYLE_FILL_AREA ( #5395 ) ;
#2370 = SURFACE_STYLE_USAGE ( .BOTH. , #3123 ) ;
#2371 =( GEOMETRIC_REPRESENTATION_CONTEXT ( 3 ) GLOBAL_UNCERTAINTY_ASSIGNED_CONTEXT ( ( #6226 ) ) GLOBAL_UNIT_ASSIGNED_CONTEXT ( ( #6788, #2528, #6105 ) ) REPRESENTATION_CONTEXT ( 'NONE', 'WORKASPACE' ) );
#2372 = CIRCLE ( 'NONE', #4210, 0.09999999999999982514 ) ;
#2373 = EDGE_CURVE ( 'NONE', #8136, #415, #4866, .T. ) ;
#2374 = VERTEX_POINT ( 'NONE', #823 ) ;
#2375 =( NAMED_UNIT ( * ) PLANE_ANGLE_UNIT ( ) SI_UNIT ( $, .RADIAN. ) );
#2376 = VECTOR ( 'NONE', #1915, 1000.000000000000000 ) ;
#2377 = LINE ( 'NONE', #1611, #1491 ) ;
#2378 = DIRECTION ( 'NONE',  ( 0.000000000000000000, 1.000000000000000000, 0.000000000000000000 ) ) ;
#2379 = ADVANCED_FACE ( 'NONE', ( #3042 ), #4593, .F. ) ;
#2380 = DIRECTION ( 'NONE',  ( -0.000000000000000000, -1.000000000000000000, -0.000000000000000000 ) ) ;
#2381 = ORIENTED_EDGE ( 'NONE', *, *, #3271, .T. ) ;
#2382 = DIRECTION ( 'NONE',  ( 0.000000000000000000, 0.000000000000000000, 1.000000000000000000 ) ) ;
#2383 = FACE_OUTER_BOUND ( 'NONE', #1296, .T. ) ;
#2384 = SURFACE_SIDE_STYLE ('',( #9093 ) ) ;
#2385 = ORIENTED_EDGE ( 'NONE', *, *, #3092, .F. ) ;
#2386 =( GEOMETRIC_REPRESENTATION_CONTEXT ( 3 ) GLOBAL_UNCERTAINTY_ASSIGNED_CONTEXT ( ( #4331 ) ) GLOBAL_UNIT_ASSIGNED_CONTEXT ( ( #9030, #5491, #1893 ) ) REPRESENTATION_CONTEXT ( 'NONE', 'WORKASPACE' ) );
#2387 = FACE_OUTER_BOUND ( 'NONE', #2422, .T. ) ;
#2388 = CIRCLE ( 'NONE', #7356, 7.049999999999999822 ) ;
#2389 = SURFACE_SIDE_STYLE ('',( #4344 ) ) ;
#2390 = DIRECTION ( 'NONE',  ( 0.000000000000000000, 0.000000000000000000, 1.000000000000000000 ) ) ;
#2391 = CIRCLE ( 'NONE', #2707, 0.3499999999999996447 ) ;
#2392 = CARTESIAN_POINT ( 'NONE',  ( 5.540228309825170783, 7.000000000000000888, -3.222622925020784734 ) ) ;
#2393 = ORIENTED_EDGE ( 'NONE', *, *, #6757, .T. ) ;
#2394 = DIRECTION ( 'NONE',  ( -0.000000000000000000, 1.000000000000000000, -0.000000000000000000 ) ) ;
#2395 =( NAMED_UNIT ( * ) SI_UNIT ( $, .STERADIAN. ) SOLID_ANGLE_UNIT ( ) );
#2396 = SURFACE_STYLE_FILL_AREA ( #5084 ) ;
#2397 = VERTEX_POINT ( 'NONE', #7957 ) ;
#2398 = FILL_AREA_STYLE_COLOUR ( '', #199 ) ;
#2399 = ORIENTED_EDGE ( 'NONE', *, *, #4394, .F. ) ;
#2400 = FACE_OUTER_BOUND ( 'NONE', #270, .T. ) ;
#2401 = CIRCLE ( 'NONE', #7027, 0.09999999999999982514 ) ;
#2402 = AXIS2_PLACEMENT_3D ( 'NONE', #4150, #552, #4122 ) ;
#2403 = FILL_AREA_STYLE ('',( #8233 ) ) ;
#2404 = DIRECTION ( 'NONE',  ( 0.000000000000000000, 0.000000000000000000, -1.000000000000000000 ) ) ;
#2405 = EDGE_LOOP ( 'NONE', ( #4184, #1799, #4646, #7943 ) ) ;
#2406 = LINE ( 'NONE', #521, #3969 ) ;
#2407 = ORIENTED_EDGE ( 'NONE', *, *, #5793, .T. ) ;
#2408 =( NAMED_UNIT ( * ) SI_UNIT ( $, .STERADIAN. ) SOLID_ANGLE_UNIT ( ) );
#2409 = CARTESIAN_POINT ( 'NONE',  ( 0.000000000000000000, 7.000000000000000888, 0.000000000000000000 ) ) ;
#2410 = LINE ( 'NONE', #2710, #432 ) ;
#2411 = VERTEX_POINT ( 'NONE', #2315 ) ;
#2412 = DIRECTION ( 'NONE',  ( -0.000000000000000000, 1.000000000000000000, -0.000000000000000000 ) ) ;
#2413 = ORIENTED_EDGE ( 'NONE', *, *, #6553, .T. ) ;
#2414 = DIRECTION ( 'NONE',  ( 0.000000000000000000, -0.000000000000000000, 1.000000000000000000 ) ) ;
#2415 = EDGE_CURVE ( 'NONE', #689, #321, #7886, .T. ) ;
#2416 = STYLED_ITEM ( 'NONE', ( #5502 ), #8718 ) ;
#2417 = CARTESIAN_POINT ( 'NONE',  ( 3.787220565217520818, 4.400000000000000355, -6.059658438426500204 ) ) ;
#2418 = ORIENTED_EDGE ( 'NONE', *, *, #6257, .T. ) ;
#2419 = DIRECTION ( 'NONE',  ( -0.000000000000000000, -1.000000000000000000, -0.000000000000000000 ) ) ;
#2420 = CARTESIAN_POINT ( 'NONE',  ( 2.434764514642112410, 6.950000000000000178, 4.304093053426401916 ) ) ;
#2421 = SURFACE_STYLE_FILL_AREA ( #2601 ) ;
#2422 = EDGE_LOOP ( 'NONE', ( #428, #3188, #559, #9244 ) ) ;
#2423 = STYLED_ITEM ( 'NONE', ( #8317 ), #3279 ) ;
#2424 = DIRECTION ( 'NONE',  ( 0.000000000000000000, 0.000000000000000000, 1.000000000000000000 ) ) ;
#2425 = ORIENTED_EDGE ( 'NONE', *, *, #8851, .F. ) ;
#2426 =( NAMED_UNIT ( * ) PLANE_ANGLE_UNIT ( ) SI_UNIT ( $, .RADIAN. ) );
#2427 = CARTESIAN_POINT ( 'NONE',  ( -5.519410630279383057, 6.950000000000000178, 2.575017263033283932 ) ) ;
#2428 = FILL_AREA_STYLE ('',( #8615 ) ) ;
#2429 = CIRCLE ( 'NONE', #269, 7.049999999999999822 ) ;
#2430 = CARTESIAN_POINT ( 'NONE',  ( 1.585573439717987920, 6.950000000000000178, -3.375547973270170310 ) ) ;
#2431 = CARTESIAN_POINT ( 'NONE',  ( 0.4164957789511533615, 7.000000000000000888, -2.784806355831972002 ) ) ;
#2432 = ADVANCED_FACE ( 'NONE', ( #5957 ), #3838, .F. ) ;
#2433 = VERTEX_POINT ( 'NONE', #5250 ) ;
#2434 = AXIS2_PLACEMENT_3D ( 'NONE', #6920, #1273, #6214 ) ;
#2435 = EDGE_CURVE ( 'NONE', #4994, #1918, #9003, .T. ) ;
#2436 = EDGE_CURVE ( 'NONE', #5303, #8611, #4409, .T. ) ;
#2437 = CYLINDRICAL_SURFACE ( 'NONE', #6775, 0.1000000000000002554 ) ;
#2438 = PLANE ( 'NONE',  #785 ) ;
#2439 = DIRECTION ( 'NONE',  ( 0.000000000000000000, 0.000000000000000000, -1.000000000000000000 ) ) ;
#2440 = DIRECTION ( 'NONE',  ( 0.000000000000000000, 0.000000000000000000, 1.000000000000000000 ) ) ;
#2441 = DIRECTION ( 'NONE',  ( 0.000000000000000000, 0.000000000000000000, -1.000000000000000000 ) ) ;
#2442 = DIRECTION ( 'NONE',  ( -0.000000000000000000, 1.000000000000000000, -0.000000000000000000 ) ) ;
#2443 = VERTEX_POINT ( 'NONE', #1717 ) ;
#2444 = AXIS2_PLACEMENT_3D ( 'NONE', #2100, #765, #7078 ) ;
#2445 = SURFACE_STYLE_FILL_AREA ( #1352 ) ;
#2446 = FILL_AREA_STYLE_COLOUR ( '', #5971 ) ;
#2447 =( LENGTH_UNIT ( ) NAMED_UNIT ( * ) SI_UNIT ( .MILLI., .METRE. ) );
#2448 = DIRECTION ( 'NONE',  ( -1.000000000000000000, 0.000000000000000000, 0.000000000000000000 ) ) ;
#2449 = DIRECTION ( 'NONE',  ( -0.000000000000000000, 1.000000000000000000, -0.000000000000000000 ) ) ;
#2450 = EDGE_CURVE ( 'NONE', #7883, #3146, #4645, .T. ) ;
#2451 = VERTEX_POINT ( 'NONE', #8084 ) ;
#2452 = CARTESIAN_POINT ( 'NONE',  ( -2.426448254617682210, 6.950000000000000178, -4.310987324483573246 ) ) ;
#2453 = STYLED_ITEM ( 'NONE', ( #6979 ), #2475 ) ;
#2454 = CARTESIAN_POINT ( 'NONE',  ( -5.588312836269678563, 6.950000000000000178, -3.319752949239375805 ) ) ;
#2455 = SURFACE_SIDE_STYLE ('',( #7336 ) ) ;
#2456 = AXIS2_PLACEMENT_3D ( 'NONE', #6838, #7516, #3214 ) ;
#2457 = DIRECTION ( 'NONE',  ( 0.000000000000000000, 1.000000000000000000, 0.000000000000000000 ) ) ;
#2458 = DIRECTION ( 'NONE',  ( 0.000000000000000000, 1.000000000000000000, 0.000000000000000000 ) ) ;
#2459 = CARTESIAN_POINT ( 'NONE',  ( -1.281886370897095784, 6.950000000000000178, -2.784806355831971114 ) ) ;
#2460 = ORIENTED_EDGE ( 'NONE', *, *, #1533, .F. ) ;
#2461 = EDGE_CURVE ( 'NONE', #5282, #877, #4857, .T. ) ;
#2462 = CYLINDRICAL_SURFACE ( 'NONE', #4126, 0.1352311273310818629 ) ;
#2463 =( LENGTH_UNIT ( ) NAMED_UNIT ( * ) SI_UNIT ( .MILLI., .METRE. ) );
#2464 = DIRECTION ( 'NONE',  ( 1.000000000000000000, -0.000000000000000000, 0.000000000000000000 ) ) ;
#2465 = SURFACE_STYLE_FILL_AREA ( #2952 ) ;
#2466 = DIRECTION ( 'NONE',  ( 0.8660254037844397068, -0.000000000000000000, -0.4999999999999979461 ) ) ;
#2467 = ORIENTED_EDGE ( 'NONE', *, *, #1482, .F. ) ;
#2468 = EDGE_CURVE ( 'NONE', #4862, #6041, #2733, .T. ) ;
#2469 = AXIS2_PLACEMENT_3D ( 'NONE', #4399, #142, #3725 ) ;
#2470 = FACE_OUTER_BOUND ( 'NONE', #4075, .T. ) ;
#2471 =( GEOMETRIC_REPRESENTATION_CONTEXT ( 3 ) GLOBAL_UNCERTAINTY_ASSIGNED_CONTEXT ( ( #816 ) ) GLOBAL_UNIT_ASSIGNED_CONTEXT ( ( #5601, #7754, #9202 ) ) REPRESENTATION_CONTEXT ( 'NONE', 'WORKASPACE' ) );
#2472 = FACE_BOUND ( 'NONE', #4734, .T. ) ;
#2473 = STYLED_ITEM ( 'NONE', ( #2152 ), #3240 ) ;
#2474 = FILL_AREA_STYLE_COLOUR ( '', #4788 ) ;
#2475 = ADVANCED_FACE ( 'NONE', ( #5514 ), #6741, .T. ) ;
#2476 = DIRECTION ( 'NONE',  ( -0.000000000000000000, -1.000000000000000000, -0.000000000000000000 ) ) ;
#2477 = DIRECTION ( 'NONE',  ( 1.000000000000000000, 0.000000000000000000, -1.224646799147353207E-16 ) ) ;
#2478 = ORIENTED_EDGE ( 'NONE', *, *, #2774, .F. ) ;
#2479 = CARTESIAN_POINT ( 'NONE',  ( -0.4326952959729711279, 7.000000000000000888, -2.784806355831972446 ) ) ;
#2480 = CARTESIAN_POINT ( 'NONE',  ( -3.467879180194027633, 0.000000000000000000, 6.406542934606394013 ) ) ;
#2481 = EDGE_CURVE ( 'NONE', #7485, #4084, #2294, .T. ) ;
#2482 = VECTOR ( 'NONE', #5574, 1000.000000000000000 ) ;
#2483 =( LENGTH_UNIT ( ) NAMED_UNIT ( * ) SI_UNIT ( .MILLI., .METRE. ) );
#2484 = STYLED_ITEM ( 'NONE', ( #8268 ), #4528 ) ;
#2485 = CIRCLE ( 'NONE', #2134, 0.1476854043595491328 ) ;
#2486 = ORIENTED_EDGE ( 'NONE', *, *, #4802, .T. ) ;
#2487 = CARTESIAN_POINT ( 'NONE',  ( 4.286263797015733513E-17, -28.50000000000000000, -5.114999999999998437 ) ) ;
#2488 = DIRECTION ( 'NONE',  ( 0.000000000000000000, -0.000000000000000000, -1.000000000000000000 ) ) ;
#2489 = DIRECTION ( 'NONE',  ( 0.000000000000000000, 0.000000000000000000, -1.000000000000000000 ) ) ;
#2490 = FACE_OUTER_BOUND ( 'NONE', #7779, .T. ) ;
#2491 = COLOUR_RGB ( '',0.2509803921568627416, 0.2509803921568627416, 0.2509803921568627416 ) ;
#2492 = VERTEX_POINT ( 'NONE', #952 ) ;
#2493 = ORIENTED_EDGE ( 'NONE', *, *, #4878, .T. ) ;
#2494 = DIRECTION ( 'NONE',  ( -0.4999999999999983902, 0.000000000000000000, 0.8660254037844394848 ) ) ;
#2495 = FACE_OUTER_BOUND ( 'NONE', #662, .T. ) ;
#2496 =( GEOMETRIC_REPRESENTATION_CONTEXT ( 3 ) GLOBAL_UNCERTAINTY_ASSIGNED_CONTEXT ( ( #1658 ) ) GLOBAL_UNIT_ASSIGNED_CONTEXT ( ( #1776, #4032, #1219 ) ) REPRESENTATION_CONTEXT ( 'NONE', 'WORKASPACE' ) );
#2497 = FACE_OUTER_BOUND ( 'NONE', #2368, .T. ) ;
#2498 = ORIENTED_EDGE ( 'NONE', *, *, #1553, .T. ) ;
#2499 = FILL_AREA_STYLE_COLOUR ( '', #4477 ) ;
#2500 = ORIENTED_EDGE ( 'NONE', *, *, #7749, .T. ) ;
#2501 = DIRECTION ( 'NONE',  ( -0.000000000000000000, -1.000000000000000000, -0.000000000000000000 ) ) ;
#2502 = EDGE_CURVE ( 'NONE', #8086, #7655, #7994, .T. ) ;
#2503 = EDGE_LOOP ( 'NONE', ( #6607, #6598, #8573, #487 ) ) ;
#2504 = COLOUR_RGB ( '',0.2509803921568627416, 0.2509803921568627416, 0.2509803921568627416 ) ;
#2505 = DIRECTION ( 'NONE',  ( 1.734723475976810250E-14, 0.000000000000000000, 1.000000000000000000 ) ) ;
#2506 = DIRECTION ( 'NONE',  ( -1.301042606982602008E-14, 0.000000000000000000, 1.000000000000000000 ) ) ;
#2507 = AXIS2_PLACEMENT_3D ( 'NONE', #5258, #6614, #2439 ) ;
#2508 = ORIENTED_EDGE ( 'NONE', *, *, #3355, .T. ) ;
#2509 =( GEOMETRIC_REPRESENTATION_CONTEXT ( 3 ) GLOBAL_UNCERTAINTY_ASSIGNED_CONTEXT ( ( #1712 ) ) GLOBAL_UNIT_ASSIGNED_CONTEXT ( ( #2714, #8485, #2792 ) ) REPRESENTATION_CONTEXT ( 'NONE', 'WORKASPACE' ) );
#2510 = VERTEX_POINT ( 'NONE', #6809 ) ;
#2511 = AXIS2_PLACEMENT_3D ( 'NONE', #7914, #781, #4963 ) ;
#2512 = ORIENTED_EDGE ( 'NONE', *, *, #761, .F. ) ;
#2513 = COLOUR_RGB ( '',0.9098039215686274384, 0.4431372549019607643, 0.03137254901960784270 ) ;
#2514 = VERTEX_POINT ( 'NONE', #355 ) ;
#2515 = SURFACE_STYLE_USAGE ( .BOTH. , #286 ) ;
#2516 = CARTESIAN_POINT ( 'NONE',  ( 1.450342312386934784, 7.000000000000000888, -3.375547973270169866 ) ) ;
#2517 = DIRECTION ( 'NONE',  ( -0.000000000000000000, -1.000000000000000000, -0.000000000000000000 ) ) ;
#2518 = EDGE_LOOP ( 'NONE', ( #374, #4627, #1419, #429 ) ) ;
#2519 = CARTESIAN_POINT ( 'NONE',  ( -2.426448254617682210, 7.000000000000000888, -4.310987324483573246 ) ) ;
#2520 = CARTESIAN_POINT ( 'NONE',  ( -6.309658438426485105, 0.000000000000000000, -3.354207863325322059 ) ) ;
#2521 = ADVANCED_FACE ( 'NONE', ( #9228 ), #2613, .F. ) ;
#2522 = ORIENTED_EDGE ( 'NONE', *, *, #5156, .T. ) ;
#2523 = SURFACE_STYLE_FILL_AREA ( #3342 ) ;
#2524 = ORIENTED_EDGE ( 'NONE', *, *, #8474, .F. ) ;
#2525 = PRESENTATION_LAYER_ASSIGNMENT (  '', '', ( #6038 ) ) ;
#2526 = MECHANICAL_DESIGN_GEOMETRIC_PRESENTATION_REPRESENTATION (  '', ( #1870 ), #2647 ) ;
#2527 = VERTEX_POINT ( 'NONE', #4043 ) ;
#2528 =( NAMED_UNIT ( * ) PLANE_ANGLE_UNIT ( ) SI_UNIT ( $, .RADIAN. ) );
#2529 = ORIENTED_EDGE ( 'NONE', *, *, #5123, .F. ) ;
#2530 = ORIENTED_EDGE ( 'NONE', *, *, #8110, .T. ) ;
#2531 = DIRECTION ( 'NONE',  ( -0.000000000000000000, -1.000000000000000000, -0.000000000000000000 ) ) ;
#2532 = COLOUR_RGB ( '',0.2509803921568627416, 0.2509803921568627416, 0.2509803921568627416 ) ;
#2533 = PRESENTATION_STYLE_ASSIGNMENT (( #1429 ) ) ;
#2534 = DIRECTION ( 'NONE',  ( -0.000000000000000000, -1.000000000000000000, -0.000000000000000000 ) ) ;
#2535 = EDGE_CURVE ( 'NONE', #2026, #3923, #8229, .T. ) ;
#2536 = STYLED_ITEM ( 'NONE', ( #8539 ), #9098 ) ;
#2537 = FACE_BOUND ( 'NONE', #290, .T. ) ;
#2538 = AXIS2_PLACEMENT_3D ( 'NONE', #6457, #7123, #2258 ) ;
#2539 = CARTESIAN_POINT ( 'NONE',  ( 5.437848229521686783, 7.000000000000000888, -2.587794026416315507 ) ) ;
#2540 = VECTOR ( 'NONE', #8850, 1000.000000000000114 ) ;
#2541 = CARTESIAN_POINT ( 'NONE',  ( -3.267605322946856461, 4.400000000000000355, 6.359658438426497362 ) ) ;
#2542 = ORIENTED_EDGE ( 'NONE', *, *, #5285, .F. ) ;
#2543 = CARTESIAN_POINT ( 'NONE',  ( -1.577144850704425894, 6.950000000000000178, 3.319669296602402842 ) ) ;
#2544 = CARTESIAN_POINT ( 'NONE',  ( 6.243145474984824972, 4.400000000000000355, 3.777686801329380728 ) ) ;
#2545 = DIRECTION ( 'NONE',  ( 0.000000000000000000, -1.000000000000000000, 0.000000000000000000 ) ) ;
#2546 = EDGE_LOOP ( 'NONE', ( #2691, #2813 ) ) ;
#2547 =( NAMED_UNIT ( * ) SI_UNIT ( $, .STERADIAN. ) SOLID_ANGLE_UNIT ( ) );
#2548 = SURFACE_STYLE_FILL_AREA ( #798 ) ;
#2549 = FACE_OUTER_BOUND ( 'NONE', #3547, .T. ) ;
#2550 =( GEOMETRIC_REPRESENTATION_CONTEXT ( 3 ) GLOBAL_UNCERTAINTY_ASSIGNED_CONTEXT ( ( #3990 ) ) GLOBAL_UNIT_ASSIGNED_CONTEXT ( ( #6389, #4246, #4905 ) ) REPRESENTATION_CONTEXT ( 'NONE', 'WORKASPACE' ) );
#2551 = EDGE_CURVE ( 'NONE', #3703, #1359, #6967, .T. ) ;
#2552 = ORIENTED_EDGE ( 'NONE', *, *, #2551, .T. ) ;
#2553 = FILL_AREA_STYLE ('',( #1838 ) ) ;
#2554 = EDGE_CURVE ( 'NONE', #7998, #7979, #7982, .T. ) ;
#2555 = FILL_AREA_STYLE ('',( #3953 ) ) ;
#2556 = PRESENTATION_STYLE_ASSIGNMENT (( #5126 ) ) ;
#2557 = LINE ( 'NONE', #4814, #2772 ) ;
#2558 = ADVANCED_FACE ( 'NONE', ( #3366 ), #8651, .T. ) ;
#2559 = UNCERTAINTY_MEASURE_WITH_UNIT (LENGTH_MEASURE( 1.000000000000000082E-05 ), #4373, 'distance_accuracy_value', 'NONE');
#2560 = FILL_AREA_STYLE ('',( #549 ) ) ;
#2561 = ADVANCED_FACE ( 'NONE', ( #4738 ), #4844, .T. ) ;
#2562 = MECHANICAL_DESIGN_GEOMETRIC_PRESENTATION_REPRESENTATION (  '', ( #1615 ), #319 ) ;
#2563 = ORIENTED_EDGE ( 'NONE', *, *, #535, .T. ) ;
#2564 =( NAMED_UNIT ( * ) PLANE_ANGLE_UNIT ( ) SI_UNIT ( $, .RADIAN. ) );
#2565 = ADVANCED_FACE ( 'NONE', ( #4632 ), #9090, .F. ) ;
#2566 = STYLED_ITEM ( 'NONE', ( #4812 ), #295 ) ;
#2567 = CARTESIAN_POINT ( 'NONE',  ( -1.281886370897095784, 7.000000000000000888, 3.319669296602402842 ) ) ;
#2568 = EDGE_CURVE ( 'NONE', #3658, #573, #6638, .T. ) ;
#2569 =( NAMED_UNIT ( * ) SI_UNIT ( $, .STERADIAN. ) SOLID_ANGLE_UNIT ( ) );
#2570 = ORIENTED_EDGE ( 'NONE', *, *, #3548, .F. ) ;
#2571 = PRESENTATION_LAYER_ASSIGNMENT (  '', '', ( #5480 ) ) ;
#2572 = DIRECTION ( 'NONE',  ( 0.000000000000000000, 1.000000000000000000, 0.000000000000000000 ) ) ;
#2573 = PRESENTATION_STYLE_ASSIGNMENT (( #6109 ) ) ;
#2574 = MECHANICAL_DESIGN_GEOMETRIC_PRESENTATION_REPRESENTATION (  '', ( #6393 ), #2754 ) ;
#2575 = SURFACE_SIDE_STYLE ('',( #2074 ) ) ;
#2576 = CARTESIAN_POINT ( 'NONE',  ( 0.000000000000000000, 6.750000000000000888, 4.764999999999999680 ) ) ;
#2577 = VECTOR ( 'NONE', #9226, 1000.000000000000000 ) ;
#2578 = EDGE_LOOP ( 'NONE', ( #2493, #8811, #7771, #281 ) ) ;
#2579 = ADVANCED_FACE ( 'NONE', ( #2400 ), #6832, .F. ) ;
#2580 =( GEOMETRIC_REPRESENTATION_CONTEXT ( 3 ) GLOBAL_UNCERTAINTY_ASSIGNED_CONTEXT ( ( #2725 ) ) GLOBAL_UNIT_ASSIGNED_CONTEXT ( ( #1191, #6156, #6874 ) ) REPRESENTATION_CONTEXT ( 'NONE', 'WORKASPACE' ) );
#2581 = ORIENTED_EDGE ( 'NONE', *, *, #5285, .T. ) ;
#2582 = CARTESIAN_POINT ( 'NONE',  ( 4.723888281928616983, 7.000000000000000888, 2.531868201111808769 ) ) ;
#2583 = AXIS2_PLACEMENT_3D ( 'NONE', #2627, #3974, #7599 ) ;
#2584 = DIRECTION ( 'NONE',  ( 1.472073994866373248E-05, 0.000000000000000000, 0.9999999998916498933 ) ) ;
#2585 = PRESENTATION_STYLE_ASSIGNMENT (( #1578 ) ) ;
#2586 = SURFACE_STYLE_USAGE ( .BOTH. , #6848 ) ;
#2587 = DIRECTION ( 'NONE',  ( 0.000000000000000000, 0.000000000000000000, 1.000000000000000000 ) ) ;
#2588 = SURFACE_SIDE_STYLE ('',( #9190 ) ) ;
#2589 = CARTESIAN_POINT ( 'NONE',  ( -2.561679381948791967, 7.000000000000000888, 3.836521063224087147 ) ) ;
#2590 = DIRECTION ( 'NONE',  ( 1.000000000000000000, 0.000000000000000000, 0.000000000000000000 ) ) ;
#2591 = FILL_AREA_STYLE_COLOUR ( '', #8537 ) ;
#2592 = COLOUR_RGB ( '',0.2509803921568627416, 0.2509803921568627416, 0.2509803921568627416 ) ;
#2593 = DIRECTION ( 'NONE',  ( -0.000000000000000000, -1.000000000000000000, -0.000000000000000000 ) ) ;
#2594 = PRESENTATION_LAYER_ASSIGNMENT (  '', '', ( #2250 ) ) ;
#2595 =( NAMED_UNIT ( * ) PLANE_ANGLE_UNIT ( ) SI_UNIT ( $, .RADIAN. ) );
#2596 = ORIENTED_EDGE ( 'NONE', *, *, #1444, .F. ) ;
#2597 = CIRCLE ( 'NONE', #833, 0.1000000000000002554 ) ;
#2598 = AXIS2_PLACEMENT_3D ( 'NONE', #2131, #7840, #23 ) ;
#2599 = CARTESIAN_POINT ( 'NONE',  ( 0.000000000000000000, 6.950000000000000178, 0.000000000000000000 ) ) ;
#2600 = VERTEX_POINT ( 'NONE', #3615 ) ;
#2601 = FILL_AREA_STYLE ('',( #2729 ) ) ;
#2602 = SURFACE_SIDE_STYLE ('',( #5167 ) ) ;
#2603 = ADVANCED_FACE ( 'NONE', ( #1834 ), #7296, .T. ) ;
#2604 = FACE_OUTER_BOUND ( 'NONE', #4653, .T. ) ;
#2605 = COLOUR_RGB ( '',0.9098039215686274384, 0.4431372549019607643, 0.03137254901960784270 ) ;
#2606 = UNCERTAINTY_MEASURE_WITH_UNIT (LENGTH_MEASURE( 1.000000000000000082E-05 ), #1406, 'distance_accuracy_value', 'NONE');
#2607 =( GEOMETRIC_REPRESENTATION_CONTEXT ( 3 ) GLOBAL_UNCERTAINTY_ASSIGNED_CONTEXT ( ( #5990 ) ) GLOBAL_UNIT_ASSIGNED_CONTEXT ( ( #1816, #8973, #8305 ) ) REPRESENTATION_CONTEXT ( 'NONE', 'WORKASPACE' ) );
#2608 = FACE_OUTER_BOUND ( 'NONE', #7327, .T. ) ;
#2609 = VERTEX_POINT ( 'NONE', #8051 ) ;
#2610 = CARTESIAN_POINT ( 'NONE',  ( 0.000000000000000000, 6.950000000000000178, 0.000000000000000000 ) ) ;
#2611 = STYLED_ITEM ( 'NONE', ( #3643 ), #5906 ) ;
#2612 = VERTEX_POINT ( 'NONE', #8112 ) ;
#2613 = CYLINDRICAL_SURFACE ( 'NONE', #1150, 0.1600909783257406238 ) ;
#2614 = CIRCLE ( 'NONE', #8532, 0.8491910749241250445 ) ;
#2615 = CARTESIAN_POINT ( 'NONE',  ( -6.106542934606381756, 0.000000000000000000, -3.814289341707823855 ) ) ;
#2616 = DIRECTION ( 'NONE',  ( 1.000000000000000000, 0.000000000000000000, -0.000000000000000000 ) ) ;
#2617 = VERTEX_POINT ( 'NONE', #4481 ) ;
#2618 = CARTESIAN_POINT ( 'NONE',  ( -1.281886370897095784, 6.950000000000000178, 3.319669296602402842 ) ) ;
#2619 = ORIENTED_EDGE ( 'NONE', *, *, #9067, .T. ) ;
#2620 = SURFACE_SIDE_STYLE ('',( #3930 ) ) ;
#2621 = CIRCLE ( 'NONE', #7408, 0.8615891875900896224 ) ;
#2622 = ORIENTED_EDGE ( 'NONE', *, *, #7497, .F. ) ;
#2623 = APPLICATION_CONTEXT ( 'automotive_design' ) ;
#2624 = AXIS2_PLACEMENT_3D ( 'NONE', #9089, #604, #8410 ) ;
#2625 = VECTOR ( 'NONE', #6709, 1000.000000000000000 ) ;
#2626 = PRESENTATION_LAYER_ASSIGNMENT (  '', '', ( #3620 ) ) ;
#2627 = CARTESIAN_POINT ( 'NONE',  ( 3.579326398285364252, 7.000000000000000888, -3.916962665652261144 ) ) ;
#2628 = FILL_AREA_STYLE ('',( #9171 ) ) ;
#2629 = ORIENTED_EDGE ( 'NONE', *, *, #1435, .F. ) ;
#2630 = ORIENTED_EDGE ( 'NONE', *, *, #6678, .F. ) ;
#2631 = PLANE ( 'NONE',  #5046 ) ;
#2632 =( NAMED_UNIT ( * ) SI_UNIT ( $, .STERADIAN. ) SOLID_ANGLE_UNIT ( ) );
#2633 = ORIENTED_EDGE ( 'NONE', *, *, #4668, .F. ) ;
#2634 = DIRECTION ( 'NONE',  ( 0.000000000000000000, 0.000000000000000000, -1.000000000000000000 ) ) ;
#2635 = PRESENTATION_STYLE_ASSIGNMENT (( #404 ) ) ;
#2636 = ORIENTED_EDGE ( 'NONE', *, *, #7403, .T. ) ;
#2637 = CARTESIAN_POINT ( 'NONE',  ( -3.595821286270651118, 7.000000000000000888, 3.836521063224087147 ) ) ;
#2638 = SURFACE_STYLE_FILL_AREA ( #2891 ) ;
#2639 =( NAMED_UNIT ( * ) PLANE_ANGLE_UNIT ( ) SI_UNIT ( $, .RADIAN. ) );
#2640 = SURFACE_STYLE_USAGE ( .BOTH. , #506 ) ;
#2641 = SURFACE_STYLE_FILL_AREA ( #8275 ) ;
#2642 = VERTEX_POINT ( 'NONE', #284 ) ;
#2643 = CARTESIAN_POINT ( 'NONE',  ( -3.595821286270651118, 7.000000000000000888, -2.587794026416313731 ) ) ;
#2644 = EDGE_CURVE ( 'NONE', #3155, #2745, #959, .T. ) ;
#2646 = COLOUR_RGB ( '',1.000000000000000000, 1.000000000000000000, 1.000000000000000000 ) ;
#2645 =( GEOMETRIC_REPRESENTATION_CONTEXT ( 3 ) GLOBAL_UNCERTAINTY_ASSIGNED_CONTEXT ( ( #7835 ) ) GLOBAL_UNIT_ASSIGNED_CONTEXT ( ( #2648, #5439, #8388 ) ) REPRESENTATION_CONTEXT ( 'NONE', 'WORKASPACE' ) );
#2647 =( GEOMETRIC_REPRESENTATION_CONTEXT ( 3 ) GLOBAL_UNCERTAINTY_ASSIGNED_CONTEXT ( ( #4516 ) ) GLOBAL_UNIT_ASSIGNED_CONTEXT ( ( #5174, #2426, #5884 ) ) REPRESENTATION_CONTEXT ( 'NONE', 'WORKASPACE' ) );
#2648 =( LENGTH_UNIT ( ) NAMED_UNIT ( * ) SI_UNIT ( .MILLI., .METRE. ) );
#2649 = VERTEX_POINT ( 'NONE', #5993 ) ;
#2650 = ADVANCED_FACE ( 'NONE', ( #2387 ), #7640, .T. ) ;
#2651 = SURFACE_SIDE_STYLE ('',( #2933 ) ) ;
#2652 = CIRCLE ( 'NONE', #4215, 0.09999999999999982514 ) ;
#2653 = PRESENTATION_STYLE_ASSIGNMENT (( #7272 ) ) ;
#2654 = LINE ( 'NONE', #7508, #3301 ) ;
#2655 = EDGE_CURVE ( 'NONE', #8242, #8904, #735, .T. ) ;
#2656 = MECHANICAL_DESIGN_GEOMETRIC_PRESENTATION_REPRESENTATION (  '', ( #7623 ), #893 ) ;
#2657 = ADVANCED_FACE ( 'NONE', ( #2604 ), #1709, .F. ) ;
#2658 = PRESENTATION_STYLE_ASSIGNMENT (( #2265 ) ) ;
#2659 = FACE_OUTER_BOUND ( 'NONE', #1543, .T. ) ;
#2660 = STYLED_ITEM ( 'NONE', ( #3467 ), #9046 ) ;
#2661 = CARTESIAN_POINT ( 'NONE',  ( 6.270712166560382883, 4.400000000000000355, -3.221904549199370305 ) ) ;
#2662 = AXIS2_PLACEMENT_3D ( 'NONE', #4476, #7370, #911 ) ;
#2663 = DIRECTION ( 'NONE',  ( 0.000000000000000000, 0.000000000000000000, 1.000000000000000000 ) ) ;
#2664 = PRESENTATION_LAYER_ASSIGNMENT (  '', '', ( #7451 ) ) ;
#2665 = ORIENTED_EDGE ( 'NONE', *, *, #4267, .T. ) ;
#2666 = CARTESIAN_POINT ( 'NONE',  ( -3.275639329619170148, 6.950000000000000178, 3.836521063224087147 ) ) ;
#2667 = SURFACE_STYLE_FILL_AREA ( #3142 ) ;
#2668 = CARTESIAN_POINT ( 'NONE',  ( -7.141428428542849538, 4.400000000000000355, 0.2499999999999999445 ) ) ;
#2669 = PRESENTATION_STYLE_ASSIGNMENT (( #2586 ) ) ;
#2670 = DIRECTION ( 'NONE',  ( 0.000000000000000000, 0.000000000000000000, 1.000000000000000000 ) ) ;
#2671 = CARTESIAN_POINT ( 'NONE',  ( -4.309781233941029299, 6.950000000000000178, -2.587784325794568296 ) ) ;
#2672 = DIRECTION ( 'NONE',  ( 0.4999999999999979461, 0.000000000000000000, 0.8660254037844397068 ) ) ;
#2673 = PRESENTATION_STYLE_ASSIGNMENT (( #4362 ) ) ;
#2674 = CARTESIAN_POINT ( 'NONE',  ( 3.267605322946856461, 4.400000000000000355, 6.259658438426496829 ) ) ;
#2675 = VERTEX_POINT ( 'NONE', #5848 ) ;
#2676 =( GEOMETRIC_REPRESENTATION_CONTEXT ( 3 ) GLOBAL_UNCERTAINTY_ASSIGNED_CONTEXT ( ( #2778 ) ) GLOBAL_UNIT_ASSIGNED_CONTEXT ( ( #3078, #3840, #4670 ) ) REPRESENTATION_CONTEXT ( 'NONE', 'WORKASPACE' ) );
#2677 = DIRECTION ( 'NONE',  ( 0.000000000000000000, 0.000000000000000000, 1.000000000000000000 ) ) ;
#2678 = PRESENTATION_STYLE_ASSIGNMENT (( #8751 ) ) ;
#2679 = EDGE_CURVE ( 'NONE', #3013, #3621, #4509, .T. ) ;
#2680 = DIRECTION ( 'NONE',  ( -0.5000000000000006661, 0.000000000000000000, -0.8660254037844382635 ) ) ;
#2681 = VERTEX_POINT ( 'NONE', #8339 ) ;
#2682 = CIRCLE ( 'NONE', #1418, 0.1000000000000002554 ) ;
#2683 = CARTESIAN_POINT ( 'NONE',  ( 0.000000000000000000, 4.400000000000000355, -6.924999999999999822 ) ) ;
#2684 =( NAMED_UNIT ( * ) PLANE_ANGLE_UNIT ( ) SI_UNIT ( $, .RADIAN. ) );
#2685 = AXIS2_PLACEMENT_3D ( 'NONE', #8488, #664, #7246 ) ;
#2686 =( GEOMETRIC_REPRESENTATION_CONTEXT ( 3 ) GLOBAL_UNCERTAINTY_ASSIGNED_CONTEXT ( ( #1999 ) ) GLOBAL_UNIT_ASSIGNED_CONTEXT ( ( #9074, #9139, #5477 ) ) REPRESENTATION_CONTEXT ( 'NONE', 'WORKASPACE' ) );
#2687 = CARTESIAN_POINT ( 'NONE',  ( -3.739289341707803249, 4.400000000000000355, 5.976639124038729101 ) ) ;
#2688 = SURFACE_SIDE_STYLE ('',( #5958 ) ) ;
#2689 = LINE ( 'NONE', #2299, #809 ) ;
#2690 = FILL_AREA_STYLE ('',( #6852 ) ) ;
#2691 = ORIENTED_EDGE ( 'NONE', *, *, #8698, .T. ) ;
#2692 = CARTESIAN_POINT ( 'NONE',  ( -6.156542934606380690, 0.000000000000000000, 3.727686801329380462 ) ) ;
#2693 = FILL_AREA_STYLE_COLOUR ( '', #595 ) ;
#2694 = CYLINDRICAL_SURFACE ( 'NONE', #2724, 0.1000000000000002554 ) ;
#2695 = EDGE_LOOP ( 'NONE', ( #3602, #5410, #6186, #4365 ) ) ;
#2696 = DIRECTION ( 'NONE',  ( 0.000000000000000000, -1.000000000000000000, 0.000000000000000000 ) ) ;
#2697 = CARTESIAN_POINT ( 'NONE',  ( 3.739289341707803249, 4.400000000000000355, 5.976639124038729101 ) ) ;
#2698 = EDGE_CURVE ( 'NONE', #8237, #7365, #1497, .T. ) ;
#2699 = PRESENTATION_LAYER_ASSIGNMENT (  '', '', ( #2050 ) ) ;
#2700 = CARTESIAN_POINT ( 'NONE',  ( -2.426448254617682210, 6.950000000000000178, -4.446218451814682560 ) ) ;
#2701 =( NAMED_UNIT ( * ) SI_UNIT ( $, .STERADIAN. ) SOLID_ANGLE_UNIT ( ) );
#2702 = LINE ( 'NONE', #3644, #4149 ) ;
#2703 = FILL_AREA_STYLE ('',( #8433 ) ) ;
#2704 = PLANE ( 'NONE',  #8098 ) ;
#2705 = EDGE_LOOP ( 'NONE', ( #1932, #1288, #1167, #8340 ) ) ;
#2706 = EDGE_CURVE ( 'NONE', #4115, #3943, #6397, .T. ) ;
#2707 = AXIS2_PLACEMENT_3D ( 'NONE', #1832, #3239, #5400 ) ;
#2708 = PLANE ( 'NONE',  #5909 ) ;
#2709 = ORIENTED_EDGE ( 'NONE', *, *, #5989, .F. ) ;
#2710 = CARTESIAN_POINT ( 'NONE',  ( 3.444095270954282473, 7.000000000000000888, 4.304093053426401916 ) ) ;
#2711 = DIRECTION ( 'NONE',  ( 0.000000000000000000, 0.000000000000000000, -1.000000000000000000 ) ) ;
#2712 = CARTESIAN_POINT ( 'NONE',  ( 8.873259187283602726E-16, 6.750000000000000888, -7.195565981523416532 ) ) ;
#2713 = VECTOR ( 'NONE', #7157, 1000.000000000000000 ) ;
#2714 =( LENGTH_UNIT ( ) NAMED_UNIT ( * ) SI_UNIT ( .MILLI., .METRE. ) );
#2715 = VECTOR ( 'NONE', #7802, 1000.000000000000000 ) ;
#2716 = CARTESIAN_POINT ( 'NONE',  ( 8.934491527240971484E-16, 6.900000000000000355, 7.295565981523417065 ) ) ;
#2717 = ORIENTED_EDGE ( 'NONE', *, *, #2892, .T. ) ;
#2718 = EDGE_LOOP ( 'NONE', ( #2407, #1858, #3592, #3949 ) ) ;
#2719 = DIRECTION ( 'NONE',  ( 0.000000000000000000, 0.000000000000000000, 1.000000000000000000 ) ) ;
#2720 = DIRECTION ( 'NONE',  ( 0.000000000000000000, 0.000000000000000000, 1.000000000000000000 ) ) ;
#2721 = FILL_AREA_STYLE ('',( #2693 ) ) ;
#2722 = ORIENTED_EDGE ( 'NONE', *, *, #9033, .T. ) ;
#2723 = SURFACE_SIDE_STYLE ('',( #4464 ) ) ;
#2724 = AXIS2_PLACEMENT_3D ( 'NONE', #7688, #9140, #590 ) ;
#2725 = UNCERTAINTY_MEASURE_WITH_UNIT (LENGTH_MEASURE( 1.000000000000000082E-05 ), #1191, 'distance_accuracy_value', 'NONE');
#2726 = CIRCLE ( 'NONE', #4499, 0.3499999999999996447 ) ;
#2727 = MECHANICAL_DESIGN_GEOMETRIC_PRESENTATION_REPRESENTATION (  '', ( #8382 ), #4985 ) ;
#2728 = CLOSED_SHELL ( 'NONE', ( #6539, #7696, #6810, #6906, #8398, #170, #7647, #5969, #6636, #1396 ) ) ;
#2729 = FILL_AREA_STYLE_COLOUR ( '', #6204 ) ;
#2730 = DIRECTION ( 'NONE',  ( 0.000000000000000000, 1.000000000000000000, 0.000000000000000000 ) ) ;
#2731 = DIRECTION ( 'NONE',  ( 0.000000000000000000, -1.000000000000000000, 0.000000000000000000 ) ) ;
#2732 = ORIENTED_EDGE ( 'NONE', *, *, #6455, .T. ) ;
#2733 = CIRCLE ( 'NONE', #6576, 0.09999999999999982514 ) ;
#2734 = SURFACE_STYLE_FILL_AREA ( #8516 ) ;
#2735 = ORIENTED_EDGE ( 'NONE', *, *, #2373, .T. ) ;
#2736 = FILL_AREA_STYLE ('',( #7774 ) ) ;
#2737 = ORIENTED_EDGE ( 'NONE', *, *, #1996, .F. ) ;
#2738 = AXIS2_PLACEMENT_3D ( 'NONE', #3911, #383, #5215 ) ;
#2739 = VERTEX_POINT ( 'NONE', #3230 ) ;
#2740 = EDGE_CURVE ( 'NONE', #7094, #1338, #4168, .T. ) ;
#2741 = ADVANCED_FACE ( 'NONE', ( #2495 ), #8434, .F. ) ;
#2742 = ORIENTED_EDGE ( 'NONE', *, *, #3000, .F. ) ;
#2743 =( NAMED_UNIT ( * ) PLANE_ANGLE_UNIT ( ) SI_UNIT ( $, .RADIAN. ) );
#2744 = VECTOR ( 'NONE', #1140, 1000.000000000000000 ) ;
#2745 = VERTEX_POINT ( 'NONE', #2666 ) ;
#2746 = PRESENTATION_STYLE_ASSIGNMENT (( #614 ) ) ;
#2747 = ORIENTED_EDGE ( 'NONE', *, *, #7612, .T. ) ;
#2748 =( NAMED_UNIT ( * ) PLANE_ANGLE_UNIT ( ) SI_UNIT ( $, .RADIAN. ) );
#2749 = EDGE_LOOP ( 'NONE', ( #2769, #4826, #8443, #2524 ) ) ;
#2750 = SURFACE_SIDE_STYLE ('',( #1437 ) ) ;
#2751 = AXIS2_PLACEMENT_3D ( 'NONE', #3479, #4219, #4813 ) ;
#2752 = ORIENTED_EDGE ( 'NONE', *, *, #6520, .T. ) ;
#2753 = LINE ( 'NONE', #6009, #5979 ) ;
#2754 =( GEOMETRIC_REPRESENTATION_CONTEXT ( 3 ) GLOBAL_UNCERTAINTY_ASSIGNED_CONTEXT ( ( #6387 ) ) GLOBAL_UNIT_ASSIGNED_CONTEXT ( ( #7665, #6897, #5397 ) ) REPRESENTATION_CONTEXT ( 'NONE', 'WORKASPACE' ) );
#2755 = CARTESIAN_POINT ( 'NONE',  ( -6.009658438426486171, 0.000000000000000000, 3.773823105595984995 ) ) ;
#2756 = DIRECTION ( 'NONE',  ( 0.000000000000000000, 0.000000000000000000, 1.000000000000000000 ) ) ;
#2757 = VERTEX_POINT ( 'NONE', #628 ) ;
#2758 = DIRECTION ( 'NONE',  ( -8.673617379884051249E-15, 0.000000000000000000, 1.000000000000000000 ) ) ;
#2759 = CARTESIAN_POINT ( 'NONE',  ( -6.243145474984824972, 0.000000000000000000, 3.777686801329380728 ) ) ;
#2760 = VECTOR ( 'NONE', #1597, 1000.000000000000000 ) ;
#2761 = COLOUR_RGB ( '',0.9098039215686274384, 0.4431372549019607643, 0.03137254901960784270 ) ;
#2762 = CARTESIAN_POINT ( 'NONE',  ( -6.393145474984826215, 4.400000000000000355, -3.517879180194049216 ) ) ;
#2763 = EDGE_CURVE ( 'NONE', #5965, #4496, #1159, .T. ) ;
#2764 = MECHANICAL_DESIGN_GEOMETRIC_PRESENTATION_REPRESENTATION (  '', ( #5914 ), #1934 ) ;
#2765 = ORIENTED_EDGE ( 'NONE', *, *, #4471, .T. ) ;
#2766 = CYLINDRICAL_SURFACE ( 'NONE', #488, 7.049999999999999822 ) ;
#2767 = DIRECTION ( 'NONE',  ( -0.000000000000000000, -1.000000000000000000, -0.000000000000000000 ) ) ;
#2768 = CARTESIAN_POINT ( 'NONE',  ( 2.730135323361211341, 7.000000000000000888, 4.304093053426401916 ) ) ;
#2769 = ORIENTED_EDGE ( 'NONE', *, *, #1516, .F. ) ;
#2770 =( GEOMETRIC_REPRESENTATION_CONTEXT ( 3 ) GLOBAL_UNCERTAINTY_ASSIGNED_CONTEXT ( ( #659 ) ) GLOBAL_UNIT_ASSIGNED_CONTEXT ( ( #6181, #593, #7657 ) ) REPRESENTATION_CONTEXT ( 'NONE', 'WORKASPACE' ) );
#2771 = VECTOR ( 'NONE', #8143, 1000.000000000000000 ) ;
#2772 = VECTOR ( 'NONE', #2719, 1000.000000000000000 ) ;
#2773 = AXIS2_PLACEMENT_3D ( 'NONE', #7734, #3429, #4887 ) ;
#2774 = EDGE_CURVE ( 'NONE', #4192, #3739, #837, .T. ) ;
#2775 = CARTESIAN_POINT ( 'NONE',  ( 3.714557525616446476, 7.000000000000000888, 2.531868201111808769 ) ) ;
#2776 = CARTESIAN_POINT ( 'NONE',  ( 2.434764514642112854, 7.000000000000000888, -3.375547973270169866 ) ) ;
#2777 = CARTESIAN_POINT ( 'NONE',  ( -5.588188014247830182, 7.000000000000000888, 2.705895310040738355 ) ) ;
#2778 = UNCERTAINTY_MEASURE_WITH_UNIT (LENGTH_MEASURE( 1.000000000000000082E-05 ), #3078, 'distance_accuracy_value', 'NONE');
#2779 = DIRECTION ( 'NONE',  ( 0.000000000000000000, 0.000000000000000000, 1.000000000000000000 ) ) ;
#2780 = STYLED_ITEM ( 'NONE', ( #7131 ), #5495 ) ;
#2781 = ORIENTED_EDGE ( 'NONE', *, *, #8587, .F. ) ;
#2782 = EDGE_CURVE ( 'NONE', #310, #2231, #8328, .T. ) ;
#2783 = CARTESIAN_POINT ( 'NONE',  ( 4.428517473209516275, 6.950000000000000178, 2.531868201111808769 ) ) ;
#2784 = UNCERTAINTY_MEASURE_WITH_UNIT (LENGTH_MEASURE( 1.000000000000000082E-05 ), #2447, 'distance_accuracy_value', 'NONE');
#2785 = VECTOR ( 'NONE', #1369, 1000.000000000000227 ) ;
#2786 = CARTESIAN_POINT ( 'NONE',  ( 3.221904549199348544, 4.400000000000000355, -6.270712166560393541 ) ) ;
#2787 = ORIENTED_EDGE ( 'NONE', *, *, #3851, .T. ) ;
#2788 = DIRECTION ( 'NONE',  ( -0.000000000000000000, -1.000000000000000000, -0.000000000000000000 ) ) ;
#2789 = MECHANICAL_DESIGN_GEOMETRIC_PRESENTATION_REPRESENTATION (  '', ( #5366 ), #8285 ) ;
#2790 = PRESENTATION_STYLE_ASSIGNMENT (( #4805 ) ) ;
#2791 = MECHANICAL_DESIGN_GEOMETRIC_PRESENTATION_REPRESENTATION (  '', ( #5367 ), #5820 ) ;
#2792 =( NAMED_UNIT ( * ) SI_UNIT ( $, .STERADIAN. ) SOLID_ANGLE_UNIT ( ) );
#2793 = LINE ( 'NONE', #103, #486 ) ;
#2794 = DIRECTION ( 'NONE',  ( 0.000000000000000000, 0.000000000000000000, 1.000000000000000000 ) ) ;
#2795 = ORIENTED_EDGE ( 'NONE', *, *, #6999, .F. ) ;
#2796 = SURFACE_STYLE_FILL_AREA ( #1802 ) ;
#2797 = DIRECTION ( 'NONE',  ( -0.000000000000000000, -1.000000000000000000, -0.000000000000000000 ) ) ;
#2798 = FILL_AREA_STYLE ('',( #808 ) ) ;
#2799 = EDGE_CURVE ( 'NONE', #6538, #3858, #4720, .T. ) ;
#2800 =( LENGTH_UNIT ( ) NAMED_UNIT ( * ) SI_UNIT ( .MILLI., .METRE. ) );
#2801 = AXIS2_PLACEMENT_3D ( 'NONE', #1745, #5247, #7507 ) ;
#2802 = DIRECTION ( 'NONE',  ( -0.4999999999999979461, -0.000000000000000000, 0.8660254037844397068 ) ) ;
#2803 = CARTESIAN_POINT ( 'NONE',  ( 6.309658438426485105, 0.000000000000000000, -3.354207863325322059 ) ) ;
#2804 = AXIS2_PLACEMENT_3D ( 'NONE', #9095, #1227, #6231 ) ;
#2805 = CARTESIAN_POINT ( 'NONE',  ( -4.580243488735012747, 7.000000000000000888, -2.587784325794568296 ) ) ;
#2806 = ORIENTED_EDGE ( 'NONE', *, *, #3873, .T. ) ;
#2807 = VERTEX_POINT ( 'NONE', #3453 ) ;
#2808 = EDGE_CURVE ( 'NONE', #8259, #5303, #5378, .T. ) ;
#2809 =( LENGTH_UNIT ( ) NAMED_UNIT ( * ) SI_UNIT ( .MILLI., .METRE. ) );
#2810 = AXIS2_PLACEMENT_3D ( 'NONE', #6676, #1764, #5259 ) ;
#2811 = ORIENTED_EDGE ( 'NONE', *, *, #66, .T. ) ;
#2812 = LINE ( 'NONE', #2332, #5935 ) ;
#2813 = ORIENTED_EDGE ( 'NONE', *, *, #8791, .T. ) ;
#2814 = FILL_AREA_STYLE_COLOUR ( '', #5061 ) ;
#2815 = EDGE_LOOP ( 'NONE', ( #2187, #2563, #8769, #1943 ) ) ;
#2816 = PRESENTATION_STYLE_ASSIGNMENT (( #8711 ) ) ;
#2817 = LINE ( 'NONE', #4304, #861 ) ;
#2818 = CARTESIAN_POINT ( 'NONE',  ( 7.041548310661132071, 0.000000000000000000, -0.3451048951048951152 ) ) ;
#2819 = CARTESIAN_POINT ( 'NONE',  ( 1.585573439717987920, 7.000000000000000888, -3.375547973270170310 ) ) ;
#2820 = CYLINDRICAL_SURFACE ( 'NONE', #3520, 0.09999999999999982514 ) ;
#2821 = FILL_AREA_STYLE_COLOUR ( '', #1672 ) ;
#2822 = FILL_AREA_STYLE_COLOUR ( '', #2129 ) ;
#2823 = PRODUCT_DEFINITION_SHAPE ( 'NONE', 'NONE',  #413 ) ;
#2824 = SURFACE_STYLE_USAGE ( .BOTH. , #3514 ) ;
#2825 = ORIENTED_EDGE ( 'NONE', *, *, #4000, .F. ) ;
#2826 = AXIS2_PLACEMENT_3D ( 'NONE', #7842, #6522, #1586 ) ;
#2827 = CARTESIAN_POINT ( 'NONE',  ( -6.059658438426486882, 0.000000000000000000, -3.787220565217541690 ) ) ;
#2828 = ORIENTED_EDGE ( 'NONE', *, *, #4524, .F. ) ;
#2829 = EDGE_CURVE ( 'NONE', #6041, #7419, #3936, .T. ) ;
#2830 = DIRECTION ( 'NONE',  ( 0.000000000000000000, 1.000000000000000000, 0.000000000000000000 ) ) ;
#2831 = LINE ( 'NONE', #9102, #5628 ) ;
#2832 = EDGE_CURVE ( 'NONE', #956, #2757, #618, .T. ) ;
#2833 = ORIENTED_EDGE ( 'NONE', *, *, #7280, .F. ) ;
#2834 = SURFACE_STYLE_USAGE ( .BOTH. , #7192 ) ;
#2835 = ORIENTED_EDGE ( 'NONE', *, *, #9184, .T. ) ;
#2836 = DIRECTION ( 'NONE',  ( -0.000000000000000000, -1.000000000000000000, -0.000000000000000000 ) ) ;
#2837 = ORIENTED_EDGE ( 'NONE', *, *, #7913, .T. ) ;
#2838 = FACE_OUTER_BOUND ( 'NONE', #2695, .T. ) ;
#2839 = LINE ( 'NONE', #7200, #5532 ) ;
#2840 = PRESENTATION_LAYER_ASSIGNMENT (  '', '', ( #849 ) ) ;
#2841 = CYLINDRICAL_SURFACE ( 'NONE', #7392, 0.8491910750014877163 ) ;
#2842 = ORIENTED_EDGE ( 'NONE', *, *, #1495, .F. ) ;
#2844 = EDGE_CURVE ( 'NONE', #8115, #2061, #2908, .T. ) ;
#2843 = DIRECTION ( 'NONE',  ( 0.000000000000000000, 1.000000000000000000, 0.000000000000000000 ) ) ;
#2845 = FACE_OUTER_BOUND ( 'NONE', #8050, .T. ) ;
#2846 = LINE ( 'NONE', #8431, #1652 ) ;
#2847 = VECTOR ( 'NONE', #8530, 1000.000000000000000 ) ;
#2848 = ORIENTED_EDGE ( 'NONE', *, *, #7738, .F. ) ;
#2849 = CARTESIAN_POINT ( 'NONE',  ( -3.267605322946856461, 0.000000000000000000, 6.359658438426497362 ) ) ;
#2851 = LINE ( 'NONE', #7261, #3411 ) ;
#2850 = AXIS2_PLACEMENT_3D ( 'NONE', #7719, #3374, #6884 ) ;
#2852 = CARTESIAN_POINT ( 'NONE',  ( -7.041548310661132959, 4.400000000000000355, 0.3451048951048951152 ) ) ;
#2853 = SURFACE_SIDE_STYLE ('',( #3212 ) ) ;
#2854 = DIRECTION ( 'NONE',  ( -0.000000000000000000, 1.000000000000000000, 0.000000000000000000 ) ) ;
#2855 = SURFACE_SIDE_STYLE ('',( #4941 ) ) ;
#2856 = ORIENTED_EDGE ( 'NONE', *, *, #5594, .T. ) ;
#2857 = FACE_OUTER_BOUND ( 'NONE', #1180, .T. ) ;
#2858 = VECTOR ( 'NONE', #8309, 1000.000000000000000 ) ;
#2859 = EDGE_CURVE ( 'NONE', #5172, #6233, #6720, .T. ) ;
#2860 = DIRECTION ( 'NONE',  ( 0.000000000000000000, 0.000000000000000000, 1.000000000000000000 ) ) ;
#2861 = VECTOR ( 'NONE', #6456, 1000.000000000000000 ) ;
#2862 = AXIS2_PLACEMENT_3D ( 'NONE', #1286, #8656, #7969 ) ;
#2863 = STYLED_ITEM ( 'NONE', ( #8737 ), #3288 ) ;
#2864 = FACE_OUTER_BOUND ( 'NONE', #6990, .T. ) ;
#2865 = DIRECTION ( 'NONE',  ( 0.000000000000000000, 0.000000000000000000, -1.000000000000000000 ) ) ;
#2866 = ADVANCED_FACE ( 'NONE', ( #4498 ), #8215, .T. ) ;
#2867 = COLOUR_RGB ( '',0.9098039215686274384, 0.4431372549019607643, 0.03137254901960784270 ) ;
#2868 = ORIENTED_EDGE ( 'NONE', *, *, #7497, .T. ) ;
#2869 = PRESENTATION_STYLE_ASSIGNMENT (( #3398 ) ) ;
#2870 = DIRECTION ( 'NONE',  ( 0.000000000000000000, -0.000000000000000000, 1.000000000000000000 ) ) ;
#2871 = CIRCLE ( 'NONE', #1594, 0.1000000000000002554 ) ;
#2872 = FILL_AREA_STYLE ('',( #4949 ) ) ;
#2873 = FILL_AREA_STYLE ('',( #2190 ) ) ;
#2874 = CARTESIAN_POINT ( 'NONE',  ( 0.000000000000000000, -1.549999999999999378, 4.764999999999999680 ) ) ;
#2875 = CARTESIAN_POINT ( 'NONE',  ( 0.000000000000000000, 0.000000000000000000, 0.000000000000000000 ) ) ;
#2876 = EDGE_LOOP ( 'NONE', ( #4358, #1109, #3736, #3525 ) ) ;
#2877 = CARTESIAN_POINT ( 'NONE',  ( 3.727686801329359145, 4.400000000000000355, -6.156542934606394901 ) ) ;
#2878 =( GEOMETRIC_REPRESENTATION_CONTEXT ( 3 ) GLOBAL_UNCERTAINTY_ASSIGNED_CONTEXT ( ( #5121 ) ) GLOBAL_UNIT_ASSIGNED_CONTEXT ( ( #6243, #4744, #1173 ) ) REPRESENTATION_CONTEXT ( 'NONE', 'WORKASPACE' ) );
#2879 = DIRECTION ( 'NONE',  ( 1.000000000000000000, 0.000000000000000000, 0.000000000000000000 ) ) ;
#2880 = EDGE_CURVE ( 'NONE', #5411, #9077, #1285, .T. ) ;
#2881 = MECHANICAL_DESIGN_GEOMETRIC_PRESENTATION_REPRESENTATION (  '', ( #8193 ), #7215 ) ;
#2882 = UNCERTAINTY_MEASURE_WITH_UNIT (LENGTH_MEASURE( 1.000000000000000082E-05 ), #839, 'distance_accuracy_value', 'NONE');
#2883 =( LENGTH_UNIT ( ) NAMED_UNIT ( * ) SI_UNIT ( .MILLI., .METRE. ) );
#2884 = CARTESIAN_POINT ( 'NONE',  ( 3.579326398285364252, 7.000000000000000888, -3.916962665652261144 ) ) ;
#2885 = ORIENTED_EDGE ( 'NONE', *, *, #4174, .F. ) ;
#2886 = CARTESIAN_POINT ( 'NONE',  ( 0.000000000000000000, -1.549999999999999822, -8.500000000000000000 ) ) ;
#2887 = SURFACE_STYLE_FILL_AREA ( #5504 ) ;
#2888 = AXIS2_PLACEMENT_3D ( 'NONE', #1020, #7420, #3152 ) ;
#2889 = AXIS2_PLACEMENT_3D ( 'NONE', #8348, #7638, #1251 ) ;
#2890 = DIRECTION ( 'NONE',  ( 0.000000000000000000, 0.000000000000000000, -1.000000000000000000 ) ) ;
#2891 = FILL_AREA_STYLE ('',( #7901 ) ) ;
#2892 = EDGE_CURVE ( 'NONE', #5396, #5245, #6501, .T. ) ;
#2893 = CIRCLE ( 'NONE', #1466, 0.1000000000000002554 ) ;
#2894 = DIRECTION ( 'NONE',  ( 0.000000000000000000, 0.000000000000000000, 1.000000000000000000 ) ) ;
#2895 = PRESENTATION_LAYER_ASSIGNMENT (  '', '', ( #7238 ) ) ;
#2896 = STYLED_ITEM ( 'NONE', ( #6052 ), #7340 ) ;
#2897 = FILL_AREA_STYLE_COLOUR ( '', #684 ) ;
#2898 = CYLINDRICAL_SURFACE ( 'NONE', #455, 0.3499999999999996447 ) ;
#2899 = DIRECTION ( 'NONE',  ( -0.000000000000000000, -1.000000000000000000, -0.000000000000000000 ) ) ;
#2900 = AXIS2_PLACEMENT_3D ( 'NONE', #7156, #3687, #2943 ) ;
#2901 =( LENGTH_UNIT ( ) NAMED_UNIT ( * ) SI_UNIT ( .MILLI., .METRE. ) );
#2902 =( NAMED_UNIT ( * ) PLANE_ANGLE_UNIT ( ) SI_UNIT ( $, .RADIAN. ) );
#2903 = SURFACE_SIDE_STYLE ('',( #3720 ) ) ;
#2904 = VERTEX_POINT ( 'NONE', #7662 ) ;
#2905 = EDGE_CURVE ( 'NONE', #6418, #4155, #4620, .T. ) ;
#2906 = SURFACE_SIDE_STYLE ('',( #596 ) ) ;
#2907 = CARTESIAN_POINT ( 'NONE',  ( -6.629903845456583511, 4.400000000000001243, -2.000000000000000000 ) ) ;
#2908 = LINE ( 'NONE', #6319, #3242 ) ;
#2909 = CIRCLE ( 'NONE', #8524, 8.250000000000000000 ) ;
#2910 = DIRECTION ( 'NONE',  ( 0.000000000000000000, 1.000000000000000000, 0.000000000000000000 ) ) ;
#2911 = CARTESIAN_POINT ( 'NONE',  ( 0.000000000000000000, 6.750000000000000888, 0.000000000000000000 ) ) ;
#2912 = STYLED_ITEM ( 'NONE', ( #8134 ), #8159 ) ;
#2913 = ORIENTED_EDGE ( 'NONE', *, *, #7775, .T. ) ;
#2914 = SURFACE_SIDE_STYLE ('',( #6230 ) ) ;
#2915 = PRESENTATION_LAYER_ASSIGNMENT (  '', '', ( #2423 ) ) ;
#2916 =( LENGTH_UNIT ( ) NAMED_UNIT ( * ) SI_UNIT ( .MILLI., .METRE. ) );
#2917 = ORIENTED_EDGE ( 'NONE', *, *, #6986, .T. ) ;
#2918 = DIRECTION ( 'NONE',  ( 0.000000000000000000, 0.000000000000000000, 1.000000000000000000 ) ) ;
#2919 = EDGE_LOOP ( 'NONE', ( #5512, #8213, #6323, #7118 ) ) ;
#2920 = FILL_AREA_STYLE ('',( #5850 ) ) ;
#2921 = SURFACE_SIDE_STYLE ('',( #2638 ) ) ;
#2922 = ORIENTED_EDGE ( 'NONE', *, *, #6317, .F. ) ;
#2923 = DIRECTION ( 'NONE',  ( 0.000000000000000000, 1.000000000000000000, 0.000000000000000000 ) ) ;
#2924 = EDGE_CURVE ( 'NONE', #4614, #3923, #8982, .T. ) ;
#2925 = DIRECTION ( 'NONE',  ( -0.000000000000000000, -1.000000000000000000, -0.000000000000000000 ) ) ;
#2926 = ORIENTED_EDGE ( 'NONE', *, *, #6673, .T. ) ;
#2927 = DIRECTION ( 'NONE',  ( -0.000000000000000000, -0.000000000000000000, -1.000000000000000000 ) ) ;
#2928 = VERTEX_POINT ( 'NONE', #6195 ) ;
#2929 = ORIENTED_EDGE ( 'NONE', *, *, #4999, .F. ) ;
#2930 =( GEOMETRIC_REPRESENTATION_CONTEXT ( 3 ) GLOBAL_UNCERTAINTY_ASSIGNED_CONTEXT ( ( #5238 ) ) GLOBAL_UNIT_ASSIGNED_CONTEXT ( ( #3786, #6667, #7263 ) ) REPRESENTATION_CONTEXT ( 'NONE', 'WORKASPACE' ) );
#2931 = UNCERTAINTY_MEASURE_WITH_UNIT (LENGTH_MEASURE( 1.000000000000000082E-05 ), #3867, 'distance_accuracy_value', 'NONE');
#2932 = EDGE_CURVE ( 'NONE', #7883, #2492, #7750, .T. ) ;
#2933 = SURFACE_STYLE_FILL_AREA ( #1164 ) ;
#2934 = ORIENTED_EDGE ( 'NONE', *, *, #1955, .F. ) ;
#2935 = VERTEX_POINT ( 'NONE', #6977 ) ;
#2936 =( LENGTH_UNIT ( ) NAMED_UNIT ( * ) SI_UNIT ( .MILLI., .METRE. ) );
#2937 = SURFACE_STYLE_USAGE ( .BOTH. , #6546 ) ;
#2938 =( LENGTH_UNIT ( ) NAMED_UNIT ( * ) SI_UNIT ( .MILLI., .METRE. ) );
#2939 = EDGE_LOOP ( 'NONE', ( #2953, #7989, #6518, #7312 ) ) ;
#2940 = VECTOR ( 'NONE', #6519, 1000.000000000000000 ) ;
#2941 = VERTEX_POINT ( 'NONE', #2762 ) ;
#2942 = SURFACE_STYLE_FILL_AREA ( #8025 ) ;
#2943 = DIRECTION ( 'NONE',  ( 0.000000000000000000, 0.000000000000000000, -1.000000000000000000 ) ) ;
#2944 = UNCERTAINTY_MEASURE_WITH_UNIT (LENGTH_MEASURE( 1.000000000000000082E-05 ), #2938, 'distance_accuracy_value', 'NONE');
#2945 = DIRECTION ( 'NONE',  ( 0.000000000000000000, 1.000000000000000000, 0.000000000000000000 ) ) ;
#2946 = CIRCLE ( 'NONE', #3859, 0.1473495860432410265 ) ;
#2947 = ORIENTED_EDGE ( 'NONE', *, *, #5728, .F. ) ;
#2948 = CARTESIAN_POINT ( 'NONE',  ( 5.976639124038715778, 0.000000000000000000, -3.739289341707823677 ) ) ;
#2949 = STYLED_ITEM ( 'NONE', ( #5127 ), #5165 ) ;
#2950 = ORIENTED_EDGE ( 'NONE', *, *, #3671, .F. ) ;
#2951 = DIRECTION ( 'NONE',  ( -0.000000000000000000, -1.000000000000000000, -0.000000000000000000 ) ) ;
#2952 = FILL_AREA_STYLE ('',( #6401 ) ) ;
#2953 = ORIENTED_EDGE ( 'NONE', *, *, #4802, .F. ) ;
#2954 = CARTESIAN_POINT ( 'NONE',  ( 5.462990107813245899, 7.000000000000000888, -2.454843614278887198 ) ) ;
#2955 = FILL_AREA_STYLE_COLOUR ( '', #3130 ) ;
#2956 = EDGE_CURVE ( 'NONE', #5002, #8766, #5150, .T. ) ;
#2957 = VERTEX_POINT ( 'NONE', #6426 ) ;
#2958 = AXIS2_PLACEMENT_3D ( 'NONE', #7360, #3060, #8091 ) ;
#2959 = SURFACE_STYLE_USAGE ( .BOTH. , #890 ) ;
#2960 = CARTESIAN_POINT ( 'NONE',  ( -5.294203436405390484, 6.950000000000000178, -2.587794026416314175 ) ) ;
#2961 = AXIS2_PLACEMENT_3D ( 'NONE', #9197, #8451, #4179 ) ;
#2962 = SURFACE_STYLE_FILL_AREA ( #2920 ) ;
#2963 = SURFACE_SIDE_STYLE ('',( #5171 ) ) ;
#2964 = ADVANCED_FACE ( 'NONE', ( #6825 ), #6330, .F. ) ;
#2965 = EDGE_LOOP ( 'NONE', ( #1094, #649, #5469, #3499 ) ) ;
#2966 = ORIENTED_EDGE ( 'NONE', *, *, #7903, .T. ) ;
#2967 = CARTESIAN_POINT ( 'NONE',  ( 6.270712166560381995, 0.000000000000000000, -3.221904549199369860 ) ) ;
#2968 = MECHANICAL_DESIGN_GEOMETRIC_PRESENTATION_REPRESENTATION (  '', ( #6038 ), #3948 ) ;
#2969 = FILL_AREA_STYLE ('',( #5748 ) ) ;
#2970 = AXIS2_PLACEMENT_3D ( 'NONE', #7923, #3648, #5117 ) ;
#2971 = ORIENTED_EDGE ( 'NONE', *, *, #4999, .T. ) ;
#2972 =( NAMED_UNIT ( * ) PLANE_ANGLE_UNIT ( ) SI_UNIT ( $, .RADIAN. ) );
#2973 = CYLINDRICAL_SURFACE ( 'NONE', #6662, 0.1476854043595491328 ) ;
#2974 = DIRECTION ( 'NONE',  ( -0.000000000000000000, -1.000000000000000000, -0.000000000000000000 ) ) ;
#2975 = EDGE_CURVE ( 'NONE', #2061, #1752, #610, .T. ) ;
#2976 = DIRECTION ( 'NONE',  ( 0.000000000000000000, 0.000000000000000000, -1.000000000000000000 ) ) ;
#2977 = SURFACE_STYLE_USAGE ( .BOTH. , #4577 ) ;
#2978 = CYLINDRICAL_SURFACE ( 'NONE', #1548, 0.8422889805429389920 ) ;
#2979 = ORIENTED_EDGE ( 'NONE', *, *, #7137, .T. ) ;
#2980 =( GEOMETRIC_REPRESENTATION_CONTEXT ( 3 ) GLOBAL_UNCERTAINTY_ASSIGNED_CONTEXT ( ( #2336 ) ) GLOBAL_UNIT_ASSIGNED_CONTEXT ( ( #6622, #317, #5916 ) ) REPRESENTATION_CONTEXT ( 'NONE', 'WORKASPACE' ) );
#2981 = UNCERTAINTY_MEASURE_WITH_UNIT (LENGTH_MEASURE( 1.000000000000000082E-05 ), #5700, 'distance_accuracy_value', 'NONE');
#2982 = VECTOR ( 'NONE', #1947, 1000.000000000000000 ) ;
#2983 = DIRECTION ( 'NONE',  ( 0.000000000000000000, 0.000000000000000000, 1.000000000000000000 ) ) ;
#2984 =( GEOMETRIC_REPRESENTATION_CONTEXT ( 3 ) GLOBAL_UNCERTAINTY_ASSIGNED_CONTEXT ( ( #7786 ) ) GLOBAL_UNIT_ASSIGNED_CONTEXT ( ( #5042, #8551, #30 ) ) REPRESENTATION_CONTEXT ( 'NONE', 'WORKASPACE' ) );
#2985 = DIRECTION ( 'NONE',  ( -0.000000000000000000, -1.000000000000000000, -0.000000000000000000 ) ) ;
#2986 = CARTESIAN_POINT ( 'NONE',  ( -4.309781233941029299, 7.000000000000000888, -2.587784325794568296 ) ) ;
#2987 = CARTESIAN_POINT ( 'NONE',  ( 1.585573439717987920, 7.000000000000000888, -3.375547973270170310 ) ) ;
#2988 = COLOUR_RGB ( '',0.2509803921568627416, 0.2509803921568627416, 0.2509803921568627416 ) ;
#2989 = EDGE_LOOP ( 'NONE', ( #2156, #739, #7582, #7077 ) ) ;
#2990 = COLOUR_RGB ( '',0.9098039215686274384, 0.4431372549019607643, 0.03137254901960784270 ) ;
#2991 = CIRCLE ( 'NONE', #8386, 0.09999999999999982514 ) ;
#2992 =( GEOMETRIC_REPRESENTATION_CONTEXT ( 3 ) GLOBAL_UNCERTAINTY_ASSIGNED_CONTEXT ( ( #182 ) ) GLOBAL_UNIT_ASSIGNED_CONTEXT ( ( #7575, #6057, #8321 ) ) REPRESENTATION_CONTEXT ( 'NONE', 'WORKASPACE' ) );
#2993 = LINE ( 'NONE', #5453, #4705 ) ;
#2994 = CARTESIAN_POINT ( 'NONE',  ( 1.585573439717987920, 7.000000000000000888, -3.375547973270170310 ) ) ;
#2995 = ORIENTED_EDGE ( 'NONE', *, *, #2905, .T. ) ;
#2996 = AXIS2_PLACEMENT_3D ( 'NONE', #5878, #6682, #8816 ) ;
#2997 = EDGE_CURVE ( 'NONE', #7294, #6726, #8635, .T. ) ;
#2998 =( NAMED_UNIT ( * ) PLANE_ANGLE_UNIT ( ) SI_UNIT ( $, .RADIAN. ) );
#2999 = DIRECTION ( 'NONE',  ( 0.07307825557702921082, 0.000000000000000000, -0.9973262097036347251 ) ) ;
#3000 = EDGE_CURVE ( 'NONE', #2957, #2411, #3464, .T. ) ;
#3001 = ADVANCED_FACE ( 'NONE', ( #1603 ), #2704, .F. ) ;
#3002 = CARTESIAN_POINT ( 'NONE',  ( -0.2974641686419178255, 6.950000000000000178, -2.784806355831972002 ) ) ;
#3003 = CIRCLE ( 'NONE', #9147, 0.1352311273311096185 ) ;
#3004 = CARTESIAN_POINT ( 'NONE',  ( 3.267605322946856461, 4.400000000000000355, 6.359658438426497362 ) ) ;
#3005 = VECTOR ( 'NONE', #4581, 1000.000000000000000 ) ;
#3006 = STYLED_ITEM ( 'NONE', ( #8476 ), #6211 ) ;
#3007 = DIRECTION ( 'NONE',  ( 0.000000000000000000, 0.000000000000000000, -1.000000000000000000 ) ) ;
#3008 = VERTEX_POINT ( 'NONE', #7857 ) ;
#3009 = EDGE_CURVE ( 'NONE', #5623, #3944, #4156, .T. ) ;
#3010 =( NAMED_UNIT ( * ) SI_UNIT ( $, .STERADIAN. ) SOLID_ANGLE_UNIT ( ) );
#3011 = DIRECTION ( 'NONE',  ( 0.000000000000000000, 0.000000000000000000, 1.000000000000000000 ) ) ;
#3012 = STYLED_ITEM ( 'NONE', ( #5944 ), #2561 ) ;
#3013 = VERTEX_POINT ( 'NONE', #4320 ) ;
#3014 = AXIS2_PLACEMENT_3D ( 'NONE', #4885, #631, #2758 ) ;
#3015 = ORIENTED_EDGE ( 'NONE', *, *, #6489, .T. ) ;
#3016 = CARTESIAN_POINT ( 'NONE',  ( -3.739289341707803249, 4.400000000000000355, -5.976639124038729101 ) ) ;
#3017 = DIRECTION ( 'NONE',  ( -0.4999999999999979461, -0.000000000000000000, 0.8660254037844397068 ) ) ;
#3018 = COLOUR_RGB ( '',0.9098039215686274384, 0.4431372549019607643, 0.03137254901960784270 ) ;
#3019 = CARTESIAN_POINT ( 'NONE',  ( -3.381276639815583795, 4.400000000000000355, -6.356542934606394191 ) ) ;
#3020 = DIRECTION ( 'NONE',  ( 0.000000000000000000, 0.000000000000000000, 1.000000000000000000 ) ) ;
#3021 = VERTEX_POINT ( 'NONE', #63 ) ;
#3022 = CARTESIAN_POINT ( 'NONE',  ( 7.195565981523414756, 4.400000000000000355, -0.1500000000000000222 ) ) ;
#3023 = SURFACE_STYLE_FILL_AREA ( #5193 ) ;
#3024 = CIRCLE ( 'NONE', #6980, 6.838397459621555541 ) ;
#3025 = CARTESIAN_POINT ( 'NONE',  ( 3.467879180194027633, 0.000000000000000000, -6.306542934606394368 ) ) ;
#3026 = ORIENTED_EDGE ( 'NONE', *, *, #4337, .F. ) ;
#3027 =( NAMED_UNIT ( * ) SI_UNIT ( $, .STERADIAN. ) SOLID_ANGLE_UNIT ( ) );
#3028 = ORIENTED_EDGE ( 'NONE', *, *, #7049, .T. ) ;
#3029 = VECTOR ( 'NONE', #4240, 1000.000000000000000 ) ;
#3030 = CARTESIAN_POINT ( 'NONE',  ( 5.437848229521686783, 6.950000000000000178, 2.531868201111808769 ) ) ;
#3031 = CYLINDRICAL_SURFACE ( 'NONE', #3559, 0.3499999999999996447 ) ;
#3032 = AXIS2_PLACEMENT_3D ( 'NONE', #2819, #5664, #1447 ) ;
#3033 = CARTESIAN_POINT ( 'NONE',  ( -5.925607271455486824, 4.400000000000000355, -3.819643761461775533 ) ) ;
#3034 = FACE_OUTER_BOUND ( 'NONE', #8647, .T. ) ;
#3035 =( GEOMETRIC_REPRESENTATION_CONTEXT ( 3 ) GLOBAL_UNCERTAINTY_ASSIGNED_CONTEXT ( ( #7726 ) ) GLOBAL_UNIT_ASSIGNED_CONTEXT ( ( #4551, #3778, #5240 ) ) REPRESENTATION_CONTEXT ( 'NONE', 'WORKASPACE' ) );
#3036 =( NAMED_UNIT ( * ) PLANE_ANGLE_UNIT ( ) SI_UNIT ( $, .RADIAN. ) );
#3037 = CARTESIAN_POINT ( 'NONE',  ( 7.195565981523414756, 0.000000000000000000, -0.2500000000000000000 ) ) ;
#3038 = PLANE ( 'NONE',  #4505 ) ;
#3039 = EDGE_LOOP ( 'NONE', ( #5025, #4659, #401, #8673 ) ) ;
#3040 = SURFACE_SIDE_STYLE ('',( #4173 ) ) ;
#3041 = ORIENTED_EDGE ( 'NONE', *, *, #8105, .F. ) ;
#3042 = FACE_OUTER_BOUND ( 'NONE', #1069, .T. ) ;
#3043 = VERTEX_POINT ( 'NONE', #1380 ) ;
#3044 = UNCERTAINTY_MEASURE_WITH_UNIT (LENGTH_MEASURE( 1.000000000000000082E-05 ), #7804, 'distance_accuracy_value', 'NONE');
#3045 = DIRECTION ( 'NONE',  ( -0.000000000000000000, 1.000000000000000000, -0.000000000000000000 ) ) ;
#3046 = LINE ( 'NONE', #2392, #7102 ) ;
#3047 = FILL_AREA_STYLE_COLOUR ( '', #562 ) ;
#3048 = SURFACE_STYLE_USAGE ( .BOTH. , #4591 ) ;
#3049 = DIRECTION ( 'NONE',  ( -0.000000000000000000, -1.000000000000000000, -0.000000000000000000 ) ) ;
#3050 = DIRECTION ( 'NONE',  ( 1.224646799147343593E-16, 0.000000000000000000, -1.000000000000000000 ) ) ;
#3051 = ORIENTED_EDGE ( 'NONE', *, *, #2740, .T. ) ;
#3052 = ADVANCED_FACE ( 'NONE', ( #1277 ), #2898, .F. ) ;
#3053 = STYLED_ITEM ( 'NONE', ( #5423 ), #4541 ) ;
#3054 = VERTEX_POINT ( 'NONE', #6406 ) ;
#3055 = AXIS2_PLACEMENT_3D ( 'NONE', #4260, #4886, #1351 ) ;
#3056 = LINE ( 'NONE', #4410, #7217 ) ;
#3057 = UNCERTAINTY_MEASURE_WITH_UNIT (LENGTH_MEASURE( 1.000000000000000082E-05 ), #2883, 'distance_accuracy_value', 'NONE');
#3058 = ORIENTED_EDGE ( 'NONE', *, *, #7615, .T. ) ;
#3059 = CARTESIAN_POINT ( 'NONE',  ( -3.873823105595965099, 4.400000000000000355, -6.009658438426500382 ) ) ;
#3060 = DIRECTION ( 'NONE',  ( -0.000000000000000000, -1.000000000000000000, -0.000000000000000000 ) ) ;
#3061 = VECTOR ( 'NONE', #4851, 1000.000000000000000 ) ;
#3062 = LINE ( 'NONE', #2697, #7567 ) ;
#3063 =( GEOMETRIC_REPRESENTATION_CONTEXT ( 3 ) GLOBAL_UNCERTAINTY_ASSIGNED_CONTEXT ( ( #1608 ) ) GLOBAL_UNIT_ASSIGNED_CONTEXT ( ( #8357, #5377, #8302 ) ) REPRESENTATION_CONTEXT ( 'NONE', 'WORKASPACE' ) );
#3064 = CARTESIAN_POINT ( 'NONE',  ( -7.045565981523414401, 4.400000000000000355, 0.2500000000000000000 ) ) ;
#3065 = SURFACE_STYLE_FILL_AREA ( #9088 ) ;
#3066 = AXIS2_PLACEMENT_3D ( 'NONE', #7953, #5819, #8681 ) ;
#3067 = ORIENTED_EDGE ( 'NONE', *, *, #1797, .T. ) ;
#3068 = DIRECTION ( 'NONE',  ( 0.000000000000000000, 1.000000000000000000, 0.000000000000000000 ) ) ;
#3069 = EDGE_CURVE ( 'NONE', #3261, #8438, #4050, .T. ) ;
#3070 = CARTESIAN_POINT ( 'NONE',  ( 1.040949779275250140E-15, -1.549999999999999822, 8.500000000000000000 ) ) ;
#3071 = CARTESIAN_POINT ( 'NONE',  ( 0.000000000000000000, 7.000000000000000888, 0.000000000000000000 ) ) ;
#3072 = CARTESIAN_POINT ( 'NONE',  ( -4.309781233941029299, 7.000000000000000888, -2.587784325794568296 ) ) ;
#3073 = VECTOR ( 'NONE', #6147, 1000.000000000000000 ) ;
#3074 = DIRECTION ( 'NONE',  ( 0.000000000000000000, 1.000000000000000000, 0.000000000000000000 ) ) ;
#3075 = FACE_OUTER_BOUND ( 'NONE', #3801, .T. ) ;
#3076 = SURFACE_STYLE_USAGE ( .BOTH. , #889 ) ;
#3077 = DIRECTION ( 'NONE',  ( 0.000000000000000000, 0.000000000000000000, 1.000000000000000000 ) ) ;
#3078 =( LENGTH_UNIT ( ) NAMED_UNIT ( * ) SI_UNIT ( .MILLI., .METRE. ) );
#3079 = STYLED_ITEM ( 'NONE', ( #99 ), #1866 ) ;
#3080 = SURFACE_STYLE_USAGE ( .BOTH. , #6535 ) ;
#3081 = ADVANCED_FACE ( 'NONE', ( #3811 ), #3573, .F. ) ;
#3082 = CARTESIAN_POINT ( 'NONE',  ( 0.000000000000000000, 4.400000000000000355, 0.000000000000000000 ) ) ;
#3083 = AXIS2_PLACEMENT_3D ( 'NONE', #6081, #6046, #338 ) ;
#3084 = ORIENTED_EDGE ( 'NONE', *, *, #482, .F. ) ;
#3085 = SURFACE_STYLE_USAGE ( .BOTH. , #328 ) ;
#3086 = FILL_AREA_STYLE ('',( #8964 ) ) ;
#3087 = CIRCLE ( 'NONE', #2402, 6.924999999999999822 ) ;
#3088 = CIRCLE ( 'NONE', #1706, 0.1000000000000002554 ) ;
#3089 = SURFACE_STYLE_FILL_AREA ( #3726 ) ;
#3090 = EDGE_LOOP ( 'NONE', ( #2542, #2629 ) ) ;
#3091 = VECTOR ( 'NONE', #9253, 1000.000000000000000 ) ;
#3092 = EDGE_CURVE ( 'NONE', #9217, #7020, #2268, .T. ) ;
#3093 = PRESENTATION_STYLE_ASSIGNMENT (( #2824 ) ) ;
#3094 = ORIENTED_EDGE ( 'NONE', *, *, #3920, .T. ) ;
#3095 = PRESENTATION_LAYER_ASSIGNMENT (  '', '', ( #880 ) ) ;
#3096 = FILL_AREA_STYLE_COLOUR ( '', #2990 ) ;
#3097 = DIRECTION ( 'NONE',  ( 0.000000000000000000, 0.000000000000000000, 1.000000000000000000 ) ) ;
#3098 = STYLED_ITEM ( 'NONE', ( #3819 ), #2657 ) ;
#3099 = FILL_AREA_STYLE_COLOUR ( '', #3773 ) ;
#3100 = ORIENTED_EDGE ( 'NONE', *, *, #4833, .T. ) ;
#3101 = DIRECTION ( 'NONE',  ( 0.000000000000000000, 0.000000000000000000, 1.000000000000000000 ) ) ;
#3102 = ADVANCED_FACE ( 'NONE', ( #5483 ), #4448, .T. ) ;
#3103 = DIRECTION ( 'NONE',  ( 0.000000000000000000, 0.000000000000000000, 1.000000000000000000 ) ) ;
#3104 = DIRECTION ( 'NONE',  ( 0.000000000000000000, 0.000000000000000000, 1.000000000000000000 ) ) ;
#3105 = VECTOR ( 'NONE', #7663, 1000.000000000000000 ) ;
#3106 = DIRECTION ( 'NONE',  ( -0.000000000000000000, 1.000000000000000000, -0.000000000000000000 ) ) ;
#3107 = DIRECTION ( 'NONE',  ( 0.000000000000000000, 0.000000000000000000, -1.000000000000000000 ) ) ;
#3108 = PRESENTATION_STYLE_ASSIGNMENT (( #6887 ) ) ;
#3109 = STYLED_ITEM ( 'NONE', ( #6894 ), #150 ) ;
#3110 = STYLED_ITEM ( 'NONE', ( #1156 ), #9092 ) ;
#3111 = LINE ( 'NONE', #3070, #8617 ) ;
#3112 = EDGE_LOOP ( 'NONE', ( #5339, #5277, #2842, #8831 ) ) ;
#3113 = FILL_AREA_STYLE ('',( #5340 ) ) ;
#3114 = AXIS2_PLACEMENT_3D ( 'NONE', #6698, #5488, #6929 ) ;
#3115 = SURFACE_STYLE_USAGE ( .BOTH. , #4556 ) ;
#3116 = EDGE_CURVE ( 'NONE', #3940, #7666, #7620, .T. ) ;
#3117 =( LENGTH_UNIT ( ) NAMED_UNIT ( * ) SI_UNIT ( .MILLI., .METRE. ) );
#3118 = UNCERTAINTY_MEASURE_WITH_UNIT (LENGTH_MEASURE( 1.000000000000000082E-05 ), #4130, 'distance_accuracy_value', 'NONE');
#3119 = AXIS2_PLACEMENT_3D ( 'NONE', #5898, #213, #5067 ) ;
#3120 = DIRECTION ( 'NONE',  ( 0.000000000000000000, 0.000000000000000000, -1.000000000000000000 ) ) ;
#3121 = CARTESIAN_POINT ( 'NONE',  ( -3.595821286270651118, 7.000000000000000888, 3.836521063224087147 ) ) ;
#3122 = ORIENTED_EDGE ( 'NONE', *, *, #8654, .T. ) ;
#3123 = SURFACE_SIDE_STYLE ('',( #8954 ) ) ;
#3124 = STYLED_ITEM ( 'NONE', ( #8723 ), #5310 ) ;
#3125 = CARTESIAN_POINT ( 'NONE',  ( 0.000000000000000000, 6.750000000000000888, 4.764999999999999680 ) ) ;
#3126 = EDGE_CURVE ( 'NONE', #7153, #7569, #1043, .T. ) ;
#3127 = CARTESIAN_POINT ( 'NONE',  ( 5.464635013455913182, 7.000000000000000888, -2.590140400704013857 ) ) ;
#3128 =( NAMED_UNIT ( * ) SI_UNIT ( $, .STERADIAN. ) SOLID_ANGLE_UNIT ( ) );
#3129 = CARTESIAN_POINT ( 'NONE',  ( -3.435730307944910411, 7.000000000000000888, 3.836521063224087147 ) ) ;
#3130 = COLOUR_RGB ( '',0.2509803921568627416, 0.2509803921568627416, 0.2509803921568627416 ) ;
#3131 = DIRECTION ( 'NONE',  ( -0.000000000000000000, -1.000000000000000000, -0.000000000000000000 ) ) ;
#3132 = VERTEX_POINT ( 'NONE', #7281 ) ;
#3133 =( LENGTH_UNIT ( ) NAMED_UNIT ( * ) SI_UNIT ( .MILLI., .METRE. ) );
#3134 = CIRCLE ( 'NONE', #5338, 0.1000000000000002554 ) ;
#3135 = CARTESIAN_POINT ( 'NONE',  ( 0.5764390718725083129, 7.000000000000000888, 2.743934908718901777 ) ) ;
#3136 =( GEOMETRIC_REPRESENTATION_CONTEXT ( 3 ) GLOBAL_UNCERTAINTY_ASSIGNED_CONTEXT ( ( #7262 ) ) GLOBAL_UNIT_ASSIGNED_CONTEXT ( ( #7015, #7733, #4727 ) ) REPRESENTATION_CONTEXT ( 'NONE', 'WORKASPACE' ) );
#3137 = PRESENTATION_LAYER_ASSIGNMENT (  '', '', ( #9222 ) ) ;
#3138 =( NAMED_UNIT ( * ) PLANE_ANGLE_UNIT ( ) SI_UNIT ( $, .RADIAN. ) );
#3139 = CARTESIAN_POINT ( 'NONE',  ( -1.577144850704425894, 7.000000000000000888, 3.319669296602402842 ) ) ;
#3140 = CARTESIAN_POINT ( 'NONE',  ( 4.286263797015733513E-17, -28.50000000000000000, -5.114999999999998437 ) ) ;
#3141 = VERTEX_POINT ( 'NONE', #5146 ) ;
#3142 = FILL_AREA_STYLE ('',( #3047 ) ) ;
#3143 =( NAMED_UNIT ( * ) PLANE_ANGLE_UNIT ( ) SI_UNIT ( $, .RADIAN. ) );
#3144 = ORIENTED_EDGE ( 'NONE', *, *, #3623, .F. ) ;
#3145 = ADVANCED_FACE ( 'NONE', ( #4712 ), #3038, .F. ) ;
#3146 = VERTEX_POINT ( 'NONE', #7345 ) ;
#3147 = COLOUR_RGB ( '',0.9098039215686274384, 0.4431372549019607643, 0.03137254901960784270 ) ;
#3148 = LINE ( 'NONE', #4488, #4295 ) ;
#3149 = EDGE_CURVE ( 'NONE', #3943, #4742, #6270, .T. ) ;
#3150 = AXIS2_PLACEMENT_3D ( 'NONE', #7357, #8867, #7742 ) ;
#3151 = SURFACE_STYLE_USAGE ( .BOTH. , #4599 ) ;
#3152 = DIRECTION ( 'NONE',  ( -1.734723475976810250E-14, 0.000000000000000000, 1.000000000000000000 ) ) ;
#3153 = VERTEX_POINT ( 'NONE', #1091 ) ;
#3154 = AXIS2_PLACEMENT_3D ( 'NONE', #216, #5136, #6616 ) ;
#3155 = VERTEX_POINT ( 'NONE', #8151 ) ;
#3156 = DIRECTION ( 'NONE',  ( 0.000000000000000000, 0.000000000000000000, 1.000000000000000000 ) ) ;
#3157 = FILL_AREA_STYLE ('',( #306 ) ) ;
#3158 = LINE ( 'NONE', #2582, #1747 ) ;
#3159 = CARTESIAN_POINT ( 'NONE',  ( 5.437848229521686783, 6.950000000000000178, -2.587794026416315507 ) ) ;
#3160 = ORIENTED_EDGE ( 'NONE', *, *, #1413, .T. ) ;
#3161 = FILL_AREA_STYLE ('',( #7495 ) ) ;
#3162 = EDGE_CURVE ( 'NONE', #2681, #3261, #6936, .T. ) ;
#3163 =( GEOMETRIC_REPRESENTATION_CONTEXT ( 3 ) GLOBAL_UNCERTAINTY_ASSIGNED_CONTEXT ( ( #6336 ) ) GLOBAL_UNIT_ASSIGNED_CONTEXT ( ( #4199, #605, #7069 ) ) REPRESENTATION_CONTEXT ( 'NONE', 'WORKASPACE' ) );
#3164 = DIRECTION ( 'NONE',  ( -1.224646799147353207E-16, 0.000000000000000000, -1.000000000000000000 ) ) ;
#3165 = ORIENTED_EDGE ( 'NONE', *, *, #1264, .F. ) ;
#3166 = CARTESIAN_POINT ( 'NONE',  ( -7.045565981523414401, 0.000000000000000000, -0.2500000000000000000 ) ) ;
#3167 = FILL_AREA_STYLE_COLOUR ( '', #264 ) ;
#3168 = LINE ( 'NONE', #1584, #8464 ) ;
#3169 = ORIENTED_EDGE ( 'NONE', *, *, #3647, .F. ) ;
#3170 = STYLED_ITEM ( 'NONE', ( #370 ), #3469 ) ;
#3171 = DIRECTION ( 'NONE',  ( -0.000000000000000000, -1.000000000000000000, -0.000000000000000000 ) ) ;
#3172 = DIRECTION ( 'NONE',  ( 0.000000000000000000, 1.000000000000000000, 0.000000000000000000 ) ) ;
#3173 = UNCERTAINTY_MEASURE_WITH_UNIT (LENGTH_MEASURE( 1.000000000000000082E-05 ), #8400, 'distance_accuracy_value', 'NONE');
#3174 = CIRCLE ( 'NONE', #7143, 0.09999999999999982514 ) ;
#3175 = ORIENTED_EDGE ( 'NONE', *, *, #7517, .F. ) ;
#3176 = ORIENTED_EDGE ( 'NONE', *, *, #6933, .T. ) ;
#3177 = CARTESIAN_POINT ( 'NONE',  ( -6.309658438426486882, 0.000000000000000000, 3.354207863325322947 ) ) ;
#3178 = FILL_AREA_STYLE_COLOUR ( '', #4081 ) ;
#3179 = ORIENTED_EDGE ( 'NONE', *, *, #8714, .F. ) ;
#3180 = VECTOR ( 'NONE', #4106, 1000.000000000000000 ) ;
#3181 = SURFACE_SIDE_STYLE ('',( #8663 ) ) ;
#3182 = AXIS2_PLACEMENT_3D ( 'NONE', #2875, #3562, #5740 ) ;
#3183 = PRESENTATION_LAYER_ASSIGNMENT (  '', '', ( #5103 ) ) ;
#3184 = VECTOR ( 'NONE', #7234, 1000.000000000000000 ) ;
#3185 = EDGE_CURVE ( 'NONE', #2928, #4417, #2702, .T. ) ;
#3186 = CARTESIAN_POINT ( 'NONE',  ( -4.445012361338021023, 6.950000000000000178, -2.723013615809640964 ) ) ;
#3187 = DIRECTION ( 'NONE',  ( 0.000000000000000000, 0.000000000000000000, 1.000000000000000000 ) ) ;
#3188 = ORIENTED_EDGE ( 'NONE', *, *, #7983, .T. ) ;
#3189 = DIRECTION ( 'NONE',  ( -0.000000000000000000, -1.000000000000000000, -0.000000000000000000 ) ) ;
#3190 = CARTESIAN_POINT ( 'NONE',  ( -1.281886370897095784, 6.950000000000000178, -2.784806355831971114 ) ) ;
#3191 = ORIENTED_EDGE ( 'NONE', *, *, #5696, .F. ) ;
#3192 = PRESENTATION_LAYER_ASSIGNMENT (  '', '', ( #1328 ) ) ;
#3193 = ADVANCED_FACE ( 'NONE', ( #4823 ), #8789, .F. ) ;
#3194 = CIRCLE ( 'NONE', #2773, 0.1476854043595495769 ) ;
#3195 = COLOUR_RGB ( '',0.2509803921568627416, 0.2509803921568627416, 0.2509803921568627416 ) ;
#3196 = CARTESIAN_POINT ( 'NONE',  ( 1.585573439717987920, 7.000000000000000888, -4.224739048194295243 ) ) ;
#3197 = EDGE_CURVE ( 'NONE', #3923, #139, #8196, .T. ) ;
#3198 = FILL_AREA_STYLE ('',( #5363 ) ) ;
#3199 = DIRECTION ( 'NONE',  ( 0.8660254037844380415, -0.000000000000000000, 0.5000000000000009992 ) ) ;
#3200 = EDGE_CURVE ( 'NONE', #8244, #6942, #2893, .T. ) ;
#3201 = ORIENTED_EDGE ( 'NONE', *, *, #6082, .T. ) ;
#3202 = LINE ( 'NONE', #5888, #5761 ) ;
#3203 = VECTOR ( 'NONE', #8810, 1000.000000000000000 ) ;
#3204 = ORIENTED_EDGE ( 'NONE', *, *, #4218, .T. ) ;
#3205 =( NAMED_UNIT ( * ) SI_UNIT ( $, .STERADIAN. ) SOLID_ANGLE_UNIT ( ) );
#3206 = AXIS2_PLACEMENT_3D ( 'NONE', #4880, #6278, #6318 ) ;
#3207 = CARTESIAN_POINT ( 'NONE',  ( 1.585573439717987920, 6.950000000000000178, -4.224739048194295243 ) ) ;
#3208 = AXIS2_PLACEMENT_3D ( 'NONE', #4223, #4965, #6322 ) ;
#3209 = PLANE ( 'NONE',  #4683 ) ;
#3210 = ORIENTED_EDGE ( 'NONE', *, *, #1657, .T. ) ;
#3211 = FACE_OUTER_BOUND ( 'NONE', #1290, .T. ) ;
#3212 = SURFACE_STYLE_FILL_AREA ( #2798 ) ;
#3213 = VERTEX_POINT ( 'NONE', #1707 ) ;
#3214 = DIRECTION ( 'NONE',  ( 0.000000000000000000, 0.000000000000000000, -1.000000000000000000 ) ) ;
#3215 = CARTESIAN_POINT ( 'NONE',  ( -0.5679264233040245413, 7.000000000000000888, -2.784806355831972002 ) ) ;
#3216 = VERTEX_POINT ( 'NONE', #8888 ) ;
#3217 = MECHANICAL_DESIGN_GEOMETRIC_PRESENTATION_REPRESENTATION (  '', ( #3764 ), #4374 ) ;
#3218 = UNCERTAINTY_MEASURE_WITH_UNIT (LENGTH_MEASURE( 1.000000000000000082E-05 ), #742, 'distance_accuracy_value', 'NONE');
#3219 = CIRCLE ( 'NONE', #1773, 7.049999999999999822 ) ;
#3220 = SURFACE_STYLE_USAGE ( .BOTH. , #3312 ) ;
#3221 = FACE_OUTER_BOUND ( 'NONE', #5535, .T. ) ;
#3222 = CARTESIAN_POINT ( 'NONE',  ( 2.730135323361210897, 6.950000000000000178, -3.916962665652261144 ) ) ;
#3223 = DIRECTION ( 'NONE',  ( 0.000000000000000000, 0.000000000000000000, 1.000000000000000000 ) ) ;
#3224 = ORIENTED_EDGE ( 'NONE', *, *, #4878, .F. ) ;
#3225 = FILL_AREA_STYLE ('',( #1912 ) ) ;
#3226 = CARTESIAN_POINT ( 'NONE',  ( 3.354207863325301631, 4.400000000000000355, -6.309658438426499316 ) ) ;
#3227 = CARTESIAN_POINT ( 'NONE',  ( 0.000000000000000000, 6.750000000000000888, 4.764999999999999680 ) ) ;
#3228 =( LENGTH_UNIT ( ) NAMED_UNIT ( * ) SI_UNIT ( .MILLI., .METRE. ) );
#3229 = UNCERTAINTY_MEASURE_WITH_UNIT (LENGTH_MEASURE( 1.000000000000000082E-05 ), #1125, 'distance_accuracy_value', 'NONE');
#3230 = CARTESIAN_POINT ( 'NONE',  ( 6.106542934606381756, 0.000000000000000000, 3.814289341707823855 ) ) ;
#3231 = STYLED_ITEM ( 'NONE', ( #6661 ), #1730 ) ;
#3232 = CARTESIAN_POINT ( 'NONE',  ( 0.000000000000000000, -1.549999999999999378, -4.414999999999999147 ) ) ;
#3233 = AXIS2_PLACEMENT_3D ( 'NONE', #72, #5759, #6499 ) ;
#3234 = FACE_OUTER_BOUND ( 'NONE', #7191, .T. ) ;
#3235 = CARTESIAN_POINT ( 'NONE',  ( 0.000000000000000000, 7.000000000000000888, 0.000000000000000000 ) ) ;
#3236 = SURFACE_STYLE_USAGE ( .BOTH. , #6807 ) ;
#3237 = DIRECTION ( 'NONE',  ( -0.000000000000000000, -1.000000000000000000, -0.000000000000000000 ) ) ;
#3238 = ADVANCED_FACE ( 'NONE', ( #4367 ), #1739, .T. ) ;
#3239 = DIRECTION ( 'NONE',  ( 0.000000000000000000, -1.000000000000000000, 0.000000000000000000 ) ) ;
#3240 = ADVANCED_FACE ( 'NONE', ( #7846 ), #7273, .T. ) ;
#3241 = STYLED_ITEM ( 'NONE', ( #6984 ), #480 ) ;
#3242 = VECTOR ( 'NONE', #6965, 1000.000000000000114 ) ;
#3243 = VECTOR ( 'NONE', #8101, 1000.000000000000000 ) ;
#3244 =( NAMED_UNIT ( * ) PLANE_ANGLE_UNIT ( ) SI_UNIT ( $, .RADIAN. ) );
#3245 =( GEOMETRIC_REPRESENTATION_CONTEXT ( 3 ) GLOBAL_UNCERTAINTY_ASSIGNED_CONTEXT ( ( #7199 ) ) GLOBAL_UNIT_ASSIGNED_CONTEXT ( ( #3534, #7221, #8575 ) ) REPRESENTATION_CONTEXT ( 'NONE', 'WORKASPACE' ) );
#3246 = PRESENTATION_STYLE_ASSIGNMENT (( #4318 ) ) ;
#3247 = ORIENTED_EDGE ( 'NONE', *, *, #576, .F. ) ;
#3248 = SURFACE_STYLE_FILL_AREA ( #280 ) ;
#3249 = SURFACE_STYLE_USAGE ( .BOTH. , #2651 ) ;
#3250 = ORIENTED_EDGE ( 'NONE', *, *, #3986, .T. ) ;
#3251 =( NAMED_UNIT ( * ) SI_UNIT ( $, .STERADIAN. ) SOLID_ANGLE_UNIT ( ) );
#3252 = FILL_AREA_STYLE_COLOUR ( '', #6981 ) ;
#3253 = CIRCLE ( 'NONE', #3014, 0.09999999999999982514 ) ;
#3254 = DIRECTION ( 'NONE',  ( 0.000000000000000000, 0.000000000000000000, -1.000000000000000000 ) ) ;
#3255 = FACE_OUTER_BOUND ( 'NONE', #5433, .T. ) ;
#3256 =( GEOMETRIC_REPRESENTATION_CONTEXT ( 3 ) GLOBAL_UNCERTAINTY_ASSIGNED_CONTEXT ( ( #3408 ) ) GLOBAL_UNIT_ASSIGNED_CONTEXT ( ( #803, #5101, #2225 ) ) REPRESENTATION_CONTEXT ( 'NONE', 'WORKASPACE' ) );
#3257 = ORIENTED_EDGE ( 'NONE', *, *, #8504, .F. ) ;
#3258 = AXIS2_PLACEMENT_3D ( 'NONE', #4211, #6998, #5630 ) ;
#3259 = CARTESIAN_POINT ( 'NONE',  ( -6.306542934606381934, 0.000000000000000000, 3.467879180194048505 ) ) ;
#3260 = CIRCLE ( 'NONE', #6433, 0.3499999999999996447 ) ;
#3261 = VERTEX_POINT ( 'NONE', #6088 ) ;
#3262 = DIRECTION ( 'NONE',  ( -0.000000000000000000, -1.000000000000000000, -0.000000000000000000 ) ) ;
#3263 = CIRCLE ( 'NONE', #2862, 0.8613095337795615425 ) ;
#3264 = FILL_AREA_STYLE_COLOUR ( '', #4776 ) ;
#3265 = CARTESIAN_POINT ( 'NONE',  ( 0.000000000000000000, -1.549999999999999822, 0.000000000000000000 ) ) ;
#3266 = CIRCLE ( 'NONE', #53, 0.3499999999999996447 ) ;
#3267 = EDGE_LOOP ( 'NONE', ( #3733, #1231, #2385, #6405 ) ) ;
#3268 = EDGE_LOOP ( 'NONE', ( #8646, #2486, #6394, #8333 ) ) ;
#3269 = ORIENTED_EDGE ( 'NONE', *, *, #7465, .T. ) ;
#3270 = EDGE_CURVE ( 'NONE', #7431, #8801, #33, .T. ) ;
#3271 = EDGE_CURVE ( 'NONE', #2199, #1624, #6925, .T. ) ;
#3272 = PRESENTATION_LAYER_ASSIGNMENT (  '', '', ( #6648 ) ) ;
#3273 =( GEOMETRIC_REPRESENTATION_CONTEXT ( 3 ) GLOBAL_UNCERTAINTY_ASSIGNED_CONTEXT ( ( #3118 ) ) GLOBAL_UNIT_ASSIGNED_CONTEXT ( ( #4130, #7695, #6248 ) ) REPRESENTATION_CONTEXT ( 'NONE', 'WORKASPACE' ) );
#3274 = SURFACE_STYLE_USAGE ( .BOTH. , #4770 ) ;
#3275 = VERTEX_POINT ( 'NONE', #9082 ) ;
#3276 = SURFACE_SIDE_STYLE ('',( #4341 ) ) ;
#3277 = ORIENTED_EDGE ( 'NONE', *, *, #586, .T. ) ;
#3278 = EDGE_CURVE ( 'NONE', #8438, #7853, #9194, .T. ) ;
#3279 = ADVANCED_FACE ( 'NONE', ( #4030 ), #1596, .T. ) ;
#3280 = ORIENTED_EDGE ( 'NONE', *, *, #1768, .T. ) ;
#3281 = COLOUR_RGB ( '',0.2509803921568627416, 0.2509803921568627416, 0.2509803921568627416 ) ;
#3282 = VECTOR ( 'NONE', #2295, 1000.000000000000114 ) ;
#3283 = UNCERTAINTY_MEASURE_WITH_UNIT (LENGTH_MEASURE( 1.000000000000000082E-05 ), #8796, 'distance_accuracy_value', 'NONE');
#3284 = FILL_AREA_STYLE_COLOUR ( '', #5895 ) ;
#3285 = PRESENTATION_STYLE_ASSIGNMENT (( #9188 ) ) ;
#3286 = EDGE_CURVE ( 'NONE', #5346, #5002, #5470, .T. ) ;
#3287 = DIRECTION ( 'NONE',  ( 0.000000000000000000, 1.000000000000000000, 0.000000000000000000 ) ) ;
#3288 = ADVANCED_FACE ( 'NONE', ( #6601 ), #258, .T. ) ;
#3289 = PLANE ( 'NONE',  #6149 ) ;
#3290 =( GEOMETRIC_REPRESENTATION_CONTEXT ( 3 ) GLOBAL_UNCERTAINTY_ASSIGNED_CONTEXT ( ( #3554 ) ) GLOBAL_UNIT_ASSIGNED_CONTEXT ( ( #8073, #8733, #943 ) ) REPRESENTATION_CONTEXT ( 'NONE', 'WORKASPACE' ) );
#3291 = LINE ( 'NONE', #1422, #8794 ) ;
#3292 = MECHANICAL_DESIGN_GEOMETRIC_PRESENTATION_REPRESENTATION (  '', ( #7681 ), #7029 ) ;
#3293 =( NAMED_UNIT ( * ) SI_UNIT ( $, .STERADIAN. ) SOLID_ANGLE_UNIT ( ) );
#3294 = CIRCLE ( 'NONE', #194, 0.09999999999999999167 ) ;
#3295 =( LENGTH_UNIT ( ) NAMED_UNIT ( * ) SI_UNIT ( .MILLI., .METRE. ) );
#3296 = CYLINDRICAL_SURFACE ( 'NONE', #7300, 0.3499999999999996447 ) ;
#3297 = ORIENTED_EDGE ( 'NONE', *, *, #6285, .T. ) ;
#3298 =( NAMED_UNIT ( * ) PLANE_ANGLE_UNIT ( ) SI_UNIT ( $, .RADIAN. ) );
#3299 = CARTESIAN_POINT ( 'NONE',  ( -2.426448254617682210, 7.000000000000000888, -4.310987324483573246 ) ) ;
#3300 =( LENGTH_UNIT ( ) NAMED_UNIT ( * ) SI_UNIT ( .MILLI., .METRE. ) );
#3301 = VECTOR ( 'NONE', #7604, 1000.000000000000000 ) ;
#3302 = DIRECTION ( 'NONE',  ( 0.000000000000000000, 0.000000000000000000, 1.000000000000000000 ) ) ;
#3303 = DIRECTION ( 'NONE',  ( -0.000000000000000000, -1.000000000000000000, -0.000000000000000000 ) ) ;
#3304 = AXIS2_PLACEMENT_3D ( 'NONE', #8174, #6116, #8919 ) ;
#3305 = EDGE_CURVE ( 'NONE', #3758, #2609, #6696, .T. ) ;
#3306 = VERTEX_POINT ( 'NONE', #6883 ) ;
#3307 = FILL_AREA_STYLE ('',( #7583 ) ) ;
#3308 = FILL_AREA_STYLE_COLOUR ( '', #4598 ) ;
#3309 = EDGE_CURVE ( 'NONE', #4644, #4862, #9081, .T. ) ;
#3310 = VECTOR ( 'NONE', #2442, 1000.000000000000000 ) ;
#3311 = LINE ( 'NONE', #7093, #8814 ) ;
#3312 = SURFACE_SIDE_STYLE ('',( #2641 ) ) ;
#3313 = DIRECTION ( 'NONE',  ( -0.000000000000000000, 0.000000000000000000, -1.000000000000000000 ) ) ;
#3314 = AXIS2_PLACEMENT_3D ( 'NONE', #1777, #6745, #2488 ) ;
#3315 = ORIENTED_EDGE ( 'NONE', *, *, #3185, .F. ) ;
#3316 = DIRECTION ( 'NONE',  ( 0.000000000000000000, 1.000000000000000000, 0.000000000000000000 ) ) ;
#3317 = CIRCLE ( 'NONE', #5163, 0.1000000000000002554 ) ;
#3318 = VERTEX_POINT ( 'NONE', #6948 ) ;
#3319 = FILL_AREA_STYLE_COLOUR ( '', #1430 ) ;
#3320 =( NAMED_UNIT ( * ) PLANE_ANGLE_UNIT ( ) SI_UNIT ( $, .RADIAN. ) );
#3321 = CIRCLE ( 'NONE', #8137, 0.1478492195922209429 ) ;
#3322 = ORIENTED_EDGE ( 'NONE', *, *, #3404, .F. ) ;
#3323 = CARTESIAN_POINT ( 'NONE',  ( 0.000000000000000000, 7.050000000000000711, 0.000000000000000000 ) ) ;
#3324 = CYLINDRICAL_SURFACE ( 'NONE', #6704, 0.09999999999999999167 ) ;
#3325 = SURFACE_SIDE_STYLE ('',( #7121 ) ) ;
#3326 =( GEOMETRIC_REPRESENTATION_CONTEXT ( 3 ) GLOBAL_UNCERTAINTY_ASSIGNED_CONTEXT ( ( #1324 ) ) GLOBAL_UNIT_ASSIGNED_CONTEXT ( ( #3414, #7032, #4026 ) ) REPRESENTATION_CONTEXT ( 'NONE', 'WORKASPACE' ) );
#3327 = SURFACE_SIDE_STYLE ('',( #7019 ) ) ;
#3328 = FACE_BOUND ( 'NONE', #5, .T. ) ;
#3329 = FILL_AREA_STYLE_COLOUR ( '', #2532 ) ;
#3330 = DIRECTION ( 'NONE',  ( -0.000000000000000000, -1.000000000000000000, -0.000000000000000000 ) ) ;
#3331 = CARTESIAN_POINT ( 'NONE',  ( -6.059658438426486882, 0.000000000000000000, -3.787220565217541690 ) ) ;
#3332 = ADVANCED_FACE ( 'NONE', ( #8969 ), #517, .F. ) ;
#3333 = DIRECTION ( 'NONE',  ( -0.8660254037844378194, 0.000000000000000000, -0.5000000000000013323 ) ) ;
#3334 = ORIENTED_EDGE ( 'NONE', *, *, #6253, .F. ) ;
#3335 = SURFACE_STYLE_FILL_AREA ( #5456 ) ;
#3336 =( GEOMETRIC_REPRESENTATION_CONTEXT ( 3 ) GLOBAL_UNCERTAINTY_ASSIGNED_CONTEXT ( ( #6615 ) ) GLOBAL_UNIT_ASSIGNED_CONTEXT ( ( #8128, #3814, #1014 ) ) REPRESENTATION_CONTEXT ( 'NONE', 'WORKASPACE' ) );
#3337 = EDGE_LOOP ( 'NONE', ( #4176, #2722, #3482, #5972 ) ) ;
#3338 =( NAMED_UNIT ( * ) SI_UNIT ( $, .STERADIAN. ) SOLID_ANGLE_UNIT ( ) );
#3339 = PRESENTATION_LAYER_ASSIGNMENT (  '', '', ( #1166 ) ) ;
#3340 = DIRECTION ( 'NONE',  ( 0.000000000000000000, 0.000000000000000000, -1.000000000000000000 ) ) ;
#3341 =( NAMED_UNIT ( * ) PLANE_ANGLE_UNIT ( ) SI_UNIT ( $, .RADIAN. ) );
#3342 = FILL_AREA_STYLE ('',( #6797 ) ) ;
#3343 = PLANE ( 'NONE',  #49 ) ;
#3344 = FILL_AREA_STYLE_COLOUR ( '', #5910 ) ;
#3345 =( NAMED_UNIT ( * ) SI_UNIT ( $, .STERADIAN. ) SOLID_ANGLE_UNIT ( ) );
#3346 = SURFACE_STYLE_USAGE ( .BOTH. , #5579 ) ;
#3347 = VECTOR ( 'NONE', #2412, 1000.000000000000000 ) ;
#3348 = CARTESIAN_POINT ( 'NONE',  ( -5.294203436405390484, 7.000000000000000888, -2.587794026416314175 ) ) ;
#3349 = FACE_OUTER_BOUND ( 'NONE', #7515, .T. ) ;
#3350 =( NAMED_UNIT ( * ) PLANE_ANGLE_UNIT ( ) SI_UNIT ( $, .RADIAN. ) );
#3351 =( GEOMETRIC_REPRESENTATION_CONTEXT ( 3 ) GLOBAL_UNCERTAINTY_ASSIGNED_CONTEXT ( ( #3459 ) ) GLOBAL_UNIT_ASSIGNED_CONTEXT ( ( #7116, #3526, #2072 ) ) REPRESENTATION_CONTEXT ( 'NONE', 'WORKASPACE' ) );
#3352 = FILL_AREA_STYLE_COLOUR ( '', #6303 ) ;
#3353 = ORIENTED_EDGE ( 'NONE', *, *, #5728, .T. ) ;
#3354 = CIRCLE ( 'NONE', #2256, 7.195565981523416532 ) ;
#3355 = EDGE_CURVE ( 'NONE', #6111, #8461, #3910, .T. ) ;
#3356 = AXIS2_PLACEMENT_3D ( 'NONE', #4545, #1704, #3831 ) ;
#3357 = CARTESIAN_POINT ( 'NONE',  ( 6.443145474984826038, 0.000000000000000000, 3.431276639815605378 ) ) ;
#3358 =( NAMED_UNIT ( * ) SI_UNIT ( $, .STERADIAN. ) SOLID_ANGLE_UNIT ( ) );
#3359 = CARTESIAN_POINT ( 'NONE',  ( 6.306542934606381934, 4.400000000000000355, -3.467879180194048949 ) ) ;
#3360 = ORIENTED_EDGE ( 'NONE', *, *, #7611, .T. ) ;
#3361 = CYLINDRICAL_SURFACE ( 'NONE', #361, 7.049999999999999822 ) ;
#3362 = ORIENTED_EDGE ( 'NONE', *, *, #7308, .F. ) ;
#3363 = STYLED_ITEM ( 'NONE', ( #2869 ), #5538 ) ;
#3364 = ORIENTED_EDGE ( 'NONE', *, *, #1141, .T. ) ;
#3365 = PRESENTATION_STYLE_ASSIGNMENT (( #6386 ) ) ;
#3366 = FACE_OUTER_BOUND ( 'NONE', #758, .T. ) ;
#3367 = VECTOR ( 'NONE', #6827, 1000.000000000000000 ) ;
#3368 = ADVANCED_FACE ( 'NONE', ( #1037 ), #6373, .F. ) ;
#3369 = PRESENTATION_STYLE_ASSIGNMENT (( #2640 ) ) ;
#3370 = DIRECTION ( 'NONE',  ( -0.000000000000000000, -1.000000000000000000, -0.000000000000000000 ) ) ;
#3371 =( NAMED_UNIT ( * ) PLANE_ANGLE_UNIT ( ) SI_UNIT ( $, .RADIAN. ) );
#3372 = VERTEX_POINT ( 'NONE', #8393 ) ;
#3373 = EDGE_CURVE ( 'NONE', #5684, #6978, #8062, .T. ) ;
#3374 = DIRECTION ( 'NONE',  ( -1.000000000000000000, 0.000000000000000000, 0.000000000000000000 ) ) ;
#3375 = SURFACE_SIDE_STYLE ('',( #2523 ) ) ;
#3376 = ORIENTED_EDGE ( 'NONE', *, *, #5000, .T. ) ;
#3377 =( NAMED_UNIT ( * ) SI_UNIT ( $, .STERADIAN. ) SOLID_ANGLE_UNIT ( ) );
#3378 = PRESENTATION_STYLE_ASSIGNMENT (( #3999 ) ) ;
#3379 = SURFACE_SIDE_STYLE ('',( #775 ) ) ;
#3380 =( GEOMETRIC_REPRESENTATION_CONTEXT ( 3 ) GLOBAL_UNCERTAINTY_ASSIGNED_CONTEXT ( ( #3810 ) ) GLOBAL_UNIT_ASSIGNED_CONTEXT ( ( #760, #1924, #3358 ) ) REPRESENTATION_CONTEXT ( 'NONE', 'WORKASPACE' ) );
#3381 = ADVANCED_FACE ( 'NONE', ( #4922 ), #1168, .F. ) ;
#3382 = CIRCLE ( 'NONE', #2239, 7.195565981523416532 ) ;
#3383 = COLOUR_RGB ( '',0.9098039215686274384, 0.4431372549019607643, 0.03137254901960784270 ) ;
#3384 =( GEOMETRIC_REPRESENTATION_CONTEXT ( 3 ) GLOBAL_UNCERTAINTY_ASSIGNED_CONTEXT ( ( #7362 ) ) GLOBAL_UNIT_ASSIGNED_CONTEXT ( ( #4371, #2972, #6459 ) ) REPRESENTATION_CONTEXT ( 'NONE', 'WORKASPACE' ) );
#3385 = CARTESIAN_POINT ( 'NONE',  ( -4.580243488735012747, 7.000000000000000888, -2.587784325794568296 ) ) ;
#3386 = DIRECTION ( 'NONE',  ( 0.000000000000000000, 0.000000000000000000, -1.000000000000000000 ) ) ;
#3387 = ORIENTED_EDGE ( 'NONE', *, *, #1046, .F. ) ;
#3388 = DIRECTION ( 'NONE',  ( 0.000000000000000000, 0.000000000000000000, 1.000000000000000000 ) ) ;
#3389 = DIRECTION ( 'NONE',  ( 0.000000000000000000, 1.000000000000000000, 0.000000000000000000 ) ) ;
#3390 = ORIENTED_EDGE ( 'NONE', *, *, #2655, .T. ) ;
#3391 = FILL_AREA_STYLE ('',( #533 ) ) ;
#3392 = ORIENTED_EDGE ( 'NONE', *, *, #3403, .F. ) ;
#3393 = CIRCLE ( 'NONE', #4491, 7.049999999999999822 ) ;
#3394 =( NAMED_UNIT ( * ) SI_UNIT ( $, .STERADIAN. ) SOLID_ANGLE_UNIT ( ) );
#3395 = VECTOR ( 'NONE', #2974, 1000.000000000000000 ) ;
#3396 = ORIENTED_EDGE ( 'NONE', *, *, #5032, .F. ) ;
#3397 = CARTESIAN_POINT ( 'NONE',  ( 3.814289341707803427, 0.000000000000000000, -6.106542934606395079 ) ) ;
#3398 = SURFACE_STYLE_USAGE ( .BOTH. , #9057 ) ;
#3399 = SURFACE_SIDE_STYLE ('',( #8364 ) ) ;
#3400 = DIRECTION ( 'NONE',  ( 0.000000000000000000, 0.000000000000000000, 1.000000000000000000 ) ) ;
#3401 = ORIENTED_EDGE ( 'NONE', *, *, #1317, .F. ) ;
#3402 =( NAMED_UNIT ( * ) SI_UNIT ( $, .STERADIAN. ) SOLID_ANGLE_UNIT ( ) );
#3403 = EDGE_CURVE ( 'NONE', #1019, #5082, #8522, .T. ) ;
#3404 = EDGE_CURVE ( 'NONE', #3504, #8086, #925, .T. ) ;
#3405 = AXIS2_PLACEMENT_3D ( 'NONE', #1562, #7322, #1595 ) ;
#3406 = COLOUR_RGB ( '',0.2509803921568627416, 0.2509803921568627416, 0.2509803921568627416 ) ;
#3407 = STYLED_ITEM ( 'NONE', ( #2790 ), #3332 ) ;
#3408 = UNCERTAINTY_MEASURE_WITH_UNIT (LENGTH_MEASURE( 1.000000000000000082E-05 ), #803, 'distance_accuracy_value', 'NONE');
#3409 = CIRCLE ( 'NONE', #9185, 0.8616453519526201532 ) ;
#3410 = CARTESIAN_POINT ( 'NONE',  ( 7.045565981523414401, 4.400000000000000355, 0.2500000000000000000 ) ) ;
#3411 = VECTOR ( 'NONE', #793, 1000.000000000000000 ) ;
#3412 = CARTESIAN_POINT ( 'NONE',  ( 0.000000000000000000, 0.000000000000000000, 0.000000000000000000 ) ) ;
#3413 = SURFACE_STYLE_FILL_AREA ( #8038 ) ;
#3414 =( LENGTH_UNIT ( ) NAMED_UNIT ( * ) SI_UNIT ( .MILLI., .METRE. ) );
#3415 = VECTOR ( 'NONE', #5986, 1000.000000000000000 ) ;
#3416 = CIRCLE ( 'NONE', #146, 0.8615891875900896224 ) ;
#3417 = CARTESIAN_POINT ( 'NONE',  ( 0.000000000000000000, -2.049999999999999822, 5.114999999999999325 ) ) ;
#3418 =( NAMED_UNIT ( * ) PLANE_ANGLE_UNIT ( ) SI_UNIT ( $, .RADIAN. ) );
#3419 = AXIS2_PLACEMENT_3D ( 'NONE', #4592, #2457, #5280 ) ;
#3420 = EDGE_CURVE ( 'NONE', #358, #6875, #3219, .T. ) ;
#3421 = CARTESIAN_POINT ( 'NONE',  ( 0.000000000000000000, 4.400000000000000355, 0.000000000000000000 ) ) ;
#3422 = ORIENTED_EDGE ( 'NONE', *, *, #2104, .T. ) ;
#3423 = CYLINDRICAL_SURFACE ( 'NONE', #8021, 0.8422889805429389920 ) ;
#3424 = DIRECTION ( 'NONE',  ( 0.000000000000000000, 0.000000000000000000, 1.000000000000000000 ) ) ;
#3425 = FACE_OUTER_BOUND ( 'NONE', #248, .T. ) ;
#3426 = SURFACE_STYLE_FILL_AREA ( #6045 ) ;
#3427 = ADVANCED_FACE ( 'NONE', ( #4021, #7836, #7947 ), #1295, .F. ) ;
#3428 = DIRECTION ( 'NONE',  ( 0.000000000000000000, 0.000000000000000000, 1.000000000000000000 ) ) ;
#3429 = DIRECTION ( 'NONE',  ( -0.000000000000000000, -1.000000000000000000, -0.000000000000000000 ) ) ;
#3430 = COLOUR_RGB ( '',1.000000000000000000, 1.000000000000000000, 1.000000000000000000 ) ;
#3431 = SURFACE_SIDE_STYLE ('',( #8645 ) ) ;
#3432 = ORIENTED_EDGE ( 'NONE', *, *, #3550, .T. ) ;
#3433 = CIRCLE ( 'NONE', #1840, 8.500000000000000000 ) ;
#3434 = PRESENTATION_LAYER_ASSIGNMENT (  '', '', ( #2949 ) ) ;
#3435 = VERTEX_POINT ( 'NONE', #4090 ) ;
#3436 = EDGE_CURVE ( 'NONE', #2397, #8259, #6030, .T. ) ;
#3437 = DIRECTION ( 'NONE',  ( 0.000000000000000000, 0.000000000000000000, 1.000000000000000000 ) ) ;
#3438 = EDGE_LOOP ( 'NONE', ( #1862, #4943, #2351, #4264 ) ) ;
#3439 = AXIS2_PLACEMENT_3D ( 'NONE', #6268, #2788, #4146 ) ;
#3440 = FACE_OUTER_BOUND ( 'NONE', #5515, .T. ) ;
#3441 =( LENGTH_UNIT ( ) NAMED_UNIT ( * ) SI_UNIT ( .MILLI., .METRE. ) );
#3442 = ORIENTED_EDGE ( 'NONE', *, *, #5017, .T. ) ;
#3443 = PRESENTATION_LAYER_ASSIGNMENT (  '', '', ( #5367 ) ) ;
#3444 =( LENGTH_UNIT ( ) NAMED_UNIT ( * ) SI_UNIT ( .MILLI., .METRE. ) );
#3445 = VECTOR ( 'NONE', #3738, 1000.000000000000000 ) ;
#3446 = PLANE ( 'NONE',  #1477 ) ;
#3447 = EDGE_LOOP ( 'NONE', ( #240, #1423, #1677, #3501 ) ) ;
#3448 = FILL_AREA_STYLE ('',( #5513 ) ) ;
#3449 = DIRECTION ( 'NONE',  ( -0.000000000000000000, -1.000000000000000000, -0.000000000000000000 ) ) ;
#3450 = CARTESIAN_POINT ( 'NONE',  ( 4.286263797015731048E-17, 6.750000000000000888, 4.415000000000000036 ) ) ;
#3451 = DIRECTION ( 'NONE',  ( -0.000000000000000000, -1.000000000000000000, -0.000000000000000000 ) ) ;
#3452 = CIRCLE ( 'NONE', #6551, 0.1000000000000002554 ) ;
#3453 = CARTESIAN_POINT ( 'NONE',  ( -1.577257179616194716, 6.950000000000000178, -4.310987324483573246 ) ) ;
#3454 = CARTESIAN_POINT ( 'NONE',  ( 6.359658438426486704, 0.000000000000000000, 3.267605322946879554 ) ) ;
#3455 = FACE_OUTER_BOUND ( 'NONE', #3588, .T. ) ;
#3456 = ORIENTED_EDGE ( 'NONE', *, *, #896, .T. ) ;
#3457 = FILL_AREA_STYLE_COLOUR ( '', #4889 ) ;
#3458 = STYLED_ITEM ( 'NONE', ( #7685 ), #7696 ) ;
#3459 = UNCERTAINTY_MEASURE_WITH_UNIT (LENGTH_MEASURE( 1.000000000000000082E-05 ), #7116, 'distance_accuracy_value', 'NONE');
#3460 = AXIS2_PLACEMENT_3D ( 'NONE', #2452, #5919, #7442 ) ;
#3461 = CARTESIAN_POINT ( 'NONE',  ( -0.4326952959729711279, 6.950000000000000178, -2.784806355831972446 ) ) ;
#3462 = LINE ( 'NONE', #6705, #4269 ) ;
#3463 = DIRECTION ( 'NONE',  ( 0.000000000000000000, 0.000000000000000000, 1.000000000000000000 ) ) ;
#3464 = CIRCLE ( 'NONE', #5376, 0.1000000000000002554 ) ;
#3465 = DIRECTION ( 'NONE',  ( 0.000000000000000000, 1.000000000000000000, 0.000000000000000000 ) ) ;
#3466 = AXIS2_PLACEMENT_3D ( 'NONE', #6854, #6117, #8315 ) ;
#3467 = PRESENTATION_STYLE_ASSIGNMENT (( #2977 ) ) ;
#3468 =( GEOMETRIC_REPRESENTATION_CONTEXT ( 3 ) GLOBAL_UNCERTAINTY_ASSIGNED_CONTEXT ( ( #5227 ) ) GLOBAL_UNIT_ASSIGNED_CONTEXT ( ( #5845, #8109, #8819 ) ) REPRESENTATION_CONTEXT ( 'NONE', 'WORKASPACE' ) );
#3469 = ADVANCED_FACE ( 'NONE', ( #2470 ), #667, .F. ) ;
#3470 = DIRECTION ( 'NONE',  ( -0.000000000000000000, -1.000000000000000000, -0.000000000000000000 ) ) ;
#3471 = STYLED_ITEM ( 'NONE', ( #2678 ), #3815 ) ;
#3472 = SURFACE_STYLE_FILL_AREA ( #8377 ) ;
#3473 = SURFACE_STYLE_USAGE ( .BOTH. , #2688 ) ;
#3474 = CYLINDRICAL_SURFACE ( 'NONE', #7845, 0.09999999999999982514 ) ;
#3475 = DIRECTION ( 'NONE',  ( 1.000000000000000000, 0.000000000000000000, 0.000000000000000000 ) ) ;
#3476 = FILL_AREA_STYLE_COLOUR ( '', #6232 ) ;
#3477 = DIRECTION ( 'NONE',  ( -0.000000000000000000, -0.000000000000000000, -1.000000000000000000 ) ) ;
#3478 = VERTEX_POINT ( 'NONE', #1307 ) ;
#3479 = CARTESIAN_POINT ( 'NONE',  ( -7.141428428542850426, 0.000000000000000000, -0.3499999999999999778 ) ) ;
#3480 = ORIENTED_EDGE ( 'NONE', *, *, #4821, .T. ) ;
#3481 = SURFACE_SIDE_STYLE ('',( #2247 ) ) ;
#3482 = ORIENTED_EDGE ( 'NONE', *, *, #5139, .F. ) ;
#3483 = AXIS2_PLACEMENT_3D ( 'NONE', #1744, #3907, #1095 ) ;
#3484 = CARTESIAN_POINT ( 'NONE',  ( 6.193145474984825150, 0.000000000000000000, -3.864289341707824121 ) ) ;
#3485 = LINE ( 'NONE', #2054, #7406 ) ;
#3486 = DIRECTION ( 'NONE',  ( -0.000000000000000000, -1.000000000000000000, -0.000000000000000000 ) ) ;
#3487 = DIRECTION ( 'NONE',  ( -0.000000000000000000, -1.000000000000000000, -0.000000000000000000 ) ) ;
#3488 = EDGE_CURVE ( 'NONE', #8041, #8244, #3657, .T. ) ;
#3489 = VERTEX_POINT ( 'NONE', #1374 ) ;
#3490 = DIRECTION ( 'NONE',  ( 0.000000000000000000, 1.000000000000000000, 0.000000000000000000 ) ) ;
#3491 = DIRECTION ( 'NONE',  ( 0.000000000000000000, 0.000000000000000000, -1.000000000000000000 ) ) ;
#3492 = VECTOR ( 'NONE', #7132, 1000.000000000000000 ) ;
#3493 = EDGE_LOOP ( 'NONE', ( #1829, #5660 ) ) ;
#3494 = CARTESIAN_POINT ( 'NONE',  ( -3.267605322946857349, 4.400000000000000355, -6.359658438426499139 ) ) ;
#3495 = VERTEX_POINT ( 'NONE', #7039 ) ;
#3496 = CYLINDRICAL_SURFACE ( 'NONE', #740, 0.3499999999999996447 ) ;
#3497 = EDGE_LOOP ( 'NONE', ( #868, #8071, #5203, #8250 ) ) ;
#3498 = FILL_AREA_STYLE ('',( #396 ) ) ;
#3499 = ORIENTED_EDGE ( 'NONE', *, *, #2468, .F. ) ;
#3500 = PLANE ( 'NONE',  #1333 ) ;
#3501 = ORIENTED_EDGE ( 'NONE', *, *, #6317, .T. ) ;
#3502 = PRESENTATION_STYLE_ASSIGNMENT (( #5539 ) ) ;
#3503 = EDGE_LOOP ( 'NONE', ( #4548, #1566, #2922, #4796 ) ) ;
#3504 = VERTEX_POINT ( 'NONE', #9084 ) ;
#3505 =( NAMED_UNIT ( * ) SI_UNIT ( $, .STERADIAN. ) SOLID_ANGLE_UNIT ( ) );
#3506 = CARTESIAN_POINT ( 'NONE',  ( 1.585573439717987920, 7.000000000000000888, -3.375547973270170310 ) ) ;
#3507 = CARTESIAN_POINT ( 'NONE',  ( -3.306276639815583618, 4.400000000000000355, -6.226639124038727324 ) ) ;
#3508 = UNCERTAINTY_MEASURE_WITH_UNIT (LENGTH_MEASURE( 1.000000000000000082E-05 ), #5955, 'distance_accuracy_value', 'NONE');
#3509 =( GEOMETRIC_REPRESENTATION_CONTEXT ( 3 ) GLOBAL_UNCERTAINTY_ASSIGNED_CONTEXT ( ( #8142 ) ) GLOBAL_UNIT_ASSIGNED_CONTEXT ( ( #2278, #106, #7928 ) ) REPRESENTATION_CONTEXT ( 'NONE', 'WORKASPACE' ) );
#3510 = ORIENTED_EDGE ( 'NONE', *, *, #8408, .F. ) ;
#3511 = CIRCLE ( 'NONE', #2157, 0.8491910749241532441 ) ;
#3512 = STYLED_ITEM ( 'NONE', ( #8202 ), #7457 ) ;
#3513 = DIRECTION ( 'NONE',  ( 0.9973262097036347251, 0.000000000000000000, 0.07307825557702921082 ) ) ;
#3514 = SURFACE_SIDE_STYLE ('',( #5670 ) ) ;
#3515 = DIRECTION ( 'NONE',  ( -0.5000000000000009992, -0.000000000000000000, -0.8660254037844380415 ) ) ;
#3516 = DIRECTION ( 'NONE',  ( -0.000000000000000000, -1.000000000000000000, -0.000000000000000000 ) ) ;
#3517 = UNCERTAINTY_MEASURE_WITH_UNIT (LENGTH_MEASURE( 1.000000000000000082E-05 ), #8350, 'distance_accuracy_value', 'NONE');
#3518 = CARTESIAN_POINT ( 'NONE',  ( -6.393145474984826215, 0.000000000000000000, 3.517879180194048772 ) ) ;
#3519 = ORIENTED_EDGE ( 'NONE', *, *, #5639, .F. ) ;
#3520 = AXIS2_PLACEMENT_3D ( 'NONE', #116, #8842, #5717 ) ;
#3521 = PRESENTATION_LAYER_ASSIGNMENT (  '', '', ( #2473 ) ) ;
#3522 = VERTEX_POINT ( 'NONE', #6249 ) ;
#3523 = CARTESIAN_POINT ( 'NONE',  ( -3.873823105595965099, 4.400000000000000355, 6.009658438426501270 ) ) ;
#3524 =( NAMED_UNIT ( * ) SI_UNIT ( $, .STERADIAN. ) SOLID_ANGLE_UNIT ( ) );
#3525 = ORIENTED_EDGE ( 'NONE', *, *, #6474, .T. ) ;
#3526 =( NAMED_UNIT ( * ) PLANE_ANGLE_UNIT ( ) SI_UNIT ( $, .RADIAN. ) );
#3527 = PRESENTATION_STYLE_ASSIGNMENT (( #5450 ) ) ;
#3528 = PRESENTATION_LAYER_ASSIGNMENT (  '', '', ( #3053 ) ) ;
#3529 = CARTESIAN_POINT ( 'NONE',  ( -3.814289341707803427, 0.000000000000000000, -6.106542934606395079 ) ) ;
#3530 = FILL_AREA_STYLE_COLOUR ( '', #191 ) ;
#3531 = EDGE_CURVE ( 'NONE', #7527, #956, #360, .T. ) ;
#3532 = EDGE_CURVE ( 'NONE', #6942, #7416, #1130, .T. ) ;
#3533 = FILL_AREA_STYLE ('',( #2821 ) ) ;
#3534 =( LENGTH_UNIT ( ) NAMED_UNIT ( * ) SI_UNIT ( .MILLI., .METRE. ) );
#3535 = VECTOR ( 'NONE', #202, 1000.000000000000000 ) ;
#3536 = DIRECTION ( 'NONE',  ( -0.000000000000000000, 1.000000000000000000, -0.000000000000000000 ) ) ;
#3537 = EDGE_LOOP ( 'NONE', ( #719, #870, #5265, #4955 ) ) ;
#3538 = AXIS2_PLACEMENT_3D ( 'NONE', #6817, #3370, #7783 ) ;
#3539 =( LENGTH_UNIT ( ) NAMED_UNIT ( * ) SI_UNIT ( .MILLI., .METRE. ) );
#3540 =( NAMED_UNIT ( * ) PLANE_ANGLE_UNIT ( ) SI_UNIT ( $, .RADIAN. ) );
#3541 = SURFACE_SIDE_STYLE ('',( #2465 ) ) ;
#3542 = DIRECTION ( 'NONE',  ( 0.000000000000000000, 0.000000000000000000, -1.000000000000000000 ) ) ;
#3543 = DIRECTION ( 'NONE',  ( 0.000000000000000000, -1.000000000000000000, 0.000000000000000000 ) ) ;
#3544 = STYLED_ITEM ( 'NONE', ( #3365 ), #1396 ) ;
#3545 = PRESENTATION_LAYER_ASSIGNMENT (  '', '', ( #5298 ) ) ;
#3546 = CIRCLE ( 'NONE', #9094, 0.1000000000000002554 ) ;
#3547 = EDGE_LOOP ( 'NONE', ( #8886, #4669, #5252, #1787 ) ) ;
#3548 = EDGE_CURVE ( 'NONE', #3478, #2076, #3901, .T. ) ;
#3549 = FACE_OUTER_BOUND ( 'NONE', #2518, .T. ) ;
#3550 = EDGE_CURVE ( 'NONE', #7577, #1826, #916, .T. ) ;
#3551 = CYLINDRICAL_SURFACE ( 'NONE', #7513, 0.09999999999999982514 ) ;
#3552 = CARTESIAN_POINT ( 'NONE',  ( -4.580313372439055897, 7.000000000000000888, 2.555614419895396505 ) ) ;
#3553 = CIRCLE ( 'NONE', #8653, 0.09999999999999982514 ) ;
#3554 = UNCERTAINTY_MEASURE_WITH_UNIT (LENGTH_MEASURE( 1.000000000000000082E-05 ), #8073, 'distance_accuracy_value', 'NONE');
#3555 = DIRECTION ( 'NONE',  ( -0.000000000000000000, 1.000000000000000000, -0.000000000000000000 ) ) ;
#3556 = ORIENTED_EDGE ( 'NONE', *, *, #2090, .F. ) ;
#3557 = DIRECTION ( 'NONE',  ( 0.000000000000000000, 0.000000000000000000, 1.000000000000000000 ) ) ;
#3558 = STYLED_ITEM ( 'NONE', ( #4756 ), #2009 ) ;
#3559 = AXIS2_PLACEMENT_3D ( 'NONE', #6309, #4929, #661 ) ;
#3560 = SHAPE_DEFINITION_REPRESENTATION ( #2823, #7714 ) ;
#3561 = CARTESIAN_POINT ( 'NONE',  ( -4.445012361338021023, 7.000000000000000888, -2.723013615809640964 ) ) ;
#3562 = DIRECTION ( 'NONE',  ( 0.000000000000000000, 1.000000000000000000, 0.000000000000000000 ) ) ;
#3563 = DIRECTION ( 'NONE',  ( 0.000000000000000000, 0.000000000000000000, 1.000000000000000000 ) ) ;
#3564 = ORIENTED_EDGE ( 'NONE', *, *, #8731, .T. ) ;
#3565 = UNCERTAINTY_MEASURE_WITH_UNIT (LENGTH_MEASURE( 1.000000000000000082E-05 ), #4376, 'distance_accuracy_value', 'NONE');
#3566 = CARTESIAN_POINT ( 'NONE',  ( 3.221904549199348544, 4.400000000000000355, 6.270712166560393541 ) ) ;
#3567 = CIRCLE ( 'NONE', #5028, 0.3499999999999996447 ) ;
#3568 =( GEOMETRIC_REPRESENTATION_CONTEXT ( 3 ) GLOBAL_UNCERTAINTY_ASSIGNED_CONTEXT ( ( #4104 ) ) GLOBAL_UNIT_ASSIGNED_CONTEXT ( ( #1011, #6029, #324 ) ) REPRESENTATION_CONTEXT ( 'NONE', 'WORKASPACE' ) );
#3569 = VERTEX_POINT ( 'NONE', #4157 ) ;
#3570 = FILL_AREA_STYLE_COLOUR ( '', #5210 ) ;
#3571 = PRESENTATION_LAYER_ASSIGNMENT (  '', '', ( #1870 ) ) ;
#3572 =( NAMED_UNIT ( * ) PLANE_ANGLE_UNIT ( ) SI_UNIT ( $, .RADIAN. ) );
#3573 = CYLINDRICAL_SURFACE ( 'NONE', #9007, 0.1352311273310532469 ) ;
#3574 = COLOUR_RGB ( '',0.2509803921568627416, 0.2509803921568627416, 0.2509803921568627416 ) ;
#3575 = DIRECTION ( 'NONE',  ( 0.000000000000000000, 0.000000000000000000, 1.000000000000000000 ) ) ;
#3576 = PRESENTATION_STYLE_ASSIGNMENT (( #815 ) ) ;
#3577 = ORIENTED_EDGE ( 'NONE', *, *, #6125, .T. ) ;
#3578 = SURFACE_STYLE_USAGE ( .BOTH. , #2921 ) ;
#3579 = DIRECTION ( 'NONE',  ( 1.358706713052775392E-05, 0.000000000000000000, -0.9999999999076957247 ) ) ;
#3580 = PRESENTATION_LAYER_ASSIGNMENT (  '', '', ( #3109 ) ) ;
#3581 = LINE ( 'NONE', #3484, #5707 ) ;
#3582 = AXIS2_PLACEMENT_3D ( 'NONE', #192, #3702, #3107 ) ;
#3583 = VECTOR ( 'NONE', #9181, 1000.000000000000000 ) ;
#3584 = CARTESIAN_POINT ( 'NONE',  ( 0.000000000000000000, 4.400000000000000355, 0.000000000000000000 ) ) ;
#3585 = STYLED_ITEM ( 'NONE', ( #4897 ), #4016 ) ;
#3586 = ORIENTED_EDGE ( 'NONE', *, *, #8887, .F. ) ;
#3587 = EDGE_CURVE ( 'NONE', #2745, #3146, #8833, .T. ) ;
#3588 = EDGE_LOOP ( 'NONE', ( #6302, #4419, #7794, #4868 ) ) ;
#3589 = PRESENTATION_LAYER_ASSIGNMENT (  '', '', ( #7630 ) ) ;
#3590 = FILL_AREA_STYLE ('',( #1504 ) ) ;
#3591 = FILL_AREA_STYLE_COLOUR ( '', #5243 ) ;
#3592 = ORIENTED_EDGE ( 'NONE', *, *, #5681, .F. ) ;
#3593 = SURFACE_STYLE_FILL_AREA ( #1225 ) ;
#3594 = CARTESIAN_POINT ( 'NONE',  ( -5.441621546977838619, 7.000000000000000888, 2.557144600353973729 ) ) ;
#3595 = FACE_OUTER_BOUND ( 'NONE', #994, .T. ) ;
#3596 = CARTESIAN_POINT ( 'NONE',  ( 4.286263797015731048E-17, 6.950000000000000178, 4.415000000000000036 ) ) ;
#3597 = VERTEX_POINT ( 'NONE', #9114 ) ;
#3598 = SURFACE_SIDE_STYLE ('',( #1995 ) ) ;
#3599 = DIRECTION ( 'NONE',  ( 0.000000000000000000, 0.000000000000000000, 1.000000000000000000 ) ) ;
#3600 = MECHANICAL_DESIGN_GEOMETRIC_PRESENTATION_REPRESENTATION (  '', ( #3984 ), #6008 ) ;
#3601 = FILL_AREA_STYLE_COLOUR ( '', #2605 ) ;
#3602 = ORIENTED_EDGE ( 'NONE', *, *, #5000, .F. ) ;
#3603 = SURFACE_STYLE_FILL_AREA ( #1687 ) ;
#3604 = FILL_AREA_STYLE_COLOUR ( '', #4879 ) ;
#3605 = CIRCLE ( 'NONE', #8449, 6.500000000000000000 ) ;
#3606 = ORIENTED_EDGE ( 'NONE', *, *, #7127, .F. ) ;
#3607 = EDGE_CURVE ( 'NONE', #2514, #7655, #2019, .T. ) ;
#3608 = LINE ( 'NONE', #3507, #6523 ) ;
#3609 = DIRECTION ( 'NONE',  ( 0.000000000000000000, 1.000000000000000000, 0.000000000000000000 ) ) ;
#3610 =( NAMED_UNIT ( * ) PLANE_ANGLE_UNIT ( ) SI_UNIT ( $, .RADIAN. ) );
#3611 = EDGE_CURVE ( 'NONE', #4850, #6468, #4690, .T. ) ;
#3612 = ORIENTED_EDGE ( 'NONE', *, *, #1827, .T. ) ;
#3613 = CARTESIAN_POINT ( 'NONE',  ( 6.629903845456583511, 4.400000000000001243, -2.000000000000000000 ) ) ;
#3614 = ORIENTED_EDGE ( 'NONE', *, *, #54, .F. ) ;
#3615 = CARTESIAN_POINT ( 'NONE',  ( -6.106542934606381756, 4.400000000000000355, 3.814289341707823855 ) ) ;
#3616 = ORIENTED_EDGE ( 'NONE', *, *, #4372, .F. ) ;
#3617 = COLOUR_RGB ( '',1.000000000000000000, 1.000000000000000000, 1.000000000000000000 ) ;
#3618 = ORIENTED_EDGE ( 'NONE', *, *, #4603, .T. ) ;
#3619 = AXIS2_PLACEMENT_3D ( 'NONE', #1695, #6642, #7391 ) ;
#3620 = STYLED_ITEM ( 'NONE', ( #6409 ), #6764 ) ;
#3621 = VERTEX_POINT ( 'NONE', #9207 ) ;
#3623 = EDGE_CURVE ( 'NONE', #7979, #8764, #7257, .T. ) ;
#3622 = DIRECTION ( 'NONE',  ( 0.000000000000000000, 0.000000000000000000, 1.000000000000000000 ) ) ;
#3624 = CARTESIAN_POINT ( 'NONE',  ( -2.561679381948791967, 7.000000000000000888, -4.310987324483573246 ) ) ;
#3625 = ADVANCED_FACE ( 'NONE', ( #3440 ), #3324, .T. ) ;
#3626 = UNCERTAINTY_MEASURE_WITH_UNIT (LENGTH_MEASURE( 1.000000000000000082E-05 ), #6351, 'distance_accuracy_value', 'NONE');
#3627 = CIRCLE ( 'NONE', #1387, 0.1473495860432410265 ) ;
#3628 =( NAMED_UNIT ( * ) SI_UNIT ( $, .STERADIAN. ) SOLID_ANGLE_UNIT ( ) );
#3629 = CARTESIAN_POINT ( 'NONE',  ( 4.576202877569066629, 6.950000000000000178, 2.531868201111808769 ) ) ;
#3630 = CARTESIAN_POINT ( 'NONE',  ( -3.275639329619170148, 6.950000000000000178, -4.310987324483573246 ) ) ;
#3631 = MECHANICAL_DESIGN_GEOMETRIC_PRESENTATION_REPRESENTATION (  '', ( #3458 ), #5073 ) ;
#3632 =( NAMED_UNIT ( * ) PLANE_ANGLE_UNIT ( ) SI_UNIT ( $, .RADIAN. ) );
#3633 = PRESENTATION_STYLE_ASSIGNMENT (( #9149 ) ) ;
#3634 = VECTOR ( 'NONE', #4611, 1000.000000000000114 ) ;
#3635 = COLOUR_RGB ( '',0.9098039215686274384, 0.4431372549019607643, 0.03137254901960784270 ) ;
#3636 = FILL_AREA_STYLE_COLOUR ( '', #619 ) ;
#3637 =( GEOMETRIC_REPRESENTATION_CONTEXT ( 3 ) GLOBAL_UNCERTAINTY_ASSIGNED_CONTEXT ( ( #8493 ) ) GLOBAL_UNIT_ASSIGNED_CONTEXT ( ( #8008, #3632, #4434 ) ) REPRESENTATION_CONTEXT ( 'NONE', 'WORKASPACE' ) );
#3638 = FACE_OUTER_BOUND ( 'NONE', #6152, .T. ) ;
#3639 = DIRECTION ( 'NONE',  ( -0.000000000000000000, -1.000000000000000000, -0.000000000000000000 ) ) ;
#3640 =( NAMED_UNIT ( * ) SI_UNIT ( $, .STERADIAN. ) SOLID_ANGLE_UNIT ( ) );
#3641 =( NAMED_UNIT ( * ) SI_UNIT ( $, .STERADIAN. ) SOLID_ANGLE_UNIT ( ) );
#3642 = ORIENTED_EDGE ( 'NONE', *, *, #8235, .T. ) ;
#3643 = PRESENTATION_STYLE_ASSIGNMENT (( #7411 ) ) ;
#3644 = CARTESIAN_POINT ( 'NONE',  ( -6.226639124038715778, 4.400000000000000355, -3.306276639815604934 ) ) ;
#3645 = CIRCLE ( 'NONE', #3419, 0.1000000000000002554 ) ;
#3646 = FACE_OUTER_BOUND ( 'NONE', #7776, .T. ) ;
#3647 = EDGE_CURVE ( 'NONE', #3318, #6861, #131, .T. ) ;
#3648 = DIRECTION ( 'NONE',  ( -0.000000000000000000, -1.000000000000000000, -0.000000000000000000 ) ) ;
#3649 = STYLED_ITEM ( 'NONE', ( #5235 ), #3625 ) ;
#3650 = ORIENTED_EDGE ( 'NONE', *, *, #4141, .F. ) ;
#3651 = CARTESIAN_POINT ( 'NONE',  ( -6.393145474984826215, 0.000000000000000000, 3.517879180194048772 ) ) ;
#3652 = FACE_OUTER_BOUND ( 'NONE', #5638, .T. ) ;
#3653 = ORIENTED_EDGE ( 'NONE', *, *, #3436, .F. ) ;
#3654 = CARTESIAN_POINT ( 'NONE',  ( -6.359658438426486704, 0.000000000000000000, 3.267605322946879554 ) ) ;
#3655 = MECHANICAL_DESIGN_GEOMETRIC_PRESENTATION_REPRESENTATION (  '', ( #1309 ), #4160 ) ;
#3656 = CARTESIAN_POINT ( 'NONE',  ( -3.819643761461755105, 4.400000000000000355, 5.925607271455500147 ) ) ;
#3657 = LINE ( 'NONE', #531, #2982 ) ;
#3658 = VERTEX_POINT ( 'NONE', #2117 ) ;
#3659 = EDGE_CURVE ( 'NONE', #8773, #6436, #4912, .T. ) ;
#3660 = FILL_AREA_STYLE_COLOUR ( '', #8297 ) ;
#3661 = EDGE_CURVE ( 'NONE', #415, #4994, #5460, .T. ) ;
#3662 = DIRECTION ( 'NONE',  ( -0.5000000000000009992, 0.000000000000000000, -0.8660254037844380415 ) ) ;
#3663 = ORIENTED_EDGE ( 'NONE', *, *, #8192, .T. ) ;
#3664 = DIRECTION ( 'NONE',  ( 0.000000000000000000, 0.000000000000000000, 1.000000000000000000 ) ) ;
#3665 = ADVANCED_FACE ( 'NONE', ( #3549 ), #6022, .F. ) ;
#3666 = CARTESIAN_POINT ( 'NONE',  ( 6.356542934606381756, 4.400000000000000355, -3.381276639815605556 ) ) ;
#3667 = CARTESIAN_POINT ( 'NONE',  ( 7.295565981523415289, 0.000000000000000000, -0.1500000000000000222 ) ) ;
#3668 = CARTESIAN_POINT ( 'NONE',  ( 5.540228309825170783, 6.950000000000000178, -2.380333944477845964 ) ) ;
#3669 = DIRECTION ( 'NONE',  ( -0.000000000000000000, -1.000000000000000000, -0.000000000000000000 ) ) ;
#3670 = MECHANICAL_DESIGN_GEOMETRIC_PRESENTATION_REPRESENTATION (  '', ( #9160 ), #4944 ) ;
#3671 = EDGE_CURVE ( 'NONE', #6202, #7861, #2682, .T. ) ;
#3672 = FACE_OUTER_BOUND ( 'NONE', #4631, .T. ) ;
#3673 = UNCERTAINTY_MEASURE_WITH_UNIT (LENGTH_MEASURE( 1.000000000000000082E-05 ), #1544, 'distance_accuracy_value', 'NONE');
#3674 = ORIENTED_EDGE ( 'NONE', *, *, #945, .T. ) ;
#3675 = EDGE_CURVE ( 'NONE', #7103, #8945, #8176, .T. ) ;
#3676 =( LENGTH_UNIT ( ) NAMED_UNIT ( * ) SI_UNIT ( .MILLI., .METRE. ) );
#3677 = COLOUR_RGB ( '',0.9098039215686274384, 0.4431372549019607643, 0.03137254901960784270 ) ;
#3678 = DIRECTION ( 'NONE',  ( -0.000000000000000000, -1.000000000000000000, -0.000000000000000000 ) ) ;
#3679 = AXIS2_PLACEMENT_3D ( 'NONE', #4298, #2843, #3622 ) ;
#3680 = VERTEX_POINT ( 'NONE', #4933 ) ;
#3681 = PRESENTATION_LAYER_ASSIGNMENT (  '', '', ( #6926 ) ) ;
#3682 = CARTESIAN_POINT ( 'NONE',  ( -6.226639124038715778, 0.000000000000000000, 3.306276639815604934 ) ) ;
#3683 = DIRECTION ( 'NONE',  ( 0.000000000000000000, 1.000000000000000000, 0.000000000000000000 ) ) ;
#3684 = FILL_AREA_STYLE_COLOUR ( '', #7313 ) ;
#3685 = DIRECTION ( 'NONE',  ( 0.000000000000000000, 0.000000000000000000, 1.000000000000000000 ) ) ;
#3686 =( LENGTH_UNIT ( ) NAMED_UNIT ( * ) SI_UNIT ( .MILLI., .METRE. ) );
#3687 = DIRECTION ( 'NONE',  ( -0.000000000000000000, -1.000000000000000000, -0.000000000000000000 ) ) ;
#3688 = CARTESIAN_POINT ( 'NONE',  ( 3.354207863325300742, 4.400000000000000355, 6.309658438426497540 ) ) ;
#3689 = PRESENTATION_STYLE_ASSIGNMENT (( #6940 ) ) ;
#3690 = COLOUR_RGB ( '',1.000000000000000000, 1.000000000000000000, 1.000000000000000000 ) ;
#3691 =( NAMED_UNIT ( * ) PLANE_ANGLE_UNIT ( ) SI_UNIT ( $, .RADIAN. ) );
#3692 = CARTESIAN_POINT ( 'NONE',  ( -3.787220565217521262, 4.400000000000000355, 6.059658438426501093 ) ) ;
#3693 = EDGE_CURVE ( 'NONE', #656, #1968, #8613, .T. ) ;
#3694 = AXIS2_PLACEMENT_3D ( 'NONE', #9151, #6256, #1990 ) ;
#3695 = DIRECTION ( 'NONE',  ( -0.000000000000000000, -1.000000000000000000, -0.000000000000000000 ) ) ;
#3696 = VERTEX_POINT ( 'NONE', #6374 ) ;
#3697 = FACE_OUTER_BOUND ( 'NONE', #3970, .T. ) ;
#3698 = CARTESIAN_POINT ( 'NONE',  ( 3.467879180194027633, 0.000000000000000000, 6.306542934606394368 ) ) ;
#3699 = AXIS2_PLACEMENT_3D ( 'NONE', #1339, #9229, #7155 ) ;
#3700 =( GEOMETRIC_REPRESENTATION_CONTEXT ( 3 ) GLOBAL_UNCERTAINTY_ASSIGNED_CONTEXT ( ( #873 ) ) GLOBAL_UNIT_ASSIGNED_CONTEXT ( ( #3295, #3320, #6119 ) ) REPRESENTATION_CONTEXT ( 'NONE', 'WORKASPACE' ) );
#3701 = DIRECTION ( 'NONE',  ( -0.000000000000000000, -1.000000000000000000, -0.000000000000000000 ) ) ;
#3702 = DIRECTION ( 'NONE',  ( -0.000000000000000000, -1.000000000000000000, -0.000000000000000000 ) ) ;
#3703 = VERTEX_POINT ( 'NONE', #7882 ) ;
#3704 = SURFACE_SIDE_STYLE ('',( #1716 ) ) ;
#3705 = ORIENTED_EDGE ( 'NONE', *, *, #6359, .F. ) ;
#3706 = MECHANICAL_DESIGN_GEOMETRIC_PRESENTATION_REPRESENTATION (  '', ( #5678 ), #6765 ) ;
#3707 = PRESENTATION_STYLE_ASSIGNMENT (( #3076 ) ) ;
#3708 = CIRCLE ( 'NONE', #7240, 0.3499999999999996447 ) ;
#3709 = CARTESIAN_POINT ( 'NONE',  ( -0.5679264233040245413, 6.950000000000000178, 3.319679806621155915 ) ) ;
#3710 =( NAMED_UNIT ( * ) SI_UNIT ( $, .STERADIAN. ) SOLID_ANGLE_UNIT ( ) );
#3711 = ORIENTED_EDGE ( 'NONE', *, *, #4821, .F. ) ;
#3712 = AXIS2_PLACEMENT_3D ( 'NONE', #4127, #9141, #1301 ) ;
#3713 = PRESENTATION_LAYER_ASSIGNMENT (  '', '', ( #3231 ) ) ;
#3714 = ADVANCED_FACE ( 'NONE', ( #2347 ), #6130, .T. ) ;
#3715 = ORIENTED_EDGE ( 'NONE', *, *, #3798, .F. ) ;
#3716 = COLOUR_RGB ( '',0.2509803921568627416, 0.2509803921568627416, 0.2509803921568627416 ) ;
#3717 = ORIENTED_EDGE ( 'NONE', *, *, #4606, .T. ) ;
#3718 = AXIS2_PLACEMENT_3D ( 'NONE', #3832, #4576, #5267 ) ;
#3719 = EDGE_CURVE ( 'NONE', #2076, #3141, #4241, .T. ) ;
#3720 = SURFACE_STYLE_FILL_AREA ( #1024 ) ;
#3721 = PRESENTATION_LAYER_ASSIGNMENT (  '', '', ( #1067 ) ) ;
#3722 = ORIENTED_EDGE ( 'NONE', *, *, #8896, .T. ) ;
#3723 = PRESENTATION_LAYER_ASSIGNMENT (  '', '', ( #7933 ) ) ;
#3724 = ORIENTED_EDGE ( 'NONE', *, *, #1676, .T. ) ;
#3725 = DIRECTION ( 'NONE',  ( 0.000000000000000000, -0.000000000000000000, 1.000000000000000000 ) ) ;
#3726 = FILL_AREA_STYLE ('',( #926 ) ) ;
#3727 =( NAMED_UNIT ( * ) PLANE_ANGLE_UNIT ( ) SI_UNIT ( $, .RADIAN. ) );
#3728 = ORIENTED_EDGE ( 'NONE', *, *, #5744, .T. ) ;
#3729 = CYLINDRICAL_SURFACE ( 'NONE', #6391, 7.049999999999999822 ) ;
#3730 = ORIENTED_EDGE ( 'NONE', *, *, #1878, .F. ) ;
#3731 = PLANE ( 'NONE',  #8979 ) ;
#3732 = LINE ( 'NONE', #3410, #1196 ) ;
#3733 = ORIENTED_EDGE ( 'NONE', *, *, #8441, .T. ) ;
#3734 = MECHANICAL_DESIGN_GEOMETRIC_PRESENTATION_REPRESENTATION (  '', ( #1198 ), #7277 ) ;
#3735 = CARTESIAN_POINT ( 'NONE',  ( 1.450342312386934562, 7.000000000000000888, 2.743934908718901777 ) ) ;
#3736 = ORIENTED_EDGE ( 'NONE', *, *, #4589, .F. ) ;
#3737 = CARTESIAN_POINT ( 'NONE',  ( 3.431276639815582730, 0.000000000000000000, -6.443145474984837584 ) ) ;
#3738 = DIRECTION ( 'NONE',  ( -0.000000000000000000, -1.000000000000000000, -0.000000000000000000 ) ) ;
#3739 = VERTEX_POINT ( 'NONE', #8009 ) ;
#3740 =( NAMED_UNIT ( * ) SI_UNIT ( $, .STERADIAN. ) SOLID_ANGLE_UNIT ( ) );
#3741 = DIRECTION ( 'NONE',  ( 0.000000000000000000, 0.000000000000000000, -1.000000000000000000 ) ) ;
#3742 = LINE ( 'NONE', #5695, #3863 ) ;
#3743 = CARTESIAN_POINT ( 'NONE',  ( 4.428517473209516275, 6.950000000000000178, 2.531868201111808769 ) ) ;
#3744 = CARTESIAN_POINT ( 'NONE',  ( 6.059658438426486882, 4.400000000000000355, -3.787220565217541690 ) ) ;
#3745 = PRESENTATION_STYLE_ASSIGNMENT (( #3578 ) ) ;
#3746 = EDGE_CURVE ( 'NONE', #8764, #7979, #467, .T. ) ;
#3747 = DIRECTION ( 'NONE',  ( 0.000000000000000000, 0.000000000000000000, -1.000000000000000000 ) ) ;
#3748 = CARTESIAN_POINT ( 'NONE',  ( 0.000000000000000000, -28.50000000000000000, -4.764999999999998792 ) ) ;
#3749 = DIRECTION ( 'NONE',  ( 0.000000000000000000, 1.000000000000000000, 0.000000000000000000 ) ) ;
#3750 = UNCERTAINTY_MEASURE_WITH_UNIT (LENGTH_MEASURE( 1.000000000000000082E-05 ), #1349, 'distance_accuracy_value', 'NONE');
#3751 = PRESENTATION_LAYER_ASSIGNMENT (  '', '', ( #444 ) ) ;
#3752 = CARTESIAN_POINT ( 'NONE',  ( -6.106542934606381756, 0.000000000000000000, -3.814289341707823855 ) ) ;
#3753 = FILL_AREA_STYLE ('',( #8156 ) ) ;
#3754 = PRESENTATION_LAYER_ASSIGNMENT (  '', '', ( #2338 ) ) ;
#3755 = FACE_OUTER_BOUND ( 'NONE', #1903, .T. ) ;
#3756 = DIRECTION ( 'NONE',  ( 0.000000000000000000, 1.000000000000000000, 0.000000000000000000 ) ) ;
#3757 = VERTEX_POINT ( 'NONE', #7364 ) ;
#3758 = VERTEX_POINT ( 'NONE', #5200 ) ;
#3759 = FACE_OUTER_BOUND ( 'NONE', #8956, .T. ) ;
#3760 = UNCERTAINTY_MEASURE_WITH_UNIT (LENGTH_MEASURE( 1.000000000000000082E-05 ), #4906, 'distance_accuracy_value', 'NONE');
#3761 = FILL_AREA_STYLE_COLOUR ( '', #702 ) ;
#3762 = FACE_OUTER_BOUND ( 'NONE', #5651, .T. ) ;
#3763 = EDGE_CURVE ( 'NONE', #8548, #5351, #2871, .T. ) ;
#3764 = STYLED_ITEM ( 'NONE', ( #545 ), #8013 ) ;
#3765 = CARTESIAN_POINT ( 'NONE',  ( -6.270712166560381995, 0.000000000000000000, -3.221904549199369860 ) ) ;
#3766 = DIRECTION ( 'NONE',  ( 0.000000000000000000, 0.000000000000000000, -1.000000000000000000 ) ) ;
#3767 = AXIS2_PLACEMENT_3D ( 'NONE', #5954, #6626, #3007 ) ;
#3768 = VECTOR ( 'NONE', #6282, 1000.000000000000000 ) ;
#3769 = DIRECTION ( 'NONE',  ( 0.000000000000000000, 0.000000000000000000, 1.000000000000000000 ) ) ;
#3770 = ORIENTED_EDGE ( 'NONE', *, *, #4469, .F. ) ;
#3771 = DIRECTION ( 'NONE',  ( -0.000000000000000000, -1.000000000000000000, -0.000000000000000000 ) ) ;
#3772 = ADVANCED_FACE ( 'NONE', ( #123 ), #2289, .F. ) ;
#3773 = COLOUR_RGB ( '',0.9098039215686274384, 0.4431372549019607643, 0.03137254901960784270 ) ;
#3774 = DIRECTION ( 'NONE',  ( 1.000000000000000000, -0.000000000000000000, -0.000000000000000000 ) ) ;
#3775 = SURFACE_SIDE_STYLE ('',( #2326 ) ) ;
#3776 = EDGE_CURVE ( 'NONE', #8461, #6070, #4586, .T. ) ;
#3777 = COLOUR_RGB ( '',0.9098039215686274384, 0.4431372549019607643, 0.03137254901960784270 ) ;
#3778 =( NAMED_UNIT ( * ) PLANE_ANGLE_UNIT ( ) SI_UNIT ( $, .RADIAN. ) );
#3779 = MECHANICAL_DESIGN_GEOMETRIC_PRESENTATION_REPRESENTATION (  '', ( #6199 ), #8944 ) ;
#3780 = VERTEX_POINT ( 'NONE', #8100 ) ;
#3781 =( LENGTH_UNIT ( ) NAMED_UNIT ( * ) SI_UNIT ( .MILLI., .METRE. ) );
#3782 = PRESENTATION_LAYER_ASSIGNMENT (  '', '', ( #4585 ) ) ;
#3783 = ORIENTED_EDGE ( 'NONE', *, *, #4550, .T. ) ;
#3784 = PRESENTATION_LAYER_ASSIGNMENT (  '', '', ( #7681 ) ) ;
#3785 = CARTESIAN_POINT ( 'NONE',  ( 1.010333609296566550E-15, -1.549999999999999822, -8.250000000000000000 ) ) ;
#3786 =( LENGTH_UNIT ( ) NAMED_UNIT ( * ) SI_UNIT ( .MILLI., .METRE. ) );
#3787 = COLOUR_RGB ( '',0.9098039215686274384, 0.4431372549019607643, 0.03137254901960784270 ) ;
#3788 = DIRECTION ( 'NONE',  ( 0.000000000000000000, 0.000000000000000000, 1.000000000000000000 ) ) ;
#3789 = ORIENTED_EDGE ( 'NONE', *, *, #5305, .F. ) ;
#3790 = CARTESIAN_POINT ( 'NONE',  ( -2.426448254617682210, 6.950000000000000178, -4.310987324483573246 ) ) ;
#3791 =( NAMED_UNIT ( * ) PLANE_ANGLE_UNIT ( ) SI_UNIT ( $, .RADIAN. ) );
#3792 =( GEOMETRIC_REPRESENTATION_CONTEXT ( 3 ) GLOBAL_UNCERTAINTY_ASSIGNED_CONTEXT ( ( #2344 ) ) GLOBAL_UNIT_ASSIGNED_CONTEXT ( ( #6187, #1148, #1917 ) ) REPRESENTATION_CONTEXT ( 'NONE', 'WORKASPACE' ) );
#3793 = CIRCLE ( 'NONE', #3849, 0.8491910751457537598 ) ;
#3794 = CARTESIAN_POINT ( 'NONE',  ( 3.517879180194027455, 4.400000000000000355, -6.393145474984837762 ) ) ;
#3795 = VERTEX_POINT ( 'NONE', #3688 ) ;
#3796 = DIRECTION ( 'NONE',  ( 0.000000000000000000, -1.000000000000000000, 0.000000000000000000 ) ) ;
#3797 = DIRECTION ( 'NONE',  ( -0.000000000000000000, -1.000000000000000000, -0.000000000000000000 ) ) ;
#3798 = EDGE_CURVE ( 'NONE', #2757, #3213, #8166, .T. ) ;
#3799 = CARTESIAN_POINT ( 'NONE',  ( 3.579326398285364252, 7.000000000000000888, -3.916962665652261144 ) ) ;
#3800 = PRESENTATION_STYLE_ASSIGNMENT (( #4913 ) ) ;
#3801 = EDGE_LOOP ( 'NONE', ( #1322, #1975, #1633, #7905 ) ) ;
#3802 = CARTESIAN_POINT ( 'NONE',  ( 6.359658438426485816, 4.400000000000000355, -3.267605322946878221 ) ) ;
#3803 = FILL_AREA_STYLE ('',( #8018 ) ) ;
#3804 = FILL_AREA_STYLE_COLOUR ( '', #6281 ) ;
#3805 = AXIS2_PLACEMENT_3D ( 'NONE', #6899, #4757, #2634 ) ;
#3806 = SURFACE_STYLE_USAGE ( .BOTH. , #3040 ) ;
#3807 = DIRECTION ( 'NONE',  ( -1.472073994866373079E-05, 0.000000000000000000, -0.9999999998916498933 ) ) ;
#3808 =( NAMED_UNIT ( * ) PLANE_ANGLE_UNIT ( ) SI_UNIT ( $, .RADIAN. ) );
#3809 = FILL_AREA_STYLE ('',( #5923 ) ) ;
#3810 = UNCERTAINTY_MEASURE_WITH_UNIT (LENGTH_MEASURE( 1.000000000000000082E-05 ), #760, 'distance_accuracy_value', 'NONE');
#3811 = FACE_OUTER_BOUND ( 'NONE', #9234, .T. ) ;
#3812 = CIRCLE ( 'NONE', #557, 7.049999999999999822 ) ;
#3813 = SURFACE_SIDE_STYLE ('',( #3603 ) ) ;
#3814 =( NAMED_UNIT ( * ) PLANE_ANGLE_UNIT ( ) SI_UNIT ( $, .RADIAN. ) );
#3815 = ADVANCED_FACE ( 'NONE', ( #3652 ), #4128, .T. ) ;
#3816 = ORIENTED_EDGE ( 'NONE', *, *, #394, .T. ) ;
#3817 = AXIS2_PLACEMENT_3D ( 'NONE', #78, #4360, #5826 ) ;
#3818 = DIRECTION ( 'NONE',  ( -0.8660254037844395958, 0.000000000000000000, -0.4999999999999984457 ) ) ;
#3819 = PRESENTATION_STYLE_ASSIGNMENT (( #230 ) ) ;
#3820 =( NAMED_UNIT ( * ) PLANE_ANGLE_UNIT ( ) SI_UNIT ( $, .RADIAN. ) );
#3821 = ORIENTED_EDGE ( 'NONE', *, *, #970, .F. ) ;
#3822 =( LENGTH_UNIT ( ) NAMED_UNIT ( * ) SI_UNIT ( .MILLI., .METRE. ) );
#3823 =( NAMED_UNIT ( * ) SI_UNIT ( $, .STERADIAN. ) SOLID_ANGLE_UNIT ( ) );
#3824 = ORIENTED_EDGE ( 'NONE', *, *, #4469, .T. ) ;
#3825 = CARTESIAN_POINT ( 'NONE',  ( 2.730135323361210897, 7.000000000000000888, -3.916962665652260256 ) ) ;
#3826 = VERTEX_POINT ( 'NONE', #5104 ) ;
#3827 = COLOUR_RGB ( '',0.2509803921568627416, 0.2509803921568627416, 0.2509803921568627416 ) ;
#3828 =( NAMED_UNIT ( * ) SI_UNIT ( $, .STERADIAN. ) SOLID_ANGLE_UNIT ( ) );
#3829 = PRESENTATION_LAYER_ASSIGNMENT (  '', '', ( #2416 ) ) ;
#3830 = DIRECTION ( 'NONE',  ( 0.000000000000000000, 1.000000000000000000, 0.000000000000000000 ) ) ;
#3831 = DIRECTION ( 'NONE',  ( 0.000000000000000000, 0.000000000000000000, 1.000000000000000000 ) ) ;
#3832 = CARTESIAN_POINT ( 'NONE',  ( 0.000000000000000000, 6.750000000000000888, -4.764999999999998792 ) ) ;
#3833 = STYLED_ITEM ( 'NONE', ( #5371 ), #3102 ) ;
#3834 = DIRECTION ( 'NONE',  ( 0.9999999998916501154, 0.000000000000000000, -1.472072980428399623E-05 ) ) ;
#3835 = CARTESIAN_POINT ( 'NONE',  ( -3.275639329619170148, 7.000000000000000888, 3.836521063224087147 ) ) ;
#3836 =( NAMED_UNIT ( * ) SI_UNIT ( $, .STERADIAN. ) SOLID_ANGLE_UNIT ( ) );
#3837 = ORIENTED_EDGE ( 'NONE', *, *, #1032, .T. ) ;
#3838 = CYLINDRICAL_SURFACE ( 'NONE', #6446, 0.09999999999999982514 ) ;
#3839 = ORIENTED_EDGE ( 'NONE', *, *, #7418, .T. ) ;
#3840 =( NAMED_UNIT ( * ) PLANE_ANGLE_UNIT ( ) SI_UNIT ( $, .RADIAN. ) );
#3841 = CARTESIAN_POINT ( 'NONE',  ( 5.976639124038715778, 4.400000000000000355, -3.739289341707823677 ) ) ;
#3842 = ADVANCED_FACE ( 'NONE', ( #350 ), #692, .F. ) ;
#3843 = CYLINDRICAL_SURFACE ( 'NONE', #1998, 0.3499999999999996447 ) ;
#3844 = DIRECTION ( 'NONE',  ( -0.000000000000000000, -1.000000000000000000, -0.000000000000000000 ) ) ;
#3845 =( LENGTH_UNIT ( ) NAMED_UNIT ( * ) SI_UNIT ( .MILLI., .METRE. ) );
#3846 = ORIENTED_EDGE ( 'NONE', *, *, #5869, .F. ) ;
#3847 = CARTESIAN_POINT ( 'NONE',  ( 1.585573439717987920, 7.000000000000000888, -3.375547973270170310 ) ) ;
#3848 = ORIENTED_EDGE ( 'NONE', *, *, #2436, .F. ) ;
#3849 = AXIS2_PLACEMENT_3D ( 'NONE', #4180, #5632, #4153 ) ;
#3850 = ORIENTED_EDGE ( 'NONE', *, *, #9067, .F. ) ;
#3851 = EDGE_CURVE ( 'NONE', #3826, #9136, #2124, .T. ) ;
#3852 = STYLED_ITEM ( 'NONE', ( #2163 ), #908 ) ;
#3853 = LINE ( 'NONE', #5606, #7329 ) ;
#3854 = VERTEX_POINT ( 'NONE', #1025 ) ;
#3855 = EDGE_CURVE ( 'NONE', #1535, #2433, #4004, .T. ) ;
#3856 = DIRECTION ( 'NONE',  ( 0.8660254037844380415, 0.000000000000000000, -0.5000000000000009992 ) ) ;
#3857 = CIRCLE ( 'NONE', #5776, 6.838397459621555541 ) ;
#3858 = VERTEX_POINT ( 'NONE', #3159 ) ;
#3859 = AXIS2_PLACEMENT_3D ( 'NONE', #459, #4660, #5412 ) ;
#3860 = CYLINDRICAL_SURFACE ( 'NONE', #6267, 0.09999999999999999167 ) ;
#3861 = ADVANCED_FACE ( 'NONE', ( #8600 ), #2973, .F. ) ;
#3862 = CARTESIAN_POINT ( 'NONE',  ( 0.7363823647938630979, 7.000000000000000888, -3.375547973270169866 ) ) ;
#3863 = VECTOR ( 'NONE', #8631, 1000.000000000000000 ) ;
#3864 = PRESENTATION_LAYER_ASSIGNMENT (  '', '', ( #62 ) ) ;
#3865 = COLOUR_RGB ( '',0.2509803921568627416, 0.2509803921568627416, 0.2509803921568627416 ) ;
#3866 = STYLED_ITEM ( 'NONE', ( #5560 ), #5448 ) ;
#3867 =( LENGTH_UNIT ( ) NAMED_UNIT ( * ) SI_UNIT ( .MILLI., .METRE. ) );
#3868 = ADVANCED_FACE ( 'NONE', ( #5442 ), #6725, .T. ) ;
#3869 = CARTESIAN_POINT ( 'NONE',  ( -6.009658438426486171, 4.400000000000000355, 3.873823105595984639 ) ) ;
#3870 = CARTESIAN_POINT ( 'NONE',  ( -6.306542934606381934, 0.000000000000000000, -3.467879180194048949 ) ) ;
#3871 = LINE ( 'NONE', #5787, #3184 ) ;
#3872 = UNCERTAINTY_MEASURE_WITH_UNIT (LENGTH_MEASURE( 1.000000000000000082E-05 ), #569, 'distance_accuracy_value', 'NONE');
#3873 = EDGE_CURVE ( 'NONE', #7978, #7153, #6893, .T. ) ;
#3874 = VECTOR ( 'NONE', #1456, 1000.000000000000000 ) ;
#3875 = DIRECTION ( 'NONE',  ( 0.000000000000000000, 1.000000000000000000, 0.000000000000000000 ) ) ;
#3876 = DIRECTION ( 'NONE',  ( -0.000000000000000000, -1.000000000000000000, -0.000000000000000000 ) ) ;
#3877 = PRESENTATION_LAYER_ASSIGNMENT (  '', '', ( #5427 ) ) ;
#3878 = DIRECTION ( 'NONE',  ( -0.000000000000000000, 1.000000000000000000, -0.000000000000000000 ) ) ;
#3879 = CARTESIAN_POINT ( 'NONE',  ( -3.819643761461755549, 4.400000000000000355, 5.925607271455500147 ) ) ;
#3880 = AXIS2_PLACEMENT_3D ( 'NONE', #1250, #7632, #9117 ) ;
#3881 = EDGE_LOOP ( 'NONE', ( #4926, #219, #6504, #3839 ) ) ;
#3882 = PRESENTATION_STYLE_ASSIGNMENT (( #2959 ) ) ;
#3883 = PRODUCT_DEFINITION_CONTEXT ( 'detailed design', #8455, 'design' ) ;
#3884 = DIRECTION ( 'NONE',  ( -0.000000000000000000, -1.000000000000000000, -0.000000000000000000 ) ) ;
#3885 = SURFACE_STYLE_FILL_AREA ( #5476 ) ;
#3886 =( NAMED_UNIT ( * ) PLANE_ANGLE_UNIT ( ) SI_UNIT ( $, .RADIAN. ) );
#3887 = ORIENTED_EDGE ( 'NONE', *, *, #4235, .T. ) ;
#3888 = CARTESIAN_POINT ( 'NONE',  ( 8.480679084095420054E-16, 7.000000000000000888, 6.924999999999999822 ) ) ;
#3889 = DIRECTION ( 'NONE',  ( 0.000000000000000000, 0.000000000000000000, -1.000000000000000000 ) ) ;
#3890 = EDGE_CURVE ( 'NONE', #8577, #6728, #7352, .T. ) ;
#3891 = PRESENTATION_STYLE_ASSIGNMENT (( #5835 ) ) ;
#3892 = PRESENTATION_STYLE_ASSIGNMENT (( #3346 ) ) ;
#3893 = PRESENTATION_LAYER_ASSIGNMENT (  '', '', ( #2171 ) ) ;
#3894 =( GEOMETRIC_REPRESENTATION_CONTEXT ( 3 ) GLOBAL_UNCERTAINTY_ASSIGNED_CONTEXT ( ( #129 ) ) GLOBAL_UNIT_ASSIGNED_CONTEXT ( ( #2304, #4480, #227 ) ) REPRESENTATION_CONTEXT ( 'NONE', 'WORKASPACE' ) );
#3895 = EDGE_LOOP ( 'NONE', ( #4428, #1642, #859, #1751 ) ) ;
#3896 = FILL_AREA_STYLE_COLOUR ( '', #7025 ) ;
#3897 = DIRECTION ( 'NONE',  ( 0.000000000000000000, -1.000000000000000000, 0.000000000000000000 ) ) ;
#3898 = CARTESIAN_POINT ( 'NONE',  ( 7.195565981523414756, 0.000000000000000000, 0.2499999999999999445 ) ) ;
#3899 = CARTESIAN_POINT ( 'NONE',  ( -3.595821286270651118, 6.950000000000000178, -2.587794026416313731 ) ) ;
#3900 = CARTESIAN_POINT ( 'NONE',  ( 3.814289341707803427, 0.000000000000000000, -6.106542934606395079 ) ) ;
#3901 = LINE ( 'NONE', #2668, #1798 ) ;
#3902 = EDGE_LOOP ( 'NONE', ( #1077, #6921, #2913, #1143 ) ) ;
#3903 = PRESENTATION_STYLE_ASSIGNMENT (( #4680 ) ) ;
#3904 = EDGE_CURVE ( 'NONE', #4417, #1847, #909, .T. ) ;
#3905 = VECTOR ( 'NONE', #1475, 1000.000000000000000 ) ;
#3906 = ORIENTED_EDGE ( 'NONE', *, *, #4665, .F. ) ;
#3907 = DIRECTION ( 'NONE',  ( -0.000000000000000000, -1.000000000000000000, -0.000000000000000000 ) ) ;
#3908 = AXIS2_PLACEMENT_3D ( 'NONE', #4166, #2052, #5588 ) ;
#3909 = EDGE_CURVE ( 'NONE', #5072, #2904, #6790, .T. ) ;
#3910 = CIRCLE ( 'NONE', #516, 0.09999999999999999167 ) ;
#3911 = CARTESIAN_POINT ( 'NONE',  ( 1.585573439717987920, 7.000000000000000888, -3.375547973270170310 ) ) ;
#3912 = FILL_AREA_STYLE_COLOUR ( '', #6877 ) ;
#3913 = CARTESIAN_POINT ( 'NONE',  ( -0.5679264233040245413, 7.000000000000000888, 3.319679806621155915 ) ) ;
#3914 = EDGE_LOOP ( 'NONE', ( #3026, #523, #1970, #4408 ) ) ;
#3915 = SURFACE_SIDE_STYLE ('',( #6259 ) ) ;
#3916 = VECTOR ( 'NONE', #8179, 1000.000000000000000 ) ;
#3917 = CARTESIAN_POINT ( 'NONE',  ( -6.443145474984826038, 0.000000000000000000, 3.431276639815605378 ) ) ;
#3918 = MECHANICAL_DESIGN_GEOMETRIC_PRESENTATION_REPRESENTATION (  '', ( #2949 ), #2676 ) ;
#3920 = EDGE_CURVE ( 'NONE', #7661, #8665, #6358, .T. ) ;
#3919 = DIRECTION ( 'NONE',  ( 0.4999999999999983902, 0.000000000000000000, 0.8660254037844395958 ) ) ;
#3921 = VECTOR ( 'NONE', #4027, 1000.000000000000000 ) ;
#3922 = UNCERTAINTY_MEASURE_WITH_UNIT (LENGTH_MEASURE( 1.000000000000000082E-05 ), #7305, 'distance_accuracy_value', 'NONE');
#3923 = VERTEX_POINT ( 'NONE', #3925 ) ;
#3924 = FILL_AREA_STYLE ('',( #2499 ) ) ;
#3925 = CARTESIAN_POINT ( 'NONE',  ( 3.221904549199348544, 0.000000000000000000, 6.270712166560393541 ) ) ;
#3926 = EDGE_CURVE ( 'NONE', #6728, #5223, #1355, .T. ) ;
#3927 = PLANE ( 'NONE',  #1577 ) ;
#3928 = ORIENTED_EDGE ( 'NONE', *, *, #4781, .T. ) ;
#3929 = DIRECTION ( 'NONE',  ( 0.000000000000000000, -0.000000000000000000, 1.000000000000000000 ) ) ;
#3930 = SURFACE_STYLE_FILL_AREA ( #3448 ) ;
#3931 = AXIS2_PLACEMENT_3D ( 'NONE', #1144, #6922, #4930 ) ;
#3932 = ORIENTED_EDGE ( 'NONE', *, *, #5242, .T. ) ;
#3933 = AXIS2_PLACEMENT_3D ( 'NONE', #4275, #4953, #1391 ) ;
#3934 = DIRECTION ( 'NONE',  ( -0.000000000000000000, -1.000000000000000000, -0.000000000000000000 ) ) ;
#3935 = UNCERTAINTY_MEASURE_WITH_UNIT (LENGTH_MEASURE( 1.000000000000000082E-05 ), #1489, 'distance_accuracy_value', 'NONE');
#3936 = LINE ( 'NONE', #8491, #495 ) ;
#3937 = FACE_OUTER_BOUND ( 'NONE', #7040, .T. ) ;
#3938 = LINE ( 'NONE', #4349, #1719 ) ;
#3939 = CARTESIAN_POINT ( 'NONE',  ( -6.393145474984826215, 0.000000000000000000, -3.517879180194049216 ) ) ;
#3940 = VERTEX_POINT ( 'NONE', #3825 ) ;
#3941 = DIRECTION ( 'NONE',  ( 1.000000000000000000, -0.000000000000000000, -0.000000000000000000 ) ) ;
#3942 = CARTESIAN_POINT ( 'NONE',  ( -1.429515610800760728, 7.000000000000000888, 3.319667123390754426 ) ) ;
#3943 = VERTEX_POINT ( 'NONE', #1729 ) ;
#3944 = VERTEX_POINT ( 'NONE', #4405 ) ;
#3945 = DIRECTION ( 'NONE',  ( 0.000000000000000000, 1.000000000000000000, 0.000000000000000000 ) ) ;
#3946 = CARTESIAN_POINT ( 'NONE',  ( -7.195565981523414756, 4.400000000000000355, -0.2500000000000000000 ) ) ;
#3947 = ORIENTED_EDGE ( 'NONE', *, *, #4471, .F. ) ;
#3948 =( GEOMETRIC_REPRESENTATION_CONTEXT ( 3 ) GLOBAL_UNCERTAINTY_ASSIGNED_CONTEXT ( ( #3508 ) ) GLOBAL_UNIT_ASSIGNED_CONTEXT ( ( #5955, #7605, #3836 ) ) REPRESENTATION_CONTEXT ( 'NONE', 'WORKASPACE' ) );
#3949 = ORIENTED_EDGE ( 'NONE', *, *, #6777, .T. ) ;
#3950 = COLOUR_RGB ( '',1.000000000000000000, 1.000000000000000000, 1.000000000000000000 ) ;
#3951 = AXIS2_PLACEMENT_3D ( 'NONE', #6185, #5523, #9206 ) ;
#3952 = ORIENTED_EDGE ( 'NONE', *, *, #2006, .T. ) ;
#3953 = FILL_AREA_STYLE_COLOUR ( '', #8395 ) ;
#3954 = VERTEX_POINT ( 'NONE', #4487 ) ;
#3955 = COLOUR_RGB ( '',0.9098039215686274384, 0.4431372549019607643, 0.03137254901960784270 ) ;
#3956 = VERTEX_POINT ( 'NONE', #5925 ) ;
#3957 = DIRECTION ( 'NONE',  ( 1.734723475976810250E-14, 0.000000000000000000, 1.000000000000000000 ) ) ;
#3958 = SURFACE_SIDE_STYLE ('',( #2356 ) ) ;
#3959 = PRESENTATION_STYLE_ASSIGNMENT (( #9016 ) ) ;
#3960 = VERTEX_POINT ( 'NONE', #2365 ) ;
#3961 = AXIS2_PLACEMENT_3D ( 'NONE', #442, #4689, #5390 ) ;
#3962 = ORIENTED_EDGE ( 'NONE', *, *, #2435, .F. ) ;
#3963 = ADVANCED_FACE ( 'NONE', ( #1233 ), #4387, .F. ) ;
#3964 =( NAMED_UNIT ( * ) PLANE_ANGLE_UNIT ( ) SI_UNIT ( $, .RADIAN. ) );
#3965 = AXIS2_PLACEMENT_3D ( 'NONE', #912, #1705, #8150 ) ;
#3966 = EDGE_LOOP ( 'NONE', ( #982, #5940, #3586, #6107 ) ) ;
#3967 = DIRECTION ( 'NONE',  ( -0.000000000000000000, -1.000000000000000000, -0.000000000000000000 ) ) ;
#3968 = VECTOR ( 'NONE', #3919, 1000.000000000000000 ) ;
#3969 = VECTOR ( 'NONE', #7564, 999.9999999999998863 ) ;
#3970 = EDGE_LOOP ( 'NONE', ( #7643, #5837, #6051, #6559 ) ) ;
#3971 =( GEOMETRIC_REPRESENTATION_CONTEXT ( 3 ) GLOBAL_UNCERTAINTY_ASSIGNED_CONTEXT ( ( #8749 ) ) GLOBAL_UNIT_ASSIGNED_CONTEXT ( ( #4437, #8695, #7337 ) ) REPRESENTATION_CONTEXT ( 'NONE', 'WORKASPACE' ) );
#3972 = CARTESIAN_POINT ( 'NONE',  ( -2.291104798297497247, 6.950000000000000178, 3.319679806621127938 ) ) ;
#3973 = FACE_OUTER_BOUND ( 'NONE', #9115, .T. ) ;
#3974 = DIRECTION ( 'NONE',  ( -0.000000000000000000, -1.000000000000000000, -0.000000000000000000 ) ) ;
#3975 = SURFACE_STYLE_FILL_AREA ( #6305 ) ;
#3976 = ORIENTED_EDGE ( 'NONE', *, *, #5459, .T. ) ;
#3977 = SURFACE_STYLE_USAGE ( .BOTH. , #2389 ) ;
#3978 = ORIENTED_EDGE ( 'NONE', *, *, #90, .F. ) ;
#3979 = CARTESIAN_POINT ( 'NONE',  ( 0.000000000000000000, 7.000000000000000888, -6.924999999999999822 ) ) ;
#3980 = ORIENTED_EDGE ( 'NONE', *, *, #754, .F. ) ;
#3981 = CARTESIAN_POINT ( 'NONE',  ( 0.000000000000000000, 6.750000000000000888, -6.924999999999999822 ) ) ;
#3982 = SURFACE_STYLE_USAGE ( .BOTH. , #2575 ) ;
#3983 = PLANE ( 'NONE',  #2125 ) ;
#3984 = STYLED_ITEM ( 'NONE', ( #696 ), #5317 ) ;
#3985 =( GEOMETRIC_REPRESENTATION_CONTEXT ( 3 ) GLOBAL_UNCERTAINTY_ASSIGNED_CONTEXT ( ( #4642 ) ) GLOBAL_UNIT_ASSIGNED_CONTEXT ( ( #7594, #8920, #5335 ) ) REPRESENTATION_CONTEXT ( 'NONE', 'WORKASPACE' ) );
#3986 = EDGE_CURVE ( 'NONE', #7617, #4950, #3645, .T. ) ;
#3987 = LINE ( 'NONE', #2020, #9038 ) ;
#3988 = LINE ( 'NONE', #8182, #5425 ) ;
#3989 = VERTEX_POINT ( 'NONE', #6003 ) ;
#3990 = UNCERTAINTY_MEASURE_WITH_UNIT (LENGTH_MEASURE( 1.000000000000000082E-05 ), #6389, 'distance_accuracy_value', 'NONE');
#3991 =( NAMED_UNIT ( * ) SI_UNIT ( $, .STERADIAN. ) SOLID_ANGLE_UNIT ( ) );
#3992 = EDGE_LOOP ( 'NONE', ( #6331, #7306, #5505, #3650 ) ) ;
#3993 = AXIS2_PLACEMENT_3D ( 'NONE', #9176, #7917, #2142 ) ;
#3994 = DIRECTION ( 'NONE',  ( 0.000000000000000000, 1.000000000000000000, 0.000000000000000000 ) ) ;
#3995 = VECTOR ( 'NONE', #4970, 1000.000000000000000 ) ;
#3996 = VECTOR ( 'NONE', #7824, 1000.000000000000000 ) ;
#3997 =( NAMED_UNIT ( * ) PLANE_ANGLE_UNIT ( ) SI_UNIT ( $, .RADIAN. ) );
#3998 = CARTESIAN_POINT ( 'NONE',  ( -4.445012361338021023, 6.950000000000000178, -3.436973563545920651 ) ) ;
#3999 = SURFACE_STYLE_USAGE ( .BOTH. , #5392 ) ;
#4000 = EDGE_CURVE ( 'NONE', #1752, #7161, #5552, .T. ) ;
#4001 = DIRECTION ( 'NONE',  ( 0.000000000000000000, 1.000000000000000000, 0.000000000000000000 ) ) ;
#4002 = ORIENTED_EDGE ( 'NONE', *, *, #181, .T. ) ;
#4003 = FILL_AREA_STYLE_COLOUR ( '', #392 ) ;
#4004 = CIRCLE ( 'NONE', #2810, 0.09999999999999982514 ) ;
#4005 = CIRCLE ( 'NONE', #6577, 0.8491910749241532441 ) ;
#4006 =( NAMED_UNIT ( * ) PLANE_ANGLE_UNIT ( ) SI_UNIT ( $, .RADIAN. ) );
#4007 = AXIS2_PLACEMENT_3D ( 'NONE', #7675, #3330, #5466 ) ;
#4008 = FILL_AREA_STYLE_COLOUR ( '', #6228 ) ;
#4009 = DIRECTION ( 'NONE',  ( 0.000000000000000000, 0.000000000000000000, -1.000000000000000000 ) ) ;
#4010 = PRESENTATION_LAYER_ASSIGNMENT (  '', '', ( #8859 ) ) ;
#4011 =( LENGTH_UNIT ( ) NAMED_UNIT ( * ) SI_UNIT ( .MILLI., .METRE. ) );
#4012 = CARTESIAN_POINT ( 'NONE',  ( -3.727686801329358701, 4.400000000000000355, -6.156542934606394901 ) ) ;
#4013 =( LENGTH_UNIT ( ) NAMED_UNIT ( * ) SI_UNIT ( .MILLI., .METRE. ) );
#4014 = CARTESIAN_POINT ( 'NONE',  ( -5.441621546977838619, 7.000000000000000888, 2.557144600353973729 ) ) ;
#4015 = ORIENTED_EDGE ( 'NONE', *, *, #5563, .T. ) ;
#4016 = ADVANCED_FACE ( 'NONE', ( #2003 ), #8495, .F. ) ;
#4017 = COLOUR_RGB ( '',0.2509803921568627416, 0.2509803921568627416, 0.2509803921568627416 ) ;
#4018 = CARTESIAN_POINT ( 'NONE',  ( 7.045565981523414401, 0.000000000000000000, 0.2500000000000000000 ) ) ;
#4019 = ORIENTED_EDGE ( 'NONE', *, *, #9029, .F. ) ;
#4020 = AXIS2_PLACEMENT_3D ( 'NONE', #5011, #5743, #3097 ) ;
#4021 = FACE_BOUND ( 'NONE', #6314, .T. ) ;
#4022 = DIRECTION ( 'NONE',  ( 0.000000000000000000, 0.000000000000000000, -1.000000000000000000 ) ) ;
#4023 = SURFACE_STYLE_FILL_AREA ( #3924 ) ;
#4024 = AXIS2_PLACEMENT_3D ( 'NONE', #6927, #4001, #5424 ) ;
#4025 = CARTESIAN_POINT ( 'NONE',  ( -6.629903845456583511, 4.400000000000001243, -2.000000000000000000 ) ) ;
#4026 =( NAMED_UNIT ( * ) SI_UNIT ( $, .STERADIAN. ) SOLID_ANGLE_UNIT ( ) );
#4027 = DIRECTION ( 'NONE',  ( 0.000000000000000000, 1.000000000000000000, 0.000000000000000000 ) ) ;
#4028 = ORIENTED_EDGE ( 'NONE', *, *, #1482, .T. ) ;
#4029 = CARTESIAN_POINT ( 'NONE',  ( 7.295565981523415289, 0.000000000000000000, 0.1499999999999999667 ) ) ;
#4030 = FACE_OUTER_BOUND ( 'NONE', #2965, .T. ) ;
#4031 = CARTESIAN_POINT ( 'NONE',  ( 0.000000000000000000, 7.000000000000000888, 0.000000000000000000 ) ) ;
#4032 =( NAMED_UNIT ( * ) PLANE_ANGLE_UNIT ( ) SI_UNIT ( $, .RADIAN. ) );
#4033 =( GEOMETRIC_REPRESENTATION_CONTEXT ( 3 ) GLOBAL_UNCERTAINTY_ASSIGNED_CONTEXT ( ( #3283 ) ) GLOBAL_UNIT_ASSIGNED_CONTEXT ( ( #8796, #5216, #2395 ) ) REPRESENTATION_CONTEXT ( 'NONE', 'WORKASPACE' ) );
#4034 = LINE ( 'NONE', #2661, #3921 ) ;
#4035 = ORIENTED_EDGE ( 'NONE', *, *, #12, .T. ) ;
#4036 = DIRECTION ( 'NONE',  ( 0.000000000000000000, 1.000000000000000000, 0.000000000000000000 ) ) ;
#4037 = EDGE_CURVE ( 'NONE', #7767, #2612, #8709, .T. ) ;
#4038 = DIRECTION ( 'NONE',  ( 0.000000000000000000, 1.000000000000000000, 0.000000000000000000 ) ) ;
#4039 = EDGE_CURVE ( 'NONE', #9203, #3858, #2223, .T. ) ;
#4040 = FILL_AREA_STYLE_COLOUR ( '', #314 ) ;
#4041 =( LENGTH_UNIT ( ) NAMED_UNIT ( * ) SI_UNIT ( .MILLI., .METRE. ) );
#4042 = PRESENTATION_STYLE_ASSIGNMENT (( #8760 ) ) ;
#4043 = CARTESIAN_POINT ( 'NONE',  ( 3.517879180194027455, 0.000000000000000000, 6.393145474984837762 ) ) ;
#4044 =( NAMED_UNIT ( * ) PLANE_ANGLE_UNIT ( ) SI_UNIT ( $, .RADIAN. ) );
#4045 = LINE ( 'NONE', #1005, #8630 ) ;
#4046 = STYLED_ITEM ( 'NONE', ( #1304 ), #520 ) ;
#4047 = UNCERTAINTY_MEASURE_WITH_UNIT (LENGTH_MEASURE( 1.000000000000000082E-05 ), #1365, 'distance_accuracy_value', 'NONE');
#4048 = AXIS2_PLACEMENT_3D ( 'NONE', #2316, #387, #6059 ) ;
#4049 = DIRECTION ( 'NONE',  ( 0.000000000000000000, -0.000000000000000000, 1.000000000000000000 ) ) ;
#4050 = LINE ( 'NONE', #3518, #4828 ) ;
#4051 = AXIS2_PLACEMENT_3D ( 'NONE', #8765, #232, #5092 ) ;
#4052 = EDGE_LOOP ( 'NONE', ( #6383, #3041, #1087, #8889 ) ) ;
#4053 = COLOUR_RGB ( '',0.2509803921568627416, 0.2509803921568627416, 0.2509803921568627416 ) ;
#4054 = ORIENTED_EDGE ( 'NONE', *, *, #7512, .F. ) ;
#4055 = EDGE_CURVE ( 'NONE', #8475, #8554, #1783, .T. ) ;
#4056 = CARTESIAN_POINT ( 'NONE',  ( -0.4326952959729711279, 6.950000000000000178, -2.784806355831972446 ) ) ;
#4057 = ADVANCED_FACE ( 'NONE', ( #3762 ), #6783, .F. ) ;
#4058 = DIRECTION ( 'NONE',  ( -0.000000000000000000, -1.000000000000000000, -0.000000000000000000 ) ) ;
#4059 = DIRECTION ( 'NONE',  ( -0.4999999999999979461, -0.000000000000000000, -0.8660254037844397068 ) ) ;
#4060 = DIRECTION ( 'NONE',  ( 0.000000000000000000, 0.000000000000000000, -1.000000000000000000 ) ) ;
#4061 = CIRCLE ( 'NONE', #6699, 0.1352311273310532469 ) ;
#4062 =( GEOMETRIC_REPRESENTATION_CONTEXT ( 3 ) GLOBAL_UNCERTAINTY_ASSIGNED_CONTEXT ( ( #8938 ) ) GLOBAL_UNIT_ASSIGNED_CONTEXT ( ( #1252, #9058, #2701 ) ) REPRESENTATION_CONTEXT ( 'NONE', 'WORKASPACE' ) );
#4063 = ORIENTED_EDGE ( 'NONE', *, *, #3855, .T. ) ;
#4064 = AXIS2_PLACEMENT_3D ( 'NONE', #1171, #6850, #2587 ) ;
#4065 = DIRECTION ( 'NONE',  ( -0.000000000000000000, -1.000000000000000000, -0.000000000000000000 ) ) ;
#4066 =( NAMED_UNIT ( * ) SI_UNIT ( $, .STERADIAN. ) SOLID_ANGLE_UNIT ( ) );
#4067 = SURFACE_STYLE_USAGE ( .BOTH. , #1986 ) ;
#4068 = AXIS2_PLACEMENT_3D ( 'NONE', #8694, #6514, #6554 ) ;
#4069 = ORIENTED_EDGE ( 'NONE', *, *, #6685, .T. ) ;
#4070 = COLOUR_RGB ( '',1.000000000000000000, 1.000000000000000000, 1.000000000000000000 ) ;
#4071 = DIRECTION ( 'NONE',  ( 0.000000000000000000, 0.000000000000000000, 1.000000000000000000 ) ) ;
#4072 = CARTESIAN_POINT ( 'NONE',  ( 6.306542934606381934, 0.000000000000000000, 3.467879180194048505 ) ) ;
#4073 = CARTESIAN_POINT ( 'NONE',  ( 0.5764390718725083129, 7.000000000000000888, 2.743934908718901777 ) ) ;
#4074 = FILL_AREA_STYLE ('',( #9123 ) ) ;
#4075 = EDGE_LOOP ( 'NONE', ( #2837, #4170, #1080, #5808 ) ) ;
#4076 = VERTEX_POINT ( 'NONE', #7068 ) ;
#4077 = EDGE_CURVE ( 'NONE', #875, #8012, #3194, .T. ) ;
#4078 = PRESENTATION_STYLE_ASSIGNMENT (( #3473 ) ) ;
#4079 = ORIENTED_EDGE ( 'NONE', *, *, #2924, .T. ) ;
#4080 = AXIS2_PLACEMENT_3D ( 'NONE', #1806, #5962, #5276 ) ;
#4081 = COLOUR_RGB ( '',0.2509803921568627416, 0.2509803921568627416, 0.2509803921568627416 ) ;
#4082 =( GEOMETRIC_REPRESENTATION_CONTEXT ( 3 ) GLOBAL_UNCERTAINTY_ASSIGNED_CONTEXT ( ( #1888 ) ) GLOBAL_UNIT_ASSIGNED_CONTEXT ( ( #3781, #254, #5241 ) ) REPRESENTATION_CONTEXT ( 'NONE', 'WORKASPACE' ) );
#4083 = EDGE_LOOP ( 'NONE', ( #3360, #154, #7693, #4502 ) ) ;
#4084 = VERTEX_POINT ( 'NONE', #2120 ) ;
#4085 = VERTEX_POINT ( 'NONE', #4938 ) ;
#4086 = CARTESIAN_POINT ( 'NONE',  ( -2.561679381948791967, 6.950000000000000178, 3.836521063224087147 ) ) ;
#4087 = LINE ( 'NONE', #4908, #7667 ) ;
#4088 = LINE ( 'NONE', #6461, #9251 ) ;
#4089 = ORIENTED_EDGE ( 'NONE', *, *, #3851, .F. ) ;
#4090 = CARTESIAN_POINT ( 'NONE',  ( -1.281886370897095784, 7.000000000000000888, -2.784806355831971114 ) ) ;
#4091 = EDGE_CURVE ( 'NONE', #2928, #3021, #7244, .T. ) ;
#4092 = FILL_AREA_STYLE ('',( #6918 ) ) ;
#4093 = VERTEX_POINT ( 'NONE', #7047 ) ;
#4094 = DIRECTION ( 'NONE',  ( -0.8660254037844397068, 0.000000000000000000, -0.4999999999999979461 ) ) ;
#4095 = CARTESIAN_POINT ( 'NONE',  ( 3.354207863325301631, 0.000000000000000000, -6.309658438426499316 ) ) ;
#4096 = AXIS2_PLACEMENT_3D ( 'NONE', #4073, #3237, #6290 ) ;
#4097 = EDGE_CURVE ( 'NONE', #4085, #69, #8279, .T. ) ;
#4098 = DIRECTION ( 'NONE',  ( 0.000000000000000000, 1.000000000000000000, 0.000000000000000000 ) ) ;
#4099 = MECHANICAL_DESIGN_GEOMETRIC_PRESENTATION_REPRESENTATION (  '', ( #4274 ), #1964 ) ;
#4100 = AXIS2_PLACEMENT_3D ( 'NONE', #4533, #3796, #5937 ) ;
#4101 =( NAMED_UNIT ( * ) PLANE_ANGLE_UNIT ( ) SI_UNIT ( $, .RADIAN. ) );
#4102 = CARTESIAN_POINT ( 'NONE',  ( 0.5764390718725083129, 7.000000000000000888, 2.743934908718901777 ) ) ;
#4103 = CARTESIAN_POINT ( 'NONE',  ( -3.435730307944910411, 6.950000000000000178, 3.836521063224087147 ) ) ;
#4104 = UNCERTAINTY_MEASURE_WITH_UNIT (LENGTH_MEASURE( 1.000000000000000082E-05 ), #1011, 'distance_accuracy_value', 'NONE');
#4105 = VECTOR ( 'NONE', #5125, 1000.000000000000114 ) ;
#4106 = DIRECTION ( 'NONE',  ( -0.000000000000000000, -1.000000000000000000, -0.000000000000000000 ) ) ;
#4107 = FILL_AREA_STYLE ('',( #6227 ) ) ;
#4108 = PRESENTATION_STYLE_ASSIGNMENT (( #2252 ) ) ;
#4109 = SURFACE_STYLE_USAGE ( .BOTH. , #2602 ) ;
#4110 =( LENGTH_UNIT ( ) NAMED_UNIT ( * ) SI_UNIT ( .MILLI., .METRE. ) );
#4111 = ADVANCED_FACE ( 'NONE', ( #3425 ), #8696, .T. ) ;
#4112 = PRESENTATION_STYLE_ASSIGNMENT (( #7063 ) ) ;
#4113 = AXIS2_PLACEMENT_3D ( 'NONE', #5816, #3749, #8024 ) ;
#4114 = UNCERTAINTY_MEASURE_WITH_UNIT (LENGTH_MEASURE( 1.000000000000000082E-05 ), #6719, 'distance_accuracy_value', 'NONE');
#4115 = VERTEX_POINT ( 'NONE', #4992 ) ;
#4116 = CYLINDRICAL_SURFACE ( 'NONE', #329, 0.8740509259961186661 ) ;
#4117 = CARTESIAN_POINT ( 'NONE',  ( 5.437848229521686783, 7.000000000000000888, 2.531868201111808769 ) ) ;
#4118 = AXIS2_PLACEMENT_3D ( 'NONE', #2994, #5798, #6585 ) ;
#4119 =( GEOMETRIC_REPRESENTATION_CONTEXT ( 3 ) GLOBAL_UNCERTAINTY_ASSIGNED_CONTEXT ( ( #6560 ) ) GLOBAL_UNIT_ASSIGNED_CONTEXT ( ( #2010, #6388, #2221 ) ) REPRESENTATION_CONTEXT ( 'NONE', 'WORKASPACE' ) );
#4120 = CIRCLE ( 'NONE', #7642, 7.295565981523417065 ) ;
#4121 = ORIENTED_EDGE ( 'NONE', *, *, #8251, .T. ) ;
#4122 = DIRECTION ( 'NONE',  ( 0.000000000000000000, 0.000000000000000000, 1.000000000000000000 ) ) ;
#4123 = DIRECTION ( 'NONE',  ( -0.000000000000000000, -1.000000000000000000, -0.000000000000000000 ) ) ;
#4124 = LINE ( 'NONE', #4455, #5106 ) ;
#4125 = DIRECTION ( 'NONE',  ( 0.000000000000000000, 1.000000000000000000, 0.000000000000000000 ) ) ;
#4126 = AXIS2_PLACEMENT_3D ( 'NONE', #8167, #8915, #7394 ) ;
#4127 = CARTESIAN_POINT ( 'NONE',  ( 6.009658438426486171, 4.400000000000000355, 3.873823105595984639 ) ) ;
#4128 = CYLINDRICAL_SURFACE ( 'NONE', #8481, 0.1000000000000002554 ) ;
#4129 = CARTESIAN_POINT ( 'NONE',  ( 8.934491527240971484E-16, 7.000000000000000888, 7.295565981523417065 ) ) ;
#4130 =( LENGTH_UNIT ( ) NAMED_UNIT ( * ) SI_UNIT ( .MILLI., .METRE. ) );
#4131 = CIRCLE ( 'NONE', #5349, 0.3499999999999996447 ) ;
#4132 = ORIENTED_EDGE ( 'NONE', *, *, #550, .F. ) ;
#4133 = SURFACE_SIDE_STYLE ('',( #8028 ) ) ;
#4134 = AXIS2_PLACEMENT_3D ( 'NONE', #6506, #5097, #866 ) ;
#4135 = FILL_AREA_STYLE ('',( #4040 ) ) ;
#4136 = CARTESIAN_POINT ( 'NONE',  ( 3.467879180194027633, 0.000000000000000000, 6.406542934606394013 ) ) ;
#4137 = SURFACE_STYLE_FILL_AREA ( #7911 ) ;
#4138 = ORIENTED_EDGE ( 'NONE', *, *, #90, .T. ) ;
#4139 = VECTOR ( 'NONE', #2711, 1000.000000000000000 ) ;
#4140 = FACE_OUTER_BOUND ( 'NONE', #2578, .T. ) ;
#4141 = EDGE_CURVE ( 'NONE', #844, #5399, #5865, .T. ) ;
#4142 = STYLED_ITEM ( 'NONE', ( #976 ), #8398 ) ;
#4143 = ADVANCED_FACE ( 'NONE', ( #9157 ), #6442, .T. ) ;
#4144 = VECTOR ( 'NONE', #1, 1000.000000000000000 ) ;
#4145 = ORIENTED_EDGE ( 'NONE', *, *, #4339, .F. ) ;
#4146 = DIRECTION ( 'NONE',  ( -1.734723475976810250E-14, 0.000000000000000000, 1.000000000000000000 ) ) ;
#4147 = AXIS2_PLACEMENT_3D ( 'NONE', #4103, #4884, #2756 ) ;
#4148 = DIRECTION ( 'NONE',  ( 0.000000000000000000, 1.000000000000000000, 0.000000000000000000 ) ) ;
#4149 = VECTOR ( 'NONE', #252, 1000.000000000000227 ) ;
#4150 = CARTESIAN_POINT ( 'NONE',  ( 0.000000000000000000, 4.400000000000000355, 0.000000000000000000 ) ) ;
#4151 = CIRCLE ( 'NONE', #4450, 0.3499999999999996447 ) ;
#4152 = SURFACE_SIDE_STYLE ('',( #2734 ) ) ;
#4153 = DIRECTION ( 'NONE',  ( 0.000000000000000000, 0.000000000000000000, 1.000000000000000000 ) ) ;
#4154 = PRESENTATION_STYLE_ASSIGNMENT (( #4836 ) ) ;
#4155 = VERTEX_POINT ( 'NONE', #5913 ) ;
#4156 = CIRCLE ( 'NONE', #7302, 0.09999999999999982514 ) ;
#4157 = CARTESIAN_POINT ( 'NONE',  ( 3.819643761461755549, 0.000000000000000000, -5.925607271455500147 ) ) ;
#4158 = FACE_OUTER_BOUND ( 'NONE', #5592, .T. ) ;
#4159 =( NAMED_UNIT ( * ) SI_UNIT ( $, .STERADIAN. ) SOLID_ANGLE_UNIT ( ) );
#4160 =( GEOMETRIC_REPRESENTATION_CONTEXT ( 3 ) GLOBAL_UNCERTAINTY_ASSIGNED_CONTEXT ( ( #3565 ) ) GLOBAL_UNIT_ASSIGNED_CONTEXT ( ( #4376, #5697, #3640 ) ) REPRESENTATION_CONTEXT ( 'NONE', 'WORKASPACE' ) );
#4161 = ORIENTED_EDGE ( 'NONE', *, *, #5357, .T. ) ;
#4162 = AXIS2_PLACEMENT_3D ( 'NONE', #2479, #1734, #974 ) ;
#4163 = FILL_AREA_STYLE_COLOUR ( '', #5537 ) ;
#4164 = EDGE_CURVE ( 'NONE', #7549, #1841, #783, .T. ) ;
#4165 = UNCERTAINTY_MEASURE_WITH_UNIT (LENGTH_MEASURE( 1.000000000000000082E-05 ), #7463, 'distance_accuracy_value', 'NONE');
#4166 = CARTESIAN_POINT ( 'NONE',  ( -6.359658438426485816, 4.400000000000000355, -3.267605322946878221 ) ) ;
#4167 = CARTESIAN_POINT ( 'NONE',  ( 7.045565981523414401, 0.000000000000000000, 0.2500000000000000000 ) ) ;
#4168 = CIRCLE ( 'NONE', #4571, 6.924999999999999822 ) ;
#4169 = VERTEX_POINT ( 'NONE', #975 ) ;
#4170 = ORIENTED_EDGE ( 'NONE', *, *, #2179, .T. ) ;
#4171 = AXIS2_PLACEMENT_3D ( 'NONE', #8961, #8290, #1221 ) ;
#4172 = ORIENTED_EDGE ( 'NONE', *, *, #8023, .F. ) ;
#4173 = SURFACE_STYLE_FILL_AREA ( #4583 ) ;
#4174 = EDGE_CURVE ( 'NONE', #1388, #4203, #8384, .T. ) ;
#4175 = CIRCLE ( 'NONE', #4635, 0.09999999999999982514 ) ;
#4176 = ORIENTED_EDGE ( 'NONE', *, *, #2271, .T. ) ;
#4177 = EDGE_CURVE ( 'NONE', #8487, #5300, #8806, .T. ) ;
#4178 = AXIS2_PLACEMENT_3D ( 'NONE', #3584, #2186, #4271 ) ;
#4179 = DIRECTION ( 'NONE',  ( 0.000000000000000000, 0.000000000000000000, -1.000000000000000000 ) ) ;
#4180 = CARTESIAN_POINT ( 'NONE',  ( -4.445012361338021023, 7.000000000000000888, -2.587782488400166780 ) ) ;
#4181 = ORIENTED_EDGE ( 'NONE', *, *, #4299, .T. ) ;
#4182 = FILL_AREA_STYLE ('',( #1274 ) ) ;
#4183 = PRESENTATION_STYLE_ASSIGNMENT (( #2341 ) ) ;
#4184 = ORIENTED_EDGE ( 'NONE', *, *, #5584, .F. ) ;
#4185 = CARTESIAN_POINT ( 'NONE',  ( -3.275639329619170148, 7.000000000000000888, 3.836521063224087147 ) ) ;
#4186 = SURFACE_SIDE_STYLE ('',( #5293 ) ) ;
#4187 = MECHANICAL_DESIGN_GEOMETRIC_PRESENTATION_REPRESENTATION (  '', ( #5131 ), #3509 ) ;
#4188 = AXIS2_PLACEMENT_3D ( 'NONE', #2048, #8498, #4911 ) ;
#4189 = DIRECTION ( 'NONE',  ( 0.000000000000000000, 0.000000000000000000, 1.000000000000000000 ) ) ;
#4190 = EDGE_LOOP ( 'NONE', ( #5832, #8880 ) ) ;
#4191 = DIRECTION ( 'NONE',  ( 0.000000000000000000, 0.000000000000000000, 1.000000000000000000 ) ) ;
#4192 = VERTEX_POINT ( 'NONE', #8107 ) ;
#4193 = ORIENTED_EDGE ( 'NONE', *, *, #84, .F. ) ;
#4194 = DIRECTION ( 'NONE',  ( 0.000000000000000000, 0.000000000000000000, 1.000000000000000000 ) ) ;
#4195 = SURFACE_SIDE_STYLE ('',( #4490 ) ) ;
#4196 = ORIENTED_EDGE ( 'NONE', *, *, #366, .T. ) ;
#4197 = DIRECTION ( 'NONE',  ( 0.5000000000000009992, 0.000000000000000000, -0.8660254037844380415 ) ) ;
#4198 = PRESENTATION_STYLE_ASSIGNMENT (( #8208 ) ) ;
#4199 =( LENGTH_UNIT ( ) NAMED_UNIT ( * ) SI_UNIT ( .MILLI., .METRE. ) );
#4200 = EDGE_LOOP ( 'NONE', ( #1659, #8462, #3210, #1415 ) ) ;
#4201 = ORIENTED_EDGE ( 'NONE', *, *, #1063, .F. ) ;
#4202 = AXIS2_PLACEMENT_3D ( 'NONE', #7023, #4923, #5026 ) ;
#4203 = VERTEX_POINT ( 'NONE', #5142 ) ;
#4204 = PRESENTATION_LAYER_ASSIGNMENT (  '', '', ( #2863 ) ) ;
#4205 = DIRECTION ( 'NONE',  ( 0.000000000000000000, 1.000000000000000000, 0.000000000000000000 ) ) ;
#4206 = DIRECTION ( 'NONE',  ( 0.4999999999999976130, 0.000000000000000000, -0.8660254037844400399 ) ) ;
#4207 = PRESENTATION_STYLE_ASSIGNMENT (( #8739 ) ) ;
#4208 = SURFACE_STYLE_FILL_AREA ( #7011 ) ;
#4209 = VECTOR ( 'NONE', #3106, 1000.000000000000000 ) ;
#4210 = AXIS2_PLACEMENT_3D ( 'NONE', #7795, #7154, #779 ) ;
#4211 = CARTESIAN_POINT ( 'NONE',  ( 1.585573439717987920, 6.950000000000000178, -3.375547973270170310 ) ) ;
#4212 = PRODUCT_DEFINITION_FORMATION_WITH_SPECIFIED_SOURCE ( 'ANY', '', #5880, .NOT_KNOWN. ) ;
#4213 =( NAMED_UNIT ( * ) PLANE_ANGLE_UNIT ( ) SI_UNIT ( $, .RADIAN. ) );
#4214 = ORIENTED_EDGE ( 'NONE', *, *, #1017, .T. ) ;
#4215 = AXIS2_PLACEMENT_3D ( 'NONE', #7141, #5056, #2894 ) ;
#4216 = FILL_AREA_STYLE_COLOUR ( '', #1843 ) ;
#4217 = UNCERTAINTY_MEASURE_WITH_UNIT (LENGTH_MEASURE( 1.000000000000000082E-05 ), #1335, 'distance_accuracy_value', 'NONE');
#4218 = EDGE_CURVE ( 'NONE', #3372, #7998, #7235, .T. ) ;
#4219 = DIRECTION ( 'NONE',  ( 0.000000000000000000, 1.000000000000000000, 0.000000000000000000 ) ) ;
#4220 = ORIENTED_EDGE ( 'NONE', *, *, #3185, .T. ) ;
#4221 = CARTESIAN_POINT ( 'NONE',  ( 0.000000000000000000, 4.400000000000000355, 0.000000000000000000 ) ) ;
#4222 = LINE ( 'NONE', #6031, #331 ) ;
#4223 = CARTESIAN_POINT ( 'NONE',  ( -1.429515610800760728, 7.000000000000000888, 3.319667123390754426 ) ) ;
#4224 = SURFACE_SIDE_STYLE ('',( #4981 ) ) ;
#4225 = DIRECTION ( 'NONE',  ( 0.000000000000000000, 0.000000000000000000, 1.000000000000000000 ) ) ;
#4226 = FACE_OUTER_BOUND ( 'NONE', #7295, .T. ) ;
#4227 = DIRECTION ( 'NONE',  ( 0.000000000000000000, 0.000000000000000000, 1.000000000000000000 ) ) ;
#4228 = SURFACE_STYLE_USAGE ( .BOTH. , #6356 ) ;
#4229 = ORIENTED_EDGE ( 'NONE', *, *, #7576, .T. ) ;
#4230 = CIRCLE ( 'NONE', #4538, 7.295565981523417065 ) ;
#4231 = AXIS2_PLACEMENT_3D ( 'NONE', #2153, #4266, #43 ) ;
#4232 = CIRCLE ( 'NONE', #501, 0.8491910751457537598 ) ;
#4233 = CYLINDRICAL_SURFACE ( 'NONE', #4579, 6.500000000000000000 ) ;
#4234 = CARTESIAN_POINT ( 'NONE',  ( 2.730135323361210897, 6.950000000000000178, -3.916962665652261144 ) ) ;
#4235 = EDGE_CURVE ( 'NONE', #2443, #4508, #553, .T. ) ;
#4236 = CARTESIAN_POINT ( 'NONE',  ( 6.393145474984826215, 0.000000000000000000, 3.517879180194048772 ) ) ;
#4237 = FACE_OUTER_BOUND ( 'NONE', #5438, .T. ) ;
#4238 = ORIENTED_EDGE ( 'NONE', *, *, #8478, .F. ) ;
#4239 = ADVANCED_FACE ( 'NONE', ( #3075 ), #2437, .T. ) ;
#4240 = DIRECTION ( 'NONE',  ( -0.000000000000000000, -1.000000000000000000, -0.000000000000000000 ) ) ;
#4241 = LINE ( 'NONE', #3064, #22 ) ;
#4242 = CARTESIAN_POINT ( 'NONE',  ( 0.000000000000000000, 4.400000000000000355, 0.000000000000000000 ) ) ;
#4243 = STYLED_ITEM ( 'NONE', ( #4108 ), #1823 ) ;
#4244 = PRESENTATION_STYLE_ASSIGNMENT (( #2370 ) ) ;
#4245 = SURFACE_STYLE_USAGE ( .BOTH. , #7820 ) ;
#4246 =( NAMED_UNIT ( * ) PLANE_ANGLE_UNIT ( ) SI_UNIT ( $, .RADIAN. ) );
#4247 = VERTEX_POINT ( 'NONE', #3998 ) ;
#4248 = CARTESIAN_POINT ( 'NONE',  ( 6.193145474984825150, 0.000000000000000000, -3.864289341707824121 ) ) ;
#4249 = SURFACE_STYLE_USAGE ( .BOTH. , #7059 ) ;
#4250 = DIRECTION ( 'NONE',  ( 0.4999999999999979461, -0.000000000000000000, 0.8660254037844397068 ) ) ;
#4251 = PRESENTATION_STYLE_ASSIGNMENT (( #1845 ) ) ;
#4252 = CARTESIAN_POINT ( 'NONE',  ( 5.925607271455486824, 4.400000000000000355, -3.819643761461775533 ) ) ;
#4253 =( NAMED_UNIT ( * ) SI_UNIT ( $, .STERADIAN. ) SOLID_ANGLE_UNIT ( ) );
#4254 = CARTESIAN_POINT ( 'NONE',  ( 0.000000000000000000, 6.950000000000000178, -4.764999999999998792 ) ) ;
#4255 = ORIENTED_EDGE ( 'NONE', *, *, #1463, .F. ) ;
#4256 = DIRECTION ( 'NONE',  ( -0.000000000000000000, -0.000000000000000000, -1.000000000000000000 ) ) ;
#4257 = EDGE_CURVE ( 'NONE', #7861, #2042, #4328, .T. ) ;
#4258 =( NAMED_UNIT ( * ) PLANE_ANGLE_UNIT ( ) SI_UNIT ( $, .RADIAN. ) );
#4259 = PRESENTATION_LAYER_ASSIGNMENT (  '', '', ( #8094 ) ) ;
#4260 = CARTESIAN_POINT ( 'NONE',  ( 7.141428428542850426, 4.400000000000000355, -0.3499999999999999778 ) ) ;
#4261 = MECHANICAL_DESIGN_GEOMETRIC_PRESENTATION_REPRESENTATION (  '', ( #7809 ), #7561 ) ;
#4262 = CYLINDRICAL_SURFACE ( 'NONE', #178, 0.3499999999999996447 ) ;
#4263 = CARTESIAN_POINT ( 'NONE',  ( 2.730135323361210897, 7.000000000000000888, 4.304093053426401916 ) ) ;
#4264 = ORIENTED_EDGE ( 'NONE', *, *, #8731, .F. ) ;
#4265 = CARTESIAN_POINT ( 'NONE',  ( 6.356542934606381756, 0.000000000000000000, 3.381276639815605556 ) ) ;
#4266 = DIRECTION ( 'NONE',  ( 0.000000000000000000, 1.000000000000000000, 0.000000000000000000 ) ) ;
#4267 = EDGE_CURVE ( 'NONE', #4950, #3703, #1108, .T. ) ;
#4268 = MECHANICAL_DESIGN_GEOMETRIC_PRESENTATION_REPRESENTATION (  '', ( #9256 ), #6171 ) ;
#4269 = VECTOR ( 'NONE', #2449, 1000.000000000000000 ) ;
#4270 = MECHANICAL_DESIGN_GEOMETRIC_PRESENTATION_REPRESENTATION (  '', ( #2536 ), #2980 ) ;
#4271 = DIRECTION ( 'NONE',  ( 0.000000000000000000, 0.000000000000000000, 1.000000000000000000 ) ) ;
#4272 = AXIS2_PLACEMENT_3D ( 'NONE', #4369, #148, #6076 ) ;
#4273 = EDGE_LOOP ( 'NONE', ( #4220, #1096, #8126, #2500 ) ) ;
#4274 = STYLED_ITEM ( 'NONE', ( #1139 ), #1271 ) ;
#4275 = CARTESIAN_POINT ( 'NONE',  ( 0.000000000000000000, 6.750000000000000888, 0.000000000000000000 ) ) ;
#4276 = DIRECTION ( 'NONE',  ( 0.000000000000000000, 0.000000000000000000, -1.000000000000000000 ) ) ;
#4277 = SURFACE_STYLE_FILL_AREA ( #128 ) ;
#4278 = ORIENTED_EDGE ( 'NONE', *, *, #4665, .T. ) ;
#4279 = ORIENTED_EDGE ( 'NONE', *, *, #6141, .F. ) ;
#4280 = CARTESIAN_POINT ( 'NONE',  ( 1.040949779275250140E-15, -2.049999999999999822, 8.500000000000000000 ) ) ;
#4281 = FILL_AREA_STYLE_COLOUR ( '', #5567 ) ;
#4282 = LINE ( 'NONE', #6428, #6953 ) ;
#4283 = AXIS2_PLACEMENT_3D ( 'NONE', #5309, #1122, #4647 ) ;
#4284 =( NAMED_UNIT ( * ) SI_UNIT ( $, .STERADIAN. ) SOLID_ANGLE_UNIT ( ) );
#4285 = EDGE_CURVE ( 'NONE', #7094, #7653, #1334, .T. ) ;
#4286 = CARTESIAN_POINT ( 'NONE',  ( 5.464635013455913182, 7.000000000000000888, 3.519625572374381228 ) ) ;
#4287 = ORIENTED_EDGE ( 'NONE', *, *, #2094, .F. ) ;
#4288 = VECTOR ( 'NONE', #2802, 1000.000000000000114 ) ;
#4289 = DIRECTION ( 'NONE',  ( 0.000000000000000000, 1.000000000000000000, 0.000000000000000000 ) ) ;
#4290 = CARTESIAN_POINT ( 'NONE',  ( -6.629903845456583511, 6.750000000000000888, -2.000000000000000000 ) ) ;
#4291 = CIRCLE ( 'NONE', #6010, 0.3499999999999996447 ) ;
#4292 = SURFACE_SIDE_STYLE ('',( #5145 ) ) ;
#4293 = EDGE_LOOP ( 'NONE', ( #2308, #2971, #85, #7101 ) ) ;
#4294 = FILL_AREA_STYLE_COLOUR ( '', #6842 ) ;
#4295 = VECTOR ( 'NONE', #5926, 1000.000000000000000 ) ;
#4296 = STYLED_ITEM ( 'NONE', ( #2325 ), #6136 ) ;
#4297 = ORIENTED_EDGE ( 'NONE', *, *, #6379, .F. ) ;
#4299 = EDGE_CURVE ( 'NONE', #9063, #4614, #1442, .T. ) ;
#4298 = CARTESIAN_POINT ( 'NONE',  ( 3.873823105595965099, 0.000000000000000000, -6.009658438426500382 ) ) ;
#4300 = ORIENTED_EDGE ( 'NONE', *, *, #6253, .T. ) ;
#4301 = VECTOR ( 'NONE', #6241, 1000.000000000000000 ) ;
#4302 = ORIENTED_EDGE ( 'NONE', *, *, #4372, .T. ) ;
#4303 = ORIENTED_EDGE ( 'NONE', *, *, #6568, .T. ) ;
#4304 = CARTESIAN_POINT ( 'NONE',  ( -0.5679264233040245413, 7.000000000000000888, 3.319679806621155915 ) ) ;
#4305 = ORIENTED_EDGE ( 'NONE', *, *, #2844, .F. ) ;
#4306 =( NAMED_UNIT ( * ) SI_UNIT ( $, .STERADIAN. ) SOLID_ANGLE_UNIT ( ) );
#4307 = ORIENTED_EDGE ( 'NONE', *, *, #2271, .F. ) ;
#4308 = LINE ( 'NONE', #5840, #8677 ) ;
#4309 = ORIENTED_EDGE ( 'NONE', *, *, #7106, .F. ) ;
#4310 = MECHANICAL_DESIGN_GEOMETRIC_PRESENTATION_REPRESENTATION (  '', ( #1920 ), #7486 ) ;
#4311 = CARTESIAN_POINT ( 'NONE',  ( 6.629903845456583511, 6.750000000000000888, -2.000000000000000444 ) ) ;
#4312 = FACE_OUTER_BOUND ( 'NONE', #5812, .T. ) ;
#4313 = ORIENTED_EDGE ( 'NONE', *, *, #4415, .F. ) ;
#4314 = SURFACE_SIDE_STYLE ('',( #6502 ) ) ;
#4315 =( NAMED_UNIT ( * ) SI_UNIT ( $, .STERADIAN. ) SOLID_ANGLE_UNIT ( ) );
#4316 = DIRECTION ( 'NONE',  ( 0.000000000000000000, 0.000000000000000000, 1.000000000000000000 ) ) ;
#4317 = SURFACE_STYLE_FILL_AREA ( #4107 ) ;
#4318 = SURFACE_STYLE_USAGE ( .BOTH. , #2210 ) ;
#4319 = VECTOR ( 'NONE', #5160, 1000.000000000000000 ) ;
#4320 = CARTESIAN_POINT ( 'NONE',  ( -7.295565981523415289, 4.400000000000000355, 0.1499999999999999667 ) ) ;
#4321 = ORIENTED_EDGE ( 'NONE', *, *, #4164, .F. ) ;
#4322 = SURFACE_SIDE_STYLE ('',( #7648 ) ) ;
#4323 = STYLED_ITEM ( 'NONE', ( #3369 ), #8753 ) ;
#4324 = AXIS2_PLACEMENT_3D ( 'NONE', #9103, #6845, #2584 ) ;
#4325 = DIRECTION ( 'NONE',  ( -0.000000000000000000, -1.000000000000000000, -0.000000000000000000 ) ) ;
#4326 = CYLINDRICAL_SURFACE ( 'NONE', #4171, 0.1000000000000002554 ) ;
#4327 = SURFACE_STYLE_USAGE ( .BOTH. , #8682 ) ;
#4328 = LINE ( 'NONE', #3900, #2215 ) ;
#4329 = PLANE ( 'NONE',  #5961 ) ;
#4330 = SURFACE_STYLE_USAGE ( .BOTH. , #8620 ) ;
#4331 = UNCERTAINTY_MEASURE_WITH_UNIT (LENGTH_MEASURE( 1.000000000000000082E-05 ), #9030, 'distance_accuracy_value', 'NONE');
#4332 = ORIENTED_EDGE ( 'NONE', *, *, #1384, .T. ) ;
#4333 =( LENGTH_UNIT ( ) NAMED_UNIT ( * ) SI_UNIT ( .MILLI., .METRE. ) );
#4334 = SURFACE_STYLE_FILL_AREA ( #7684 ) ;
#4335 = STYLED_ITEM ( 'NONE', ( #5899 ), #4854 ) ;
#4336 = CARTESIAN_POINT ( 'NONE',  ( 6.629903845456583511, 6.750000000000000888, 2.000000000000000000 ) ) ;
#4337 = EDGE_CURVE ( 'NONE', #3021, #6111, #5749, .T. ) ;
#4338 = AXIS2_PLACEMENT_3D ( 'NONE', #3870, #1648, #2382 ) ;
#4339 = EDGE_CURVE ( 'NONE', #7761, #4862, #5991, .T. ) ;
#4340 =( NAMED_UNIT ( * ) PLANE_ANGLE_UNIT ( ) SI_UNIT ( $, .RADIAN. ) );
#4341 = SURFACE_STYLE_FILL_AREA ( #2555 ) ;
#4342 =( LENGTH_UNIT ( ) NAMED_UNIT ( * ) SI_UNIT ( .MILLI., .METRE. ) );
#4343 = VERTEX_POINT ( 'NONE', #3226 ) ;
#4344 = SURFACE_STYLE_FILL_AREA ( #2873 ) ;
#4345 = CARTESIAN_POINT ( 'NONE',  ( 3.444095270954282473, 7.000000000000000888, -3.916962665652260256 ) ) ;
#4346 = CARTESIAN_POINT ( 'NONE',  ( 3.777686801329358968, 0.000000000000000000, -6.243145474984839183 ) ) ;
#4347 = CARTESIAN_POINT ( 'NONE',  ( 6.156542934606380690, 4.400000000000000355, 3.827686801329380106 ) ) ;
#4348 = DIRECTION ( 'NONE',  ( 0.000000000000000000, 0.000000000000000000, -1.000000000000000000 ) ) ;
#4349 = CARTESIAN_POINT ( 'NONE',  ( -3.517879180194027455, 0.000000000000000000, 6.393145474984837762 ) ) ;
#4350 = AXIS2_PLACEMENT_3D ( 'NONE', #5704, #7864, #6439 ) ;
#4351 = VECTOR ( 'NONE', #8883, 1000.000000000000000 ) ;
#4352 = ORIENTED_EDGE ( 'NONE', *, *, #7739, .F. ) ;
#4353 = EDGE_CURVE ( 'NONE', #415, #4192, #7680, .T. ) ;
#4354 = VECTOR ( 'NONE', #3536, 1000.000000000000000 ) ;
#4355 = CIRCLE ( 'NONE', #2888, 0.09999999999999982514 ) ;
#4356 = FACE_BOUND ( 'NONE', #8130, .T. ) ;
#4357 = CARTESIAN_POINT ( 'NONE',  ( 0.000000000000000000, 7.950000000000000178, 0.000000000000000000 ) ) ;
#4358 = ORIENTED_EDGE ( 'NONE', *, *, #7448, .T. ) ;
#4359 = AXIS2_PLACEMENT_3D ( 'NONE', #6590, #5942, #2329 ) ;
#4360 = DIRECTION ( 'NONE',  ( 0.000000000000000000, 1.000000000000000000, 0.000000000000000000 ) ) ;
#4361 = CARTESIAN_POINT ( 'NONE',  ( 3.787220565217521262, 0.000000000000000000, 6.059658438426501093 ) ) ;
#4362 = SURFACE_STYLE_USAGE ( .BOTH. , #7331 ) ;
#4363 = FACE_OUTER_BOUND ( 'NONE', #4083, .T. ) ;
#4364 = CARTESIAN_POINT ( 'NONE',  ( -4.309781233941029299, 7.000000000000000888, -2.587784325794568296 ) ) ;
#4365 = ORIENTED_EDGE ( 'NONE', *, *, #5565, .F. ) ;
#4366 = CARTESIAN_POINT ( 'NONE',  ( -4.309781233941029299, 7.000000000000000888, -2.587784325794568296 ) ) ;
#4367 = FACE_OUTER_BOUND ( 'NONE', #368, .T. ) ;
#4368 = CARTESIAN_POINT ( 'NONE',  ( 7.045565981523414401, 0.000000000000000000, -0.2500000000000000000 ) ) ;
#4369 = CARTESIAN_POINT ( 'NONE',  ( -4.445012361338021023, 7.000000000000000888, -2.587782488400166780 ) ) ;
#4370 = CYLINDRICAL_SURFACE ( 'NONE', #3965, 0.8491910750014877163 ) ;
#4371 =( LENGTH_UNIT ( ) NAMED_UNIT ( * ) SI_UNIT ( .MILLI., .METRE. ) );
#4372 = EDGE_CURVE ( 'NONE', #4155, #7378, #5851, .T. ) ;
#4373 =( LENGTH_UNIT ( ) NAMED_UNIT ( * ) SI_UNIT ( .MILLI., .METRE. ) );
#4374 =( GEOMETRIC_REPRESENTATION_CONTEXT ( 3 ) GLOBAL_UNCERTAINTY_ASSIGNED_CONTEXT ( ( #1875 ) ) GLOBAL_UNIT_ASSIGNED_CONTEXT ( ( #2936, #6478, #7963 ) ) REPRESENTATION_CONTEXT ( 'NONE', 'WORKASPACE' ) );
#4375 = COLOUR_RGB ( '',0.9098039215686274384, 0.4431372549019607643, 0.03137254901960784270 ) ;
#4376 =( LENGTH_UNIT ( ) NAMED_UNIT ( * ) SI_UNIT ( .MILLI., .METRE. ) );
#4377 = MECHANICAL_DESIGN_GEOMETRIC_PRESENTATION_REPRESENTATION (  '', ( #3407 ), #7862 ) ;
#4378 =( LENGTH_UNIT ( ) NAMED_UNIT ( * ) SI_UNIT ( .MILLI., .METRE. ) );
#4379 = EDGE_CURVE ( 'NONE', #1363, #1841, #671, .T. ) ;
#4380 = ORIENTED_EDGE ( 'NONE', *, *, #2260, .F. ) ;
#4381 = CARTESIAN_POINT ( 'NONE',  ( 1.450342312386934784, 6.950000000000000178, -3.375547973270169866 ) ) ;
#4382 = EDGE_LOOP ( 'NONE', ( #795, #7099, #6521, #3653 ) ) ;
#4383 = CARTESIAN_POINT ( 'NONE',  ( 6.009658438426487059, 0.000000000000000000, -3.873823105595984639 ) ) ;
#4384 = DIRECTION ( 'NONE',  ( 0.000000000000000000, 0.000000000000000000, 1.000000000000000000 ) ) ;
#4385 = EDGE_CURVE ( 'NONE', #61, #4085, #2652, .T. ) ;
#4386 =( NAMED_UNIT ( * ) SI_UNIT ( $, .STERADIAN. ) SOLID_ANGLE_UNIT ( ) );
#4387 = PLANE ( 'NONE',  #9079 ) ;
#4388 = CIRCLE ( 'NONE', #7909, 0.1000000000000000056 ) ;
#4389 = CARTESIAN_POINT ( 'NONE',  ( -5.519410630279383057, 7.000000000000000888, 2.575017263033283932 ) ) ;
#4390 = DIRECTION ( 'NONE',  ( 0.8660254037844382635, 0.000000000000000000, 0.5000000000000006661 ) ) ;
#4391 = CYLINDRICAL_SURFACE ( 'NONE', #6362, 7.049999999999999822 ) ;
#4392 = MECHANICAL_DESIGN_GEOMETRIC_PRESENTATION_REPRESENTATION (  '', ( #7753 ), #8546 ) ;
#4393 = ORIENTED_EDGE ( 'NONE', *, *, #1228, .F. ) ;
#4394 = EDGE_CURVE ( 'NONE', #6472, #358, #7013, .T. ) ;
#4395 = ORIENTED_EDGE ( 'NONE', *, *, #7073, .F. ) ;
#4396 = SURFACE_STYLE_USAGE ( .BOTH. , #4430 ) ;
#4397 = ORIENTED_EDGE ( 'NONE', *, *, #5596, .F. ) ;
#4398 = ORIENTED_EDGE ( 'NONE', *, *, #6423, .T. ) ;
#4399 = CARTESIAN_POINT ( 'NONE',  ( 0.000000000000000000, 7.000000000000000888, 0.000000000000000000 ) ) ;
#4400 = CARTESIAN_POINT ( 'NONE',  ( 6.270712166560381995, 4.400000000000000355, 3.221904549199370749 ) ) ;
#4401 = CARTESIAN_POINT ( 'NONE',  ( 7.295565981523415289, 4.400000000000000355, -0.1500000000000000222 ) ) ;
#4402 = LINE ( 'NONE', #858, #8108 ) ;
#4403 = ORIENTED_EDGE ( 'NONE', *, *, #3986, .F. ) ;
#4404 = CARTESIAN_POINT ( 'NONE',  ( 8.812026847326234955E-16, 6.850000000000001421, -7.195565981523416532 ) ) ;
#4405 = CARTESIAN_POINT ( 'NONE',  ( -6.156542934606380690, 4.400000000000000355, 3.827686801329380106 ) ) ;
#4406 = PRESENTATION_LAYER_ASSIGNMENT (  '', '', ( #5225 ) ) ;
#4407 =( NAMED_UNIT ( * ) PLANE_ANGLE_UNIT ( ) SI_UNIT ( $, .RADIAN. ) );
#4408 = ORIENTED_EDGE ( 'NONE', *, *, #7056, .T. ) ;
#4409 = CIRCLE ( 'NONE', #5763, 0.1352311273310532469 ) ;
#4410 = CARTESIAN_POINT ( 'NONE',  ( -5.976639124038715778, 4.400000000000000355, 3.739289341707823677 ) ) ;
#4411 = ORIENTED_EDGE ( 'NONE', *, *, #5708, .T. ) ;
#4412 = VECTOR ( 'NONE', #745, 1000.000000000000000 ) ;
#4413 = DIRECTION ( 'NONE',  ( 0.000000000000000000, 0.000000000000000000, 1.000000000000000000 ) ) ;
#4414 = SURFACE_STYLE_USAGE ( .BOTH. , #2855 ) ;
#4415 = EDGE_CURVE ( 'NONE', #5623, #3261, #3871, .T. ) ;
#4416 = LINE ( 'NONE', #524, #6747 ) ;
#4417 = VERTEX_POINT ( 'NONE', #1327 ) ;
#4418 = ORIENTED_EDGE ( 'NONE', *, *, #7803, .F. ) ;
#4419 = ORIENTED_EDGE ( 'NONE', *, *, #1413, .F. ) ;
#4420 = CIRCLE ( 'NONE', #7355, 7.295565981523417065 ) ;
#4421 = ORIENTED_EDGE ( 'NONE', *, *, #6644, .T. ) ;
#4422 = FILL_AREA_STYLE_COLOUR ( '', #19 ) ;
#4423 = STYLED_ITEM ( 'NONE', ( #5731 ), #2102 ) ;
#4424 = DIRECTION ( 'NONE',  ( 0.000000000000000000, 1.000000000000000000, 0.000000000000000000 ) ) ;
#4425 = PRESENTATION_LAYER_ASSIGNMENT (  '', '', ( #1214 ) ) ;
#4426 = ORIENTED_EDGE ( 'NONE', *, *, #1878, .T. ) ;
#4427 = CARTESIAN_POINT ( 'NONE',  ( 7.041548310661132071, 4.400000000000000355, -0.3451048951048950597 ) ) ;
#4428 = ORIENTED_EDGE ( 'NONE', *, *, #4415, .T. ) ;
#4429 = ORIENTED_EDGE ( 'NONE', *, *, #688, .T. ) ;
#4430 = SURFACE_SIDE_STYLE ('',( #8037 ) ) ;
#4431 = PLANE ( 'NONE',  #2469 ) ;
#4432 = DIRECTION ( 'NONE',  ( 1.000000000000000000, 0.000000000000000000, -4.336808689942013299E-16 ) ) ;
#4433 =( NAMED_UNIT ( * ) PLANE_ANGLE_UNIT ( ) SI_UNIT ( $, .RADIAN. ) );
#4434 =( NAMED_UNIT ( * ) SI_UNIT ( $, .STERADIAN. ) SOLID_ANGLE_UNIT ( ) );
#4435 = CYLINDRICAL_SURFACE ( 'NONE', #7173, 7.049999999999999822 ) ;
#4436 = AXIS2_PLACEMENT_3D ( 'NONE', #4102, #8460, #3388 ) ;
#4437 =( LENGTH_UNIT ( ) NAMED_UNIT ( * ) SI_UNIT ( .MILLI., .METRE. ) );
#4438 = SURFACE_SIDE_STYLE ('',( #168 ) ) ;
#4439 = ADVANCED_FACE ( 'NONE', ( #8693 ), #1564, .F. ) ;
#4440 = LINE ( 'NONE', #7565, #7117 ) ;
#4441 = ORIENTED_EDGE ( 'NONE', *, *, #2892, .F. ) ;
#4442 = CARTESIAN_POINT ( 'NONE',  ( -6.309658438426486882, 4.400000000000000355, 3.354207863325322947 ) ) ;
#4443 = CARTESIAN_POINT ( 'NONE',  ( -4.445012361338021023, 6.950000000000000178, -2.587782488400166780 ) ) ;
#4444 = DIRECTION ( 'NONE',  ( 5.647150270261412548E-17, 0.000000000000000000, -1.000000000000000000 ) ) ;
#4445 = SURFACE_STYLE_USAGE ( .BOTH. , #5810 ) ;
#4446 = EDGE_LOOP ( 'NONE', ( #3396, #3663, #6402, #5652 ) ) ;
#4447 = VECTOR ( 'NONE', #3941, 1000.000000000000000 ) ;
#4448 = PLANE ( 'NONE',  #8047 ) ;
#4449 = LINE ( 'NONE', #1602, #5866 ) ;
#4450 = AXIS2_PLACEMENT_3D ( 'NONE', #1736, #6801, #5988 ) ;
#4451 =( NAMED_UNIT ( * ) SI_UNIT ( $, .STERADIAN. ) SOLID_ANGLE_UNIT ( ) );
#4452 = MECHANICAL_DESIGN_GEOMETRIC_PRESENTATION_REPRESENTATION (  '', ( #4928 ), #5391 ) ;
#4453 = UNCERTAINTY_MEASURE_WITH_UNIT (LENGTH_MEASURE( 1.000000000000000082E-05 ), #5705, 'distance_accuracy_value', 'NONE');
#4454 =( NAMED_UNIT ( * ) SI_UNIT ( $, .STERADIAN. ) SOLID_ANGLE_UNIT ( ) );
#4455 = CARTESIAN_POINT ( 'NONE',  ( 3.517879180194027455, 0.000000000000000000, -6.393145474984837762 ) ) ;
#4456 = ORIENTED_EDGE ( 'NONE', *, *, #4524, .T. ) ;
#4457 = FILL_AREA_STYLE ('',( #2398 ) ) ;
#4458 = CARTESIAN_POINT ( 'NONE',  ( -0.5679264233040245413, 6.950000000000000178, 3.319679806621155915 ) ) ;
#4459 = VECTOR ( 'NONE', #5356, 1000.000000000000000 ) ;
#4460 = ORIENTED_EDGE ( 'NONE', *, *, #1372, .T. ) ;
#4461 =( NAMED_UNIT ( * ) SI_UNIT ( $, .STERADIAN. ) SOLID_ANGLE_UNIT ( ) );
#4462 = UNCERTAINTY_MEASURE_WITH_UNIT (LENGTH_MEASURE( 1.000000000000000082E-05 ), #3441, 'distance_accuracy_value', 'NONE');
#4463 = ORIENTED_EDGE ( 'NONE', *, *, #5352, .F. ) ;
#4464 = SURFACE_STYLE_FILL_AREA ( #7698 ) ;
#4465 =( NAMED_UNIT ( * ) SI_UNIT ( $, .STERADIAN. ) SOLID_ANGLE_UNIT ( ) );
#4466 = AXIS2_PLACEMENT_3D ( 'NONE', #7346, #8793, #7379 ) ;
#4467 = DIRECTION ( 'NONE',  ( 0.000000000000000000, 0.000000000000000000, 1.000000000000000000 ) ) ;
#4468 = ORIENTED_EDGE ( 'NONE', *, *, #1676, .F. ) ;
#4469 = EDGE_CURVE ( 'NONE', #5411, #2514, #8480, .T. ) ;
#4470 =( NAMED_UNIT ( * ) PLANE_ANGLE_UNIT ( ) SI_UNIT ( $, .RADIAN. ) );
#4471 = EDGE_CURVE ( 'NONE', #2739, #7761, #2851, .T. ) ;
#4472 = CIRCLE ( 'NONE', #2826, 0.1476854043595500210 ) ;
#4473 = ORIENTED_EDGE ( 'NONE', *, *, #9184, .F. ) ;
#4474 = CARTESIAN_POINT ( 'NONE',  ( 0.000000000000000000, 0.000000000000000000, -4.764999999999998792 ) ) ;
#4475 =( NAMED_UNIT ( * ) PLANE_ANGLE_UNIT ( ) SI_UNIT ( $, .RADIAN. ) );
#4476 = CARTESIAN_POINT ( 'NONE',  ( 3.579326398285364252, 7.000000000000000888, -3.916962665652261144 ) ) ;
#4477 = COLOUR_RGB ( '',0.9098039215686274384, 0.4431372549019607643, 0.03137254901960784270 ) ;
#4478 = CARTESIAN_POINT ( 'NONE',  ( 6.059658438426485993, 0.000000000000000000, 3.787220565217541246 ) ) ;
#4479 = MECHANICAL_DESIGN_GEOMETRIC_PRESENTATION_REPRESENTATION (  '', ( #2269 ), #18 ) ;
#4480 =( NAMED_UNIT ( * ) PLANE_ANGLE_UNIT ( ) SI_UNIT ( $, .RADIAN. ) );
#4481 = CARTESIAN_POINT ( 'NONE',  ( -3.517879180194027455, 4.400000000000000355, -6.393145474984837762 ) ) ;
#4482 = VECTOR ( 'NONE', #6310, 1000.000000000000000 ) ;
#4483 = ORIENTED_EDGE ( 'NONE', *, *, #5048, .F. ) ;
#4484 = EDGE_CURVE ( 'NONE', #635, #656, #7456, .T. ) ;
#4485 = VECTOR ( 'NONE', #6238, 1000.000000000000000 ) ;
#4486 = DIRECTION ( 'NONE',  ( -8.673617379884051249E-15, 0.000000000000000000, 1.000000000000000000 ) ) ;
#4487 = CARTESIAN_POINT ( 'NONE',  ( 4.286263797015730432E-17, -2.049999999999999822, 4.415000000000000036 ) ) ;
#4488 = CARTESIAN_POINT ( 'NONE',  ( -3.267605322946856461, 4.400000000000000355, 6.259658438426496829 ) ) ;
#4489 = ADVANCED_FACE ( 'NONE', ( #2537, #5318 ), #891, .T. ) ;
#4490 = SURFACE_STYLE_FILL_AREA ( #1279 ) ;
#4491 = AXIS2_PLACEMENT_3D ( 'NONE', #8627, #117, #3020 ) ;
#4492 = EDGE_LOOP ( 'NONE', ( #233, #832, #1028, #972 ) ) ;
#4493 = AXIS2_PLACEMENT_3D ( 'NONE', #3323, #4790, #1951 ) ;
#4494 = CARTESIAN_POINT ( 'NONE',  ( 4.428517473209517163, 7.000000000000000888, 2.531868201111808769 ) ) ;
#4495 = CARTESIAN_POINT ( 'NONE',  ( -6.009658438426486171, 4.400000000000000355, 3.773823105595984995 ) ) ;
#4496 = VERTEX_POINT ( 'NONE', #2960 ) ;
#4497 = CARTESIAN_POINT ( 'NONE',  ( 0.000000000000000000, 0.000000000000000000, -7.049999999999999822 ) ) ;
#4498 = FACE_OUTER_BOUND ( 'NONE', #8111, .T. ) ;
#4499 = AXIS2_PLACEMENT_3D ( 'NONE', #5967, #6060, #1718 ) ;
#4500 = UNCERTAINTY_MEASURE_WITH_UNIT (LENGTH_MEASURE( 1.000000000000000082E-05 ), #6944, 'distance_accuracy_value', 'NONE');
#4501 = CARTESIAN_POINT ( 'NONE',  ( 0.7363823647938629868, 6.950000000000000178, -3.375547973270170310 ) ) ;
#4502 = ORIENTED_EDGE ( 'NONE', *, *, #4522, .T. ) ;
#4503 = FILL_AREA_STYLE ('',( #5206 ) ) ;
#4504 = CARTESIAN_POINT ( 'NONE',  ( 0.000000000000000000, -1.549999999999999822, 0.000000000000000000 ) ) ;
#4505 = AXIS2_PLACEMENT_3D ( 'NONE', #2270, #8075, #2918 ) ;
#4506 = CARTESIAN_POINT ( 'NONE',  ( 3.579326398285364252, 7.000000000000000888, -3.916962665652261144 ) ) ;
#4507 = FILL_AREA_STYLE_COLOUR ( '', #3677 ) ;
#4508 = VERTEX_POINT ( 'NONE', #3785 ) ;
#4509 = LINE ( 'NONE', #8217, #6173 ) ;
#4510 = LINE ( 'NONE', #7065, #4728 ) ;
#4511 = DIRECTION ( 'NONE',  ( -0.000000000000000000, -1.000000000000000000, -0.000000000000000000 ) ) ;
#4512 = FILL_AREA_STYLE ('',( #8679 ) ) ;
#4513 = ORIENTED_EDGE ( 'NONE', *, *, #5565, .T. ) ;
#4514 = CARTESIAN_POINT ( 'NONE',  ( -3.275639329619170148, 7.000000000000000888, -4.310987324483573246 ) ) ;
#4515 = DIRECTION ( 'NONE',  ( -0.000000000000000000, -1.000000000000000000, -0.000000000000000000 ) ) ;
#4516 = UNCERTAINTY_MEASURE_WITH_UNIT (LENGTH_MEASURE( 1.000000000000000082E-05 ), #5174, 'distance_accuracy_value', 'NONE');
#4517 = CIRCLE ( 'NONE', #5650, 0.1353067852383595393 ) ;
#4518 = DIRECTION ( 'NONE',  ( -0.000000000000000000, -1.000000000000000000, -0.000000000000000000 ) ) ;
#4519 = ORIENTED_EDGE ( 'NONE', *, *, #836, .T. ) ;
#4520 = VECTOR ( 'NONE', #2899, 1000.000000000000000 ) ;
#4521 = AXIS2_PLACEMENT_3D ( 'NONE', #3942, #6000, #353 ) ;
#4522 = EDGE_CURVE ( 'NONE', #4950, #2527, #6224, .T. ) ;
#4523 = MECHANICAL_DESIGN_GEOMETRIC_PRESENTATION_REPRESENTATION (  '', ( #1571 ), #2139 ) ;
#4524 = EDGE_CURVE ( 'NONE', #6525, #2033, #4667, .T. ) ;
#4525 = ORIENTED_EDGE ( 'NONE', *, *, #6550, .T. ) ;
#4526 = DIRECTION ( 'NONE',  ( -0.000000000000000000, 1.000000000000000000, -0.000000000000000000 ) ) ;
#4527 = DIRECTION ( 'NONE',  ( -0.8660254037844397068, -0.000000000000000000, -0.4999999999999979461 ) ) ;
#4528 = ADVANCED_FACE ( 'NONE', ( #6337 ), #8905, .F. ) ;
#4529 = CARTESIAN_POINT ( 'NONE',  ( -7.195565981523414756, 0.000000000000000000, 0.2499999999999999445 ) ) ;
#4530 = EDGE_LOOP ( 'NONE', ( #755, #5629 ) ) ;
#4531 = CIRCLE ( 'NONE', #3206, 0.1352311274094740168 ) ;
#4532 = ORIENTED_EDGE ( 'NONE', *, *, #8298, .F. ) ;
#4533 = CARTESIAN_POINT ( 'NONE',  ( 0.000000000000000000, -1.549999999999999378, -4.764999999999998792 ) ) ;
#4534 =( GEOMETRIC_REPRESENTATION_CONTEXT ( 3 ) GLOBAL_UNCERTAINTY_ASSIGNED_CONTEXT ( ( #6448 ) ) GLOBAL_UNIT_ASSIGNED_CONTEXT ( ( #6471, #5683, #5004 ) ) REPRESENTATION_CONTEXT ( 'NONE', 'WORKASPACE' ) );
#4535 = CARTESIAN_POINT ( 'NONE',  ( 6.009658438426486171, 4.400000000000000355, 3.873823105595984639 ) ) ;
#4536 = CYLINDRICAL_SURFACE ( 'NONE', #6335, 7.049999999999999822 ) ;
#4537 = ORIENTED_EDGE ( 'NONE', *, *, #3693, .F. ) ;
#4538 = AXIS2_PLACEMENT_3D ( 'NONE', #792, #8506, #710 ) ;
#4539 = FILL_AREA_STYLE ('',( #7339 ) ) ;
#4540 = ORIENTED_EDGE ( 'NONE', *, *, #7461, .T. ) ;
#4541 = ADVANCED_FACE ( 'NONE', ( #9154 ), #6040, .F. ) ;
#4542 = CARTESIAN_POINT ( 'NONE',  ( -3.381276639815584240, 0.000000000000000000, 6.356542934606394191 ) ) ;
#4543 = DIRECTION ( 'NONE',  ( 0.000000000000000000, 1.000000000000000000, 0.000000000000000000 ) ) ;
#4544 = EDGE_LOOP ( 'NONE', ( #6652, #2917 ) ) ;
#4545 = CARTESIAN_POINT ( 'NONE',  ( -6.306542934606381934, 0.000000000000000000, 3.467879180194048505 ) ) ;
#4546 = SURFACE_STYLE_FILL_AREA ( #4135 ) ;
#4547 = CIRCLE ( 'NONE', #3083, 0.1000000000000002554 ) ;
#4548 = ORIENTED_EDGE ( 'NONE', *, *, #3126, .F. ) ;
#4549 = DIRECTION ( 'NONE',  ( 1.000000000000000000, 0.000000000000000000, 0.000000000000000000 ) ) ;
#4550 = EDGE_CURVE ( 'NONE', #4508, #2443, #9201, .T. ) ;
#4551 =( LENGTH_UNIT ( ) NAMED_UNIT ( * ) SI_UNIT ( .MILLI., .METRE. ) );
#4552 = ORIENTED_EDGE ( 'NONE', *, *, #6474, .F. ) ;
#4553 = CARTESIAN_POINT ( 'NONE',  ( 0.000000000000000000, 6.750000000000000888, 0.000000000000000000 ) ) ;
#4554 = FILL_AREA_STYLE ('',( #8114 ) ) ;
#4555 = MECHANICAL_DESIGN_GEOMETRIC_PRESENTATION_REPRESENTATION (  '', ( #8078 ), #3136 ) ;
#4556 = SURFACE_SIDE_STYLE ('',( #1194 ) ) ;
#4557 = FACE_OUTER_BOUND ( 'NONE', #9232, .T. ) ;
#4558 = SURFACE_STYLE_USAGE ( .BOTH. , #325 ) ;
#4559 =( NAMED_UNIT ( * ) SI_UNIT ( $, .STERADIAN. ) SOLID_ANGLE_UNIT ( ) );
#4560 = DIRECTION ( 'NONE',  ( 0.000000000000000000, 1.000000000000000000, 0.000000000000000000 ) ) ;
#4561 = VERTEX_POINT ( 'NONE', #9032 ) ;
#4562 = VECTOR ( 'NONE', #2925, 1000.000000000000000 ) ;
#4563 = CARTESIAN_POINT ( 'NONE',  ( -3.306276639815583618, 0.000000000000000000, 6.226639124038727324 ) ) ;
#4564 = PRESENTATION_STYLE_ASSIGNMENT (( #8744 ) ) ;
#4565 = VECTOR ( 'NONE', #55, 1000.000000000000114 ) ;
#4566 =( NAMED_UNIT ( * ) SI_UNIT ( $, .STERADIAN. ) SOLID_ANGLE_UNIT ( ) );
#4567 = EDGE_CURVE ( 'NONE', #1512, #844, #3003, .T. ) ;
#4568 = PRESENTATION_LAYER_ASSIGNMENT (  '', '', ( #7613 ) ) ;
#4569 = ADVANCED_FACE ( 'NONE', ( #7843 ), #1149, .T. ) ;
#4570 = CARTESIAN_POINT ( 'NONE',  ( -2.426448254617682210, 7.000000000000000888, -4.446218451814682560 ) ) ;
#4571 = AXIS2_PLACEMENT_3D ( 'NONE', #470, #1058, #7631 ) ;
#4572 = ORIENTED_EDGE ( 'NONE', *, *, #366, .F. ) ;
#4573 = SURFACE_STYLE_FILL_AREA ( #167 ) ;
#4574 = FACE_OUTER_BOUND ( 'NONE', #1127, .T. ) ;
#4575 = CARTESIAN_POINT ( 'NONE',  ( 0.000000000000000000, 6.750000000000000888, -4.764999999999998792 ) ) ;
#4576 = DIRECTION ( 'NONE',  ( 0.000000000000000000, 1.000000000000000000, 0.000000000000000000 ) ) ;
#4577 = SURFACE_SIDE_STYLE ('',( #6945 ) ) ;
#4578 = UNCERTAINTY_MEASURE_WITH_UNIT (LENGTH_MEASURE( 1.000000000000000082E-05 ), #2323, 'distance_accuracy_value', 'NONE');
#4579 = AXIS2_PLACEMENT_3D ( 'NONE', #5484, #7694, #3386 ) ;
#4580 = FACE_OUTER_BOUND ( 'NONE', #6742, .T. ) ;
#4581 = DIRECTION ( 'NONE',  ( 0.000000000000000000, 1.000000000000000000, 0.000000000000000000 ) ) ;
#4582 = EDGE_LOOP ( 'NONE', ( #7228, #4214, #9133, #8597, #9227, #6413, #5380, #8454, #5607, #7133, #4519, #8129, #8618, #3250, #2665, #2552, #3577, #1963, #8542, #2806, #8378, #3728, #6816, #316, #2418, #7550, #8777, #2193, #1842, #6128, #7873, #6691, #2979, #965, #4625, #8758, #6250, #5185, #3932, #2995, #5159, #4063, #493, #8030, #1421, #8294, #867, #3364, #7755, #1748, #1393, #7074, #759, #2856, #1655, #7898, #4411, #2363, #5839, #7022, #6346, #2522, #4640, #2781, #4196, #5385, #7785, #3315, #9239, #5672, #2508, #3705, #7506, #6090, #8417, #8535, #8331, #196, #82, #6828, #6786, #4313, #9231, #6960, #4297, #4421, #8996, #3432, #1035 ) ) ;
#4583 = FILL_AREA_STYLE ('',( #6597 ) ) ;
#4584 = LINE ( 'NONE', #2783, #3091 ) ;
#4585 = STYLED_ITEM ( 'NONE', ( #7389 ), #9132 ) ;
#4586 = LINE ( 'NONE', #835, #7595 ) ;
#4587 = SURFACE_STYLE_FILL_AREA ( #2628 ) ;
#4588 = AXIS2_PLACEMENT_3D ( 'NONE', #386, #8125, #3120 ) ;
#4589 = EDGE_CURVE ( 'NONE', #1084, #7539, #716, .T. ) ;
#4590 = CARTESIAN_POINT ( 'NONE',  ( 4.286263797015731048E-17, 6.750000000000000888, 4.415000000000000036 ) ) ;
#4591 = SURFACE_SIDE_STYLE ('',( #1004 ) ) ;
#4592 = CARTESIAN_POINT ( 'NONE',  ( 3.467879180194027633, 4.400000000000000355, 6.306542934606394368 ) ) ;
#4593 = PLANE ( 'NONE',  #693 ) ;
#4594 = PRESENTATION_STYLE_ASSIGNMENT (( #351 ) ) ;
#4595 = CARTESIAN_POINT ( 'NONE',  ( 3.714557525616446032, 7.000000000000000888, -3.916962665652260256 ) ) ;
#4596 = VERTEX_POINT ( 'NONE', #3981 ) ;
#4597 = ADVANCED_FACE ( 'NONE', ( #3234 ), #4262, .T. ) ;
#4598 = COLOUR_RGB ( '',0.5019607843137254832, 0.5019607843137254832, 0.5019607843137254832 ) ;
#4599 = SURFACE_SIDE_STYLE ('',( #7338 ) ) ;
#4600 = PRESENTATION_LAYER_ASSIGNMENT (  '', '', ( #3124 ) ) ;
#4601 = VECTOR ( 'NONE', #6561, 1000.000000000000000 ) ;
#4602 = ORIENTED_EDGE ( 'NONE', *, *, #4729, .F. ) ;
#4603 = EDGE_CURVE ( 'NONE', #7666, #4850, #2485, .T. ) ;
#4604 = VECTOR ( 'NONE', #8276, 1000.000000000000000 ) ;
#4605 =( NAMED_UNIT ( * ) SI_UNIT ( $, .STERADIAN. ) SOLID_ANGLE_UNIT ( ) );
#4606 = EDGE_CURVE ( 'NONE', #1053, #6728, #8533, .T. ) ;
#4607 =( NAMED_UNIT ( * ) SI_UNIT ( $, .STERADIAN. ) SOLID_ANGLE_UNIT ( ) );
#4608 = CARTESIAN_POINT ( 'NONE',  ( -2.426448254617682210, 7.000000000000000888, -5.160178399485061185 ) ) ;
#4609 = SURFACE_STYLE_FILL_AREA ( #5598 ) ;
#4610 = ORIENTED_EDGE ( 'NONE', *, *, #4567, .T. ) ;
#4611 = DIRECTION ( 'NONE',  ( 0.8660254037844397068, -0.000000000000000000, -0.4999999999999979461 ) ) ;
#4612 =( NAMED_UNIT ( * ) PLANE_ANGLE_UNIT ( ) SI_UNIT ( $, .RADIAN. ) );
#4613 = AXIS2_PLACEMENT_3D ( 'NONE', #928, #5900, #2404 ) ;
#4614 = VERTEX_POINT ( 'NONE', #7452 ) ;
#4615 = DIRECTION ( 'NONE',  ( -0.000000000000000000, -1.000000000000000000, -0.000000000000000000 ) ) ;
#4616 = SURFACE_STYLE_USAGE ( .BOTH. , #8897 ) ;
#4617 = COLOUR_RGB ( '',0.2509803921568627416, 0.2509803921568627416, 0.2509803921568627416 ) ;
#4618 = ORIENTED_EDGE ( 'NONE', *, *, #159, .F. ) ;
#4619 = STYLED_ITEM ( 'NONE', ( #7125 ), #7616 ) ;
#4620 = CIRCLE ( 'NONE', #147, 0.09999999999999982514 ) ;
#4621 = LINE ( 'NONE', #6350, #960 ) ;
#4622 = EDGE_CURVE ( 'NONE', #4859, #2374, #2793, .T. ) ;
#4623 = DIRECTION ( 'NONE',  ( 0.000000000000000000, 1.000000000000000000, 0.000000000000000000 ) ) ;
#4624 = UNCERTAINTY_MEASURE_WITH_UNIT (LENGTH_MEASURE( 1.000000000000000082E-05 ), #4688, 'distance_accuracy_value', 'NONE');
#4625 = ORIENTED_EDGE ( 'NONE', *, *, #6794, .T. ) ;
#4626 = SURFACE_STYLE_USAGE ( .BOTH. , #5903 ) ;
#4627 = ORIENTED_EDGE ( 'NONE', *, *, #650, .F. ) ;
#4628 = EDGE_LOOP ( 'NONE', ( #4, #8571, #4752, #3612 ) ) ;
#4629 = SURFACE_STYLE_USAGE ( .BOTH. , #464 ) ;
#4630 = ADVANCED_FACE ( 'NONE', ( #2150 ), #3343, .F. ) ;
#4631 = EDGE_LOOP ( 'NONE', ( #4069, #1614, #3224, #8087 ) ) ;
#4632 = FACE_OUTER_BOUND ( 'NONE', #810, .T. ) ;
#4633 = EDGE_CURVE ( 'NONE', #1848, #61, #4034, .T. ) ;
#4634 = CIRCLE ( 'NONE', #7062, 0.8491910750014877163 ) ;
#4635 = AXIS2_PLACEMENT_3D ( 'NONE', #7455, #1781, #6749 ) ;
#4636 =( LENGTH_UNIT ( ) NAMED_UNIT ( * ) SI_UNIT ( .MILLI., .METRE. ) );
#4637 = VECTOR ( 'NONE', #8266, 1000.000000000000000 ) ;
#4638 = PRESENTATION_LAYER_ASSIGNMENT (  '', '', ( #2241 ) ) ;
#4639 =( LENGTH_UNIT ( ) NAMED_UNIT ( * ) SI_UNIT ( .MILLI., .METRE. ) );
#4640 = ORIENTED_EDGE ( 'NONE', *, *, #453, .T. ) ;
#4641 = DIRECTION ( 'NONE',  ( 0.000000000000000000, 0.000000000000000000, 1.000000000000000000 ) ) ;
#4642 = UNCERTAINTY_MEASURE_WITH_UNIT (LENGTH_MEASURE( 1.000000000000000082E-05 ), #7594, 'distance_accuracy_value', 'NONE');
#4643 = ORIENTED_EDGE ( 'NONE', *, *, #8948, .T. ) ;
#4644 = VERTEX_POINT ( 'NONE', #6886 ) ;
#4645 = LINE ( 'NONE', #3121, #5823 ) ;
#4646 = ORIENTED_EDGE ( 'NONE', *, *, #8865, .T. ) ;
#4647 = DIRECTION ( 'NONE',  ( 0.000000000000000000, 0.000000000000000000, 1.000000000000000000 ) ) ;
#4648 =( NAMED_UNIT ( * ) PLANE_ANGLE_UNIT ( ) SI_UNIT ( $, .RADIAN. ) );
#4649 = EDGE_LOOP ( 'NONE', ( #3887, #5792, #8639, #7097 ) ) ;
#4650 = VERTEX_POINT ( 'NONE', #3417 ) ;
#4651 = ORIENTED_EDGE ( 'NONE', *, *, #7492, .F. ) ;
#4652 = FACE_OUTER_BOUND ( 'NONE', #5038, .T. ) ;
#4653 = EDGE_LOOP ( 'NONE', ( #6328, #5208 ) ) ;
#4654 = VECTOR ( 'NONE', #7543, 1000.000000000000000 ) ;
#4655 = SURFACE_STYLE_USAGE ( .BOTH. , #3915 ) ;
#4656 = EDGE_CURVE ( 'NONE', #6978, #3504, #7741, .T. ) ;
#4657 = ORIENTED_EDGE ( 'NONE', *, *, #4257, .F. ) ;
#4658 = ORIENTED_EDGE ( 'NONE', *, *, #5464, .F. ) ;
#4659 = ORIENTED_EDGE ( 'NONE', *, *, #2255, .F. ) ;
#4660 = DIRECTION ( 'NONE',  ( -0.000000000000000000, -1.000000000000000000, -0.000000000000000000 ) ) ;
#4661 = SURFACE_STYLE_FILL_AREA ( #124 ) ;
#4662 = CARTESIAN_POINT ( 'NONE',  ( 7.141428428542849538, 0.000000000000000000, 0.2499999999999999445 ) ) ;
#4663 = MECHANICAL_DESIGN_GEOMETRIC_PRESENTATION_REPRESENTATION (  '', ( #849 ), #5416 ) ;
#4664 = PLANE ( 'NONE',  #1090 ) ;
#4665 = EDGE_CURVE ( 'NONE', #6343, #2071, #8313, .T. ) ;
#4666 = SURFACE_SIDE_STYLE ('',( #7496 ) ) ;
#4667 = LINE ( 'NONE', #8081, #2760 ) ;
#4668 = EDGE_CURVE ( 'NONE', #3989, #9183, #819, .T. ) ;
#4669 = ORIENTED_EDGE ( 'NONE', *, *, #8698, .F. ) ;
#4670 =( NAMED_UNIT ( * ) SI_UNIT ( $, .STERADIAN. ) SOLID_ANGLE_UNIT ( ) );
#4671 = AXIS2_PLACEMENT_3D ( 'NONE', #8828, #4518, #204 ) ;
#4672 =( LENGTH_UNIT ( ) NAMED_UNIT ( * ) SI_UNIT ( .MILLI., .METRE. ) );
#4673 = MECHANICAL_DESIGN_GEOMETRIC_PRESENTATION_REPRESENTATION (  '', ( #6926 ), #5132 ) ;
#4674 = ORIENTED_EDGE ( 'NONE', *, *, #3719, .T. ) ;
#4675 = CARTESIAN_POINT ( 'NONE',  ( 5.437848229521686783, 7.000000000000000888, -2.587794026416315507 ) ) ;
#4676 = PRESENTATION_STYLE_ASSIGNMENT (( #1124 ) ) ;
#4677 = DIRECTION ( 'NONE',  ( -0.000000000000000000, -1.000000000000000000, -0.000000000000000000 ) ) ;
#4678 = VECTOR ( 'NONE', #8775, 1000.000000000000000 ) ;
#4679 = ORIENTED_EDGE ( 'NONE', *, *, #304, .T. ) ;
#4680 = SURFACE_STYLE_USAGE ( .BOTH. , #4925 ) ;
#4681 =( LENGTH_UNIT ( ) NAMED_UNIT ( * ) SI_UNIT ( .MILLI., .METRE. ) );
#4682 = EDGE_CURVE ( 'NONE', #7485, #2807, #5361, .T. ) ;
#4683 = AXIS2_PLACEMENT_3D ( 'NONE', #8189, #7415, #1750 ) ;
#4684 = AXIS2_PLACEMENT_3D ( 'NONE', #7844, #7876, #3563 ) ;
#4685 =( GEOMETRIC_REPRESENTATION_CONTEXT ( 3 ) GLOBAL_UNCERTAINTY_ASSIGNED_CONTEXT ( ( #9112 ) ) GLOBAL_UNIT_ASSIGNED_CONTEXT ( ( #1590, #7227, #8672 ) ) REPRESENTATION_CONTEXT ( 'NONE', 'WORKASPACE' ) );
#4686 = UNCERTAINTY_MEASURE_WITH_UNIT (LENGTH_MEASURE( 1.000000000000000082E-05 ), #8988, 'distance_accuracy_value', 'NONE');
#4687 = EDGE_LOOP ( 'NONE', ( #3387, #2297, #8586, #4332 ) ) ;
#4688 =( LENGTH_UNIT ( ) NAMED_UNIT ( * ) SI_UNIT ( .MILLI., .METRE. ) );
#4689 = DIRECTION ( 'NONE',  ( 0.000000000000000000, 1.000000000000000000, 0.000000000000000000 ) ) ;
#4690 = LINE ( 'NONE', #6320, #3105 ) ;
#4691 = VERTEX_POINT ( 'NONE', #5547 ) ;
#4692 = FILL_AREA_STYLE_COLOUR ( '', #1979 ) ;
#4693 = FILL_AREA_STYLE_COLOUR ( '', #9196 ) ;
#4694 =( LENGTH_UNIT ( ) NAMED_UNIT ( * ) SI_UNIT ( .MILLI., .METRE. ) );
#4695 = DIRECTION ( 'NONE',  ( 0.000000000000000000, 1.000000000000000000, 0.000000000000000000 ) ) ;
#4696 = SURFACE_STYLE_FILL_AREA ( #3113 ) ;
#4697 = ORIENTED_EDGE ( 'NONE', *, *, #9246, .T. ) ;
#4698 = DIRECTION ( 'NONE',  ( 0.000000000000000000, 0.000000000000000000, -1.000000000000000000 ) ) ;
#4699 = STYLED_ITEM ( 'NONE', ( #5746 ), #4439 ) ;
#4700 = EDGE_CURVE ( 'NONE', #5965, #701, #6930, .T. ) ;
#4701 = COLOUR_RGB ( '',0.9098039215686274384, 0.4431372549019607643, 0.03137254901960784270 ) ;
#4702 = COLOUR_RGB ( '',0.9098039215686274384, 0.4431372549019607643, 0.03137254901960784270 ) ;
#4703 = CARTESIAN_POINT ( 'NONE',  ( 6.156542934606380690, 4.400000000000000355, 3.727686801329380462 ) ) ;
#4704 = DIRECTION ( 'NONE',  ( 0.000000000000000000, -0.000000000000000000, 1.000000000000000000 ) ) ;
#4705 = VECTOR ( 'NONE', #4059, 1000.000000000000114 ) ;
#4706 = ORIENTED_EDGE ( 'NONE', *, *, #405, .F. ) ;
#4707 = DIRECTION ( 'NONE',  ( 0.000000000000000000, 0.000000000000000000, 1.000000000000000000 ) ) ;
#4708 = AXIS2_PLACEMENT_3D ( 'NONE', #1651, #8027, #5181 ) ;
#4709 = EDGE_LOOP ( 'NONE', ( #73, #8784 ) ) ;
#4710 = DIRECTION ( 'NONE',  ( -0.000000000000000000, -1.000000000000000000, -0.000000000000000000 ) ) ;
#4711 =( NAMED_UNIT ( * ) PLANE_ANGLE_UNIT ( ) SI_UNIT ( $, .RADIAN. ) );
#4712 = FACE_OUTER_BOUND ( 'NONE', #630, .T. ) ;
#4713 = CARTESIAN_POINT ( 'NONE',  ( 3.579326398285364252, 6.950000000000000178, -3.916962665652261144 ) ) ;
#4714 = ADVANCED_FACE ( 'NONE', ( #3455 ), #2694, .F. ) ;
#4715 = SURFACE_STYLE_USAGE ( .BOTH. , #6952 ) ;
#4716 = PLANE ( 'NONE',  #7024 ) ;
#4717 =( GEOMETRIC_REPRESENTATION_CONTEXT ( 3 ) GLOBAL_UNCERTAINTY_ASSIGNED_CONTEXT ( ( #6572 ) ) GLOBAL_UNIT_ASSIGNED_CONTEXT ( ( #7179, #3727, #4306 ) ) REPRESENTATION_CONTEXT ( 'NONE', 'WORKASPACE' ) );
#4718 = PRESENTATION_LAYER_ASSIGNMENT (  '', '', ( #5057 ) ) ;
#4719 = DIRECTION ( 'NONE',  ( 0.000000000000000000, 1.000000000000000000, 0.000000000000000000 ) ) ;
#4720 = LINE ( 'NONE', #561, #6293 ) ;
#4721 = CARTESIAN_POINT ( 'NONE',  ( 0.000000000000000000, 6.900000000000000355, -7.295565981523417065 ) ) ;
#4722 = ORIENTED_EDGE ( 'NONE', *, *, #3092, .T. ) ;
#4723 = FILL_AREA_STYLE_COLOUR ( '', #4375 ) ;
#4724 = CYLINDRICAL_SURFACE ( 'NONE', #587, 0.1000000000000002554 ) ;
#4725 = SURFACE_STYLE_USAGE ( .BOTH. , #5492 ) ;
#4726 = ORIENTED_EDGE ( 'NONE', *, *, #5205, .F. ) ;
#4727 =( NAMED_UNIT ( * ) SI_UNIT ( $, .STERADIAN. ) SOLID_ANGLE_UNIT ( ) );
#4728 = VECTOR ( 'NONE', #7043, 1000.000000000000000 ) ;
#4729 = EDGE_CURVE ( 'NONE', #8508, #8465, #144, .T. ) ;
#4730 = LINE ( 'NONE', #2674, #2168 ) ;
#4731 = EDGE_CURVE ( 'NONE', #8303, #6942, #2993, .T. ) ;
#4732 = MECHANICAL_DESIGN_GEOMETRIC_PRESENTATION_REPRESENTATION (  '', ( #880 ), #7918 ) ;
#4733 = UNCERTAINTY_MEASURE_WITH_UNIT (LENGTH_MEASURE( 1.000000000000000082E-05 ), #8171, 'distance_accuracy_value', 'NONE');
#4734 = EDGE_LOOP ( 'NONE', ( #5394, #1837, #5550, #2868, #6684 ) ) ;
#4735 = AXIS2_PLACEMENT_3D ( 'NONE', #8436, #7051, #3333 ) ;
#4736 = SURFACE_SIDE_STYLE ('',( #1018 ) ) ;
#4737 = ORIENTED_EDGE ( 'NONE', *, *, #460, .F. ) ;
#4738 = FACE_OUTER_BOUND ( 'NONE', #2330, .T. ) ;
#4739 = EDGE_CURVE ( 'NONE', #321, #2026, #1142, .T. ) ;
#4740 = CIRCLE ( 'NONE', #4178, 7.049999999999999822 ) ;
#4741 = UNCERTAINTY_MEASURE_WITH_UNIT (LENGTH_MEASURE( 1.000000000000000082E-05 ), #6014, 'distance_accuracy_value', 'NONE');
#4742 = VERTEX_POINT ( 'NONE', #7721 ) ;
#4743 = STYLED_ITEM ( 'NONE', ( #8984 ), #9024 ) ;
#4744 =( NAMED_UNIT ( * ) PLANE_ANGLE_UNIT ( ) SI_UNIT ( $, .RADIAN. ) );
#4745 = ORIENTED_EDGE ( 'NONE', *, *, #8394, .T. ) ;
#4746 =( NAMED_UNIT ( * ) SI_UNIT ( $, .STERADIAN. ) SOLID_ANGLE_UNIT ( ) );
#4747 = ORIENTED_EDGE ( 'NONE', *, *, #2136, .T. ) ;
#4748 =( GEOMETRIC_REPRESENTATION_CONTEXT ( 3 ) GLOBAL_UNCERTAINTY_ASSIGNED_CONTEXT ( ( #7311 ) ) GLOBAL_UNIT_ASSIGNED_CONTEXT ( ( #5571, #3371, #8419 ) ) REPRESENTATION_CONTEXT ( 'NONE', 'WORKASPACE' ) );
#4749 = CARTESIAN_POINT ( 'NONE',  ( 0.000000000000000000, 4.400000000000000355, 0.000000000000000000 ) ) ;
#4750 = FACE_OUTER_BOUND ( 'NONE', #847, .T. ) ;
#4751 = ORIENTED_EDGE ( 'NONE', *, *, #5999, .F. ) ;
#4752 = ORIENTED_EDGE ( 'NONE', *, *, #7137, .F. ) ;
#4753 = DIRECTION ( 'NONE',  ( 0.000000000000000000, 0.000000000000000000, 1.000000000000000000 ) ) ;
#4754 = SURFACE_SIDE_STYLE ('',( #7082 ) ) ;
#4755 = VERTEX_POINT ( 'NONE', #7000 ) ;
#4756 = PRESENTATION_STYLE_ASSIGNMENT (( #6191 ) ) ;
#4757 = DIRECTION ( 'NONE',  ( -0.000000000000000000, -1.000000000000000000, -0.000000000000000000 ) ) ;
#4758 = CARTESIAN_POINT ( 'NONE',  ( 5.925607271455486824, 0.000000000000000000, -3.819643761461775533 ) ) ;
#4759 = CARTESIAN_POINT ( 'NONE',  ( -3.267605322946856461, 0.000000000000000000, 6.359658438426497362 ) ) ;
#4760 =( NAMED_UNIT ( * ) PLANE_ANGLE_UNIT ( ) SI_UNIT ( $, .RADIAN. ) );
#4761 =( NAMED_UNIT ( * ) PLANE_ANGLE_UNIT ( ) SI_UNIT ( $, .RADIAN. ) );
#4762 = LINE ( 'NONE', #8121, #1756 ) ;
#4763 = CARTESIAN_POINT ( 'NONE',  ( 3.727686801329359145, 4.400000000000000355, 6.156542934606394901 ) ) ;
#4764 = ADVANCED_FACE ( 'NONE', ( #4363 ), #3446, .T. ) ;
#4765 = ORIENTED_EDGE ( 'NONE', *, *, #6900, .F. ) ;
#4766 = MECHANICAL_DESIGN_GEOMETRIC_PRESENTATION_REPRESENTATION (  '', ( #8911 ), #4934 ) ;
#4767 = DIRECTION ( 'NONE',  ( -0.000000000000000000, -1.000000000000000000, -0.000000000000000000 ) ) ;
#4768 = EDGE_CURVE ( 'NONE', #3795, #9063, #6036, .T. ) ;
#4769 = SURFACE_STYLE_FILL_AREA ( #2346 ) ;
#4770 = SURFACE_SIDE_STYLE ('',( #7220 ) ) ;
#4771 = LINE ( 'NONE', #6225, #8376 ) ;
#4772 = ORIENTED_EDGE ( 'NONE', *, *, #3798, .T. ) ;
#4773 =( NAMED_UNIT ( * ) PLANE_ANGLE_UNIT ( ) SI_UNIT ( $, .RADIAN. ) );
#4774 = CARTESIAN_POINT ( 'NONE',  ( -6.009658438426486171, 4.400000000000000355, 3.873823105595984639 ) ) ;
#4775 = PRESENTATION_STYLE_ASSIGNMENT (( #4249 ) ) ;
#4776 = COLOUR_RGB ( '',0.9098039215686274384, 0.4431372549019607643, 0.03137254901960784270 ) ;
#4777 = PRESENTATION_LAYER_ASSIGNMENT (  '', '', ( #1138 ) ) ;
#4778 = COLOUR_RGB ( '',0.2509803921568627416, 0.2509803921568627416, 0.2509803921568627416 ) ;
#4779 = VECTOR ( 'NONE', #8722, 1000.000000000000114 ) ;
#4780 = FILL_AREA_STYLE_COLOUR ( '', #5625 ) ;
#4781 = EDGE_CURVE ( 'NONE', #8772, #7819, #600, .T. ) ;
#4782 = CARTESIAN_POINT ( 'NONE',  ( -3.221904549199348544, 4.400000000000000355, 6.270712166560393541 ) ) ;
#4783 = SURFACE_SIDE_STYLE ('',( #1439 ) ) ;
#4784 = ORIENTED_EDGE ( 'NONE', *, *, #7903, .F. ) ;
#4785 =( NAMED_UNIT ( * ) SI_UNIT ( $, .STERADIAN. ) SOLID_ANGLE_UNIT ( ) );
#4786 = VECTOR ( 'NONE', #984, 1000.000000000000000 ) ;
#4787 = DIRECTION ( 'NONE',  ( -0.9999999997854419620, 0.000000000000000000, 2.071511917890717143E-05 ) ) ;
#4788 = COLOUR_RGB ( '',0.9098039215686274384, 0.4431372549019607643, 0.03137254901960784270 ) ;
#4789 = SURFACE_STYLE_FILL_AREA ( #4092 ) ;
#4790 = DIRECTION ( 'NONE',  ( -0.000000000000000000, -1.000000000000000000, -0.000000000000000000 ) ) ;
#4791 = EDGE_CURVE ( 'NONE', #8675, #1847, #8526, .T. ) ;
#4792 = DIRECTION ( 'NONE',  ( -0.4999999999999983902, 0.000000000000000000, 0.8660254037844395958 ) ) ;
#4793 = MECHANICAL_DESIGN_GEOMETRIC_PRESENTATION_REPRESENTATION (  '', ( #4619 ), #634 ) ;
#4794 = CARTESIAN_POINT ( 'NONE',  ( -3.306276639815583618, 0.000000000000000000, -6.226639124038727324 ) ) ;
#4795 = DIRECTION ( 'NONE',  ( 0.000000000000000000, 0.000000000000000000, -1.000000000000000000 ) ) ;
#4796 = ORIENTED_EDGE ( 'NONE', *, *, #8896, .F. ) ;
#4797 = COLOUR_RGB ( '',0.2509803921568627416, 0.2509803921568627416, 0.2509803921568627416 ) ;
#4798 = CARTESIAN_POINT ( 'NONE',  ( 3.787220565217520818, 0.000000000000000000, -6.059658438426500204 ) ) ;
#4799 = UNCERTAINTY_MEASURE_WITH_UNIT (LENGTH_MEASURE( 1.000000000000000082E-05 ), #5649, 'distance_accuracy_value', 'NONE');
#4800 = FACE_OUTER_BOUND ( 'NONE', #3497, .T. ) ;
#4801 = ORIENTED_EDGE ( 'NONE', *, *, #4700, .T. ) ;
#4802 = EDGE_CURVE ( 'NONE', #410, #4247, #8623, .T. ) ;
#4803 = PRESENTATION_LAYER_ASSIGNMENT (  '', '', ( #4323 ) ) ;
#4804 = AXIS2_PLACEMENT_3D ( 'NONE', #3454, #8494, #4191 ) ;
#4805 = SURFACE_STYLE_USAGE ( .BOTH. , #1137 ) ;
#4806 = ADVANCED_FACE ( 'NONE', ( #3672 ), #6419, .F. ) ;
#4807 = CARTESIAN_POINT ( 'NONE',  ( -3.727686801329358701, 0.000000000000000000, -6.156542934606394901 ) ) ;
#4808 = CARTESIAN_POINT ( 'NONE',  ( -3.864289341707802805, 0.000000000000000000, 6.193145474984839360 ) ) ;
#4809 = ORIENTED_EDGE ( 'NONE', *, *, #8513, .T. ) ;
#4810 =( NAMED_UNIT ( * ) PLANE_ANGLE_UNIT ( ) SI_UNIT ( $, .RADIAN. ) );
#4811 =( NAMED_UNIT ( * ) PLANE_ANGLE_UNIT ( ) SI_UNIT ( $, .RADIAN. ) );
#4812 = PRESENTATION_STYLE_ASSIGNMENT (( #7939 ) ) ;
#4813 = DIRECTION ( 'NONE',  ( 0.000000000000000000, 0.000000000000000000, 1.000000000000000000 ) ) ;
#4814 = CARTESIAN_POINT ( 'NONE',  ( 1.720804567049041278, 6.950000000000000178, -3.375547973270169866 ) ) ;
#4815 = DIRECTION ( 'NONE',  ( 0.000000000000000000, 0.000000000000000000, 1.000000000000000000 ) ) ;
#4816 = PRESENTATION_LAYER_ASSIGNMENT (  '', '', ( #4335 ) ) ;
#4817 = COLOUR_RGB ( '',0.2509803921568627416, 0.2509803921568627416, 0.2509803921568627416 ) ;
#4818 = ORIENTED_EDGE ( 'NONE', *, *, #9148, .F. ) ;
#4819 = DIRECTION ( 'NONE',  ( 0.5000000000000009992, -0.000000000000000000, -0.8660254037844380415 ) ) ;
#4820 = EDGE_CURVE ( 'NONE', #410, #5965, #3793, .T. ) ;
#4821 = EDGE_CURVE ( 'NONE', #8115, #6202, #5014, .T. ) ;
#4822 = PLANE ( 'NONE',  #7285 ) ;
#4823 = FACE_OUTER_BOUND ( 'NONE', #7482, .T. ) ;
#4824 = DIRECTION ( 'NONE',  ( 0.000000000000000000, 0.000000000000000000, 1.000000000000000000 ) ) ;
#4825 = DIRECTION ( 'NONE',  ( -0.000000000000000000, -1.000000000000000000, -0.000000000000000000 ) ) ;
#4826 = ORIENTED_EDGE ( 'NONE', *, *, #2554, .T. ) ;
#4827 = AXIS2_PLACEMENT_3D ( 'NONE', #6641, #8805, #7359 ) ;
#4828 = VECTOR ( 'NONE', #1436, 1000.000000000000000 ) ;
#4829 = PRESENTATION_LAYER_ASSIGNMENT (  '', '', ( #9040 ) ) ;
#4830 = ORIENTED_EDGE ( 'NONE', *, *, #6685, .F. ) ;
#4831 = STYLED_ITEM ( 'NONE', ( #4775 ), #1782 ) ;
#4832 = SURFACE_SIDE_STYLE ('',( #307 ) ) ;
#4833 = EDGE_CURVE ( 'NONE', #2681, #6507, #2244, .T. ) ;
#4834 = DIRECTION ( 'NONE',  ( 0.4999999999999979461, -0.000000000000000000, -0.8660254037844397068 ) ) ;
#4835 = VECTOR ( 'NONE', #7278, 1000.000000000000000 ) ;
#4836 = SURFACE_STYLE_USAGE ( .BOTH. , #1242 ) ;
#4837 = SURFACE_STYLE_USAGE ( .BOTH. , #1243 ) ;
#4838 = STYLED_ITEM ( 'NONE', ( #4183 ), #2432 ) ;
#4839 = EDGE_LOOP ( 'NONE', ( #226, #6849, #7002, #7991 ) ) ;
#4840 =( GEOMETRIC_REPRESENTATION_CONTEXT ( 3 ) GLOBAL_UNCERTAINTY_ASSIGNED_CONTEXT ( ( #2118 ) ) GLOBAL_UNIT_ASSIGNED_CONTEXT ( ( #907, #8783, #3027 ) ) REPRESENTATION_CONTEXT ( 'NONE', 'WORKASPACE' ) );
#4841 = ORIENTED_EDGE ( 'NONE', *, *, #5930, .T. ) ;
#4842 = SURFACE_STYLE_USAGE ( .BOTH. , #3481 ) ;
#4843 = ORIENTED_EDGE ( 'NONE', *, *, #3373, .F. ) ;
#4844 = CYLINDRICAL_SURFACE ( 'NONE', #6863, 7.049999999999999822 ) ;
#4845 = PRESENTATION_STYLE_ASSIGNMENT (( #8319 ) ) ;
#4846 = LINE ( 'NONE', #5892, #1293 ) ;
#4847 = DIRECTION ( 'NONE',  ( -1.000000000000000000, 0.000000000000000000, -5.647150270261412548E-17 ) ) ;
#4848 = PLANE ( 'NONE',  #6297 ) ;
#4849 = UNCERTAINTY_MEASURE_WITH_UNIT (LENGTH_MEASURE( 1.000000000000000082E-05 ), #8817, 'distance_accuracy_value', 'NONE');
#4850 = VERTEX_POINT ( 'NONE', #48 ) ;
#4851 = DIRECTION ( 'NONE',  ( -0.000000000000000000, -1.000000000000000000, -0.000000000000000000 ) ) ;
#4852 = CARTESIAN_POINT ( 'NONE',  ( 7.141428428542849538, 4.400000000000000355, 0.3499999999999999223 ) ) ;
#4853 = EDGE_LOOP ( 'NONE', ( #2065, #3783, #3297, #3606 ) ) ;
#4854 = ADVANCED_FACE ( 'NONE', ( #4356, #2024, #7376 ), #7178, .F. ) ;
#4855 = ORIENTED_EDGE ( 'NONE', *, *, #1899, .F. ) ;
#4856 = EDGE_CURVE ( 'NONE', #2109, #8170, #6143, .T. ) ;
#4857 = CIRCLE ( 'NONE', #8521, 0.1000000000000002554 ) ;
#4858 = FACE_OUTER_BOUND ( 'NONE', #336, .T. ) ;
#4859 = VERTEX_POINT ( 'NONE', #8607 ) ;
#4860 = AXIS2_PLACEMENT_3D ( 'NONE', #6131, #1871, #1929 ) ;
#4861 = STYLED_ITEM ( 'NONE', ( #4251 ), #3368 ) ;
#4862 = VERTEX_POINT ( 'NONE', #4347 ) ;
#4863 = VERTEX_POINT ( 'NONE', #7852 ) ;
#4864 = ORIENTED_EDGE ( 'NONE', *, *, #6673, .F. ) ;
#4865 = FILL_AREA_STYLE_COLOUR ( '', #9243 ) ;
#4866 = CIRCLE ( 'NONE', #6924, 0.8491910749241250445 ) ;
#4867 = VECTOR ( 'NONE', #1551, 1000.000000000000000 ) ;
#4868 = ORIENTED_EDGE ( 'NONE', *, *, #1115, .F. ) ;
#4869 = FILL_AREA_STYLE ('',( #3284 ) ) ;
#4870 = CARTESIAN_POINT ( 'NONE',  ( 6.629903845456583511, 4.400000000000001243, 2.000000000000000000 ) ) ;
#4871 = ORIENTED_EDGE ( 'NONE', *, *, #1797, .F. ) ;
#4872 =( NAMED_UNIT ( * ) SI_UNIT ( $, .STERADIAN. ) SOLID_ANGLE_UNIT ( ) );
#4873 = PRODUCT_RELATED_PRODUCT_CATEGORY ( 'part', '', ( #5880 ) ) ;
#4874 = VERTEX_POINT ( 'NONE', #2194 ) ;
#4875 =( NAMED_UNIT ( * ) PLANE_ANGLE_UNIT ( ) SI_UNIT ( $, .RADIAN. ) );
#4876 = STYLED_ITEM ( 'NONE', ( #2658 ), #4143 ) ;
#4877 = ORIENTED_EDGE ( 'NONE', *, *, #1356, .T. ) ;
#4878 = EDGE_CURVE ( 'NONE', #8237, #3522, #1910, .T. ) ;
#4879 = COLOUR_RGB ( '',0.9098039215686274384, 0.4431372549019607643, 0.03137254901960784270 ) ;
#4880 = CARTESIAN_POINT ( 'NONE',  ( -4.445012361338021023, 7.000000000000000888, -2.587782488400166780 ) ) ;
#4881 = LINE ( 'NONE', #2022, #9145 ) ;
#4882 = CARTESIAN_POINT ( 'NONE',  ( 7.195565981523414756, 0.000000000000000000, -0.2500000000000000000 ) ) ;
#4883 =( LENGTH_UNIT ( ) NAMED_UNIT ( * ) SI_UNIT ( .MILLI., .METRE. ) );
#4884 = DIRECTION ( 'NONE',  ( -0.000000000000000000, -1.000000000000000000, -0.000000000000000000 ) ) ;
#4885 = CARTESIAN_POINT ( 'NONE',  ( 6.359658438426486704, 4.400000000000000355, 3.267605322946879554 ) ) ;
#4886 = DIRECTION ( 'NONE',  ( -0.000000000000000000, -1.000000000000000000, -0.000000000000000000 ) ) ;
#4887 = DIRECTION ( 'NONE',  ( 0.000000000000000000, 0.000000000000000000, 1.000000000000000000 ) ) ;
#4888 = COLOUR_RGB ( '',0.2509803921568627416, 0.2509803921568627416, 0.2509803921568627416 ) ;
#4889 = COLOUR_RGB ( '',0.2509803921568627416, 0.2509803921568627416, 0.2509803921568627416 ) ;
#4890 = DIRECTION ( 'NONE',  ( -0.000000000000000000, -1.000000000000000000, -0.000000000000000000 ) ) ;
#4891 = MECHANICAL_DESIGN_GEOMETRIC_PRESENTATION_REPRESENTATION (  '', ( #606 ), #3792 ) ;
#4892 = AXIS2_PLACEMENT_3D ( 'NONE', #7017, #3490, #4227 ) ;
#4893 = ORIENTED_EDGE ( 'NONE', *, *, #8010, .F. ) ;
#4894 = ORIENTED_EDGE ( 'NONE', *, *, #8414, .F. ) ;
#4895 = EDGE_CURVE ( 'NONE', #4076, #3489, #3553, .T. ) ;
#4896 = VECTOR ( 'NONE', #8827, 1000.000000000000000 ) ;
#4897 = PRESENTATION_STYLE_ASSIGNMENT (( #8932 ) ) ;
#4898 = ADVANCED_FACE ( 'NONE', ( #2362 ), #6693, .T. ) ;
#4899 =( NAMED_UNIT ( * ) SI_UNIT ( $, .STERADIAN. ) SOLID_ANGLE_UNIT ( ) );
#4900 = PRESENTATION_LAYER_ASSIGNMENT (  '', '', ( #4423 ) ) ;
#4901 = AXIS2_PLACEMENT_3D ( 'NONE', #5907, #2951, #878 ) ;
#4902 = ORIENTED_EDGE ( 'NONE', *, *, #2450, .T. ) ;
#4903 = DIRECTION ( 'NONE',  ( -0.000000000000000000, -1.000000000000000000, -0.000000000000000000 ) ) ;
#4904 = LINE ( 'NONE', #3552, #906 ) ;
#4905 =( NAMED_UNIT ( * ) SI_UNIT ( $, .STERADIAN. ) SOLID_ANGLE_UNIT ( ) );
#4906 =( LENGTH_UNIT ( ) NAMED_UNIT ( * ) SI_UNIT ( .MILLI., .METRE. ) );
#4907 = FILL_AREA_STYLE ('',( #717 ) ) ;
#4908 = CARTESIAN_POINT ( 'NONE',  ( 3.777686801329358968, 0.000000000000000000, 6.243145474984839183 ) ) ;
#4909 = DIRECTION ( 'NONE',  ( 0.000000000000000000, 0.000000000000000000, 1.000000000000000000 ) ) ;
#4910 = ORIENTED_EDGE ( 'NONE', *, *, #110, .T. ) ;
#4911 = DIRECTION ( 'NONE',  ( 0.000000000000000000, 0.000000000000000000, 1.000000000000000000 ) ) ;
#4912 = LINE ( 'NONE', #7849, #580 ) ;
#4913 = SURFACE_STYLE_USAGE ( .BOTH. , #4195 ) ;
#4914 = ORIENTED_EDGE ( 'NONE', *, *, #6836, .T. ) ;
#4915 = MECHANICAL_DESIGN_GEOMETRIC_PRESENTATION_REPRESENTATION (  '', ( #454 ), #931 ) ;
#4916 = AXIS2_PLACEMENT_3D ( 'NONE', #2692, #9172, #2720 ) ;
#4917 = FILL_AREA_STYLE_COLOUR ( '', #9109 ) ;
#4918 = FACE_OUTER_BOUND ( 'NONE', #121, .T. ) ;
#4919 = DIRECTION ( 'NONE',  ( -0.000000000000000000, -1.000000000000000000, -0.000000000000000000 ) ) ;
#4920 = ORIENTED_EDGE ( 'NONE', *, *, #672, .T. ) ;
#4921 = EDGE_CURVE ( 'NONE', #3306, #1833, #711, .T. ) ;
#4922 = FACE_OUTER_BOUND ( 'NONE', #4492, .T. ) ;
#4923 = DIRECTION ( 'NONE',  ( -0.000000000000000000, -1.000000000000000000, -0.000000000000000000 ) ) ;
#4924 =( GEOMETRIC_REPRESENTATION_CONTEXT ( 3 ) GLOBAL_UNCERTAINTY_ASSIGNED_CONTEXT ( ( #7138 ) ) GLOBAL_UNIT_ASSIGNED_CONTEXT ( ( #1589, #5881, #6562 ) ) REPRESENTATION_CONTEXT ( 'NONE', 'WORKASPACE' ) );
#4925 = SURFACE_SIDE_STYLE ('',( #5770 ) ) ;
#4926 = ORIENTED_EDGE ( 'NONE', *, *, #6794, .F. ) ;
#4927 = DIRECTION ( 'NONE',  ( 1.000000000000000000, 0.000000000000000000, -5.275245464980312529E-17 ) ) ;
#4928 = STYLED_ITEM ( 'NONE', ( #3891 ), #3842 ) ;
#4929 = DIRECTION ( 'NONE',  ( -0.000000000000000000, 1.000000000000000000, -0.000000000000000000 ) ) ;
#4930 = DIRECTION ( 'NONE',  ( 0.5000000000000009992, 0.000000000000000000, -0.8660254037844380415 ) ) ;
#4931 = FILL_AREA_STYLE_COLOUR ( '', #2646 ) ;
#4932 = SURFACE_STYLE_USAGE ( .BOTH. , #1424 ) ;
#4933 = CARTESIAN_POINT ( 'NONE',  ( -2.561679381948791967, 6.950000000000000178, -4.310987324483573246 ) ) ;
#4934 =( GEOMETRIC_REPRESENTATION_CONTEXT ( 3 ) GLOBAL_UNCERTAINTY_ASSIGNED_CONTEXT ( ( #8991 ) ) GLOBAL_UNIT_ASSIGNED_CONTEXT ( ( #2483, #8256, #3205 ) ) REPRESENTATION_CONTEXT ( 'NONE', 'WORKASPACE' ) );
#4935 = DIRECTION ( 'NONE',  ( 0.000000000000000000, 1.000000000000000000, 0.000000000000000000 ) ) ;
#4936 = EDGE_CURVE ( 'NONE', #2049, #4247, #1257, .T. ) ;
#4937 = ORIENTED_EDGE ( 'NONE', *, *, #1867, .T. ) ;
#4938 = CARTESIAN_POINT ( 'NONE',  ( 6.309658438426485105, 4.400000000000000355, -3.354207863325322059 ) ) ;
#4939 = DIRECTION ( 'NONE',  ( 0.000000000000000000, 1.000000000000000000, 0.000000000000000000 ) ) ;
#4940 = VECTOR ( 'NONE', #6295, 1000.000000000000000 ) ;
#4941 = SURFACE_STYLE_FILL_AREA ( #7165 ) ;
#4942 = ORIENTED_EDGE ( 'NONE', *, *, #8562, .F. ) ;
#4943 = ORIENTED_EDGE ( 'NONE', *, *, #7219, .F. ) ;
#4944 =( GEOMETRIC_REPRESENTATION_CONTEXT ( 3 ) GLOBAL_UNCERTAINTY_ASSIGNED_CONTEXT ( ( #6959 ) ) GLOBAL_UNIT_ASSIGNED_CONTEXT ( ( #7381, #4648, #1683 ) ) REPRESENTATION_CONTEXT ( 'NONE', 'WORKASPACE' ) );
#4945 = LINE ( 'NONE', #9055, #1172 ) ;
#4946 =( NAMED_UNIT ( * ) SI_UNIT ( $, .STERADIAN. ) SOLID_ANGLE_UNIT ( ) );
#4947 = UNCERTAINTY_MEASURE_WITH_UNIT (LENGTH_MEASURE( 1.000000000000000082E-05 ), #4639, 'distance_accuracy_value', 'NONE');
#4948 = CIRCLE ( 'NONE', #7196, 0.09999999999999982514 ) ;
#4949 = FILL_AREA_STYLE_COLOUR ( '', #7207 ) ;
#4950 = VERTEX_POINT ( 'NONE', #221 ) ;
#4951 = EDGE_CURVE ( 'NONE', #2600, #9183, #5350, .T. ) ;
#4952 = VECTOR ( 'NONE', #127, 1000.000000000000000 ) ;
#4953 = DIRECTION ( 'NONE',  ( -0.000000000000000000, -1.000000000000000000, -0.000000000000000000 ) ) ;
#4954 = SURFACE_STYLE_USAGE ( .BOTH. , #7822 ) ;
#4955 = ORIENTED_EDGE ( 'NONE', *, *, #6067, .F. ) ;
#4956 = VECTOR ( 'NONE', #4903, 1000.000000000000000 ) ;
#4957 = DIRECTION ( 'NONE',  ( -0.000000000000000000, -0.000000000000000000, 1.000000000000000000 ) ) ;
#4958 =( LENGTH_UNIT ( ) NAMED_UNIT ( * ) SI_UNIT ( .MILLI., .METRE. ) );
#4959 = PRESENTATION_LAYER_ASSIGNMENT (  '', '', ( #3012 ) ) ;
#4960 = CIRCLE ( 'NONE', #1195, 0.1000000000000002554 ) ;
#4961 = PRESENTATION_LAYER_ASSIGNMENT (  '', '', ( #6393 ) ) ;
#4962 = UNCERTAINTY_MEASURE_WITH_UNIT (LENGTH_MEASURE( 1.000000000000000082E-05 ), #1905, 'distance_accuracy_value', 'NONE');
#4963 = DIRECTION ( 'NONE',  ( 0.000000000000000000, 0.000000000000000000, 1.000000000000000000 ) ) ;
#4964 = ORIENTED_EDGE ( 'NONE', *, *, #2799, .F. ) ;
#4965 = DIRECTION ( 'NONE',  ( -0.000000000000000000, -1.000000000000000000, -0.000000000000000000 ) ) ;
#4966 = ORIENTED_EDGE ( 'NONE', *, *, #4285, .F. ) ;
#4967 = LINE ( 'NONE', #7817, #7537 ) ;
#4968 = SURFACE_STYLE_FILL_AREA ( #5452 ) ;
#4969 = ORIENTED_EDGE ( 'NONE', *, *, #2808, .T. ) ;
#4970 = DIRECTION ( 'NONE',  ( 0.000000000000000000, -1.000000000000000000, 0.000000000000000000 ) ) ;
#4971 = DIRECTION ( 'NONE',  ( 0.000000000000000000, 0.000000000000000000, 1.000000000000000000 ) ) ;
#4972 = ORIENTED_EDGE ( 'NONE', *, *, #8513, .F. ) ;
#4973 = CARTESIAN_POINT ( 'NONE',  ( -0.4326952959729711279, 7.000000000000000888, -2.784806355831972446 ) ) ;
#4974 = ORIENTED_EDGE ( 'NONE', *, *, #2058, .F. ) ;
#4975 = MECHANICAL_DESIGN_GEOMETRIC_PRESENTATION_REPRESENTATION (  '', ( #6941 ), #1931 ) ;
#4976 = ORIENTED_EDGE ( 'NONE', *, *, #7219, .T. ) ;
#4977 = LINE ( 'NONE', #5018, #4867 ) ;
#4978 = MECHANICAL_DESIGN_GEOMETRIC_PRESENTATION_REPRESENTATION (  '', ( #2863 ), #41 ) ;
#4979 = SURFACE_SIDE_STYLE ('',( #8249 ) ) ;
#4980 = PRESENTATION_STYLE_ASSIGNMENT (( #8870 ) ) ;
#4981 = SURFACE_STYLE_FILL_AREA ( #8407 ) ;
#4982 = ORIENTED_EDGE ( 'NONE', *, *, #4606, .F. ) ;
#4983 = STYLED_ITEM ( 'NONE', ( #3800 ), #4597 ) ;
#4984 = EDGE_CURVE ( 'NONE', #1758, #1181, #7609, .T. ) ;
#4985 =( GEOMETRIC_REPRESENTATION_CONTEXT ( 3 ) GLOBAL_UNCERTAINTY_ASSIGNED_CONTEXT ( ( #2784 ) ) GLOBAL_UNIT_ASSIGNED_CONTEXT ( ( #2447, #8175, #3740 ) ) REPRESENTATION_CONTEXT ( 'NONE', 'WORKASPACE' ) );
#4986 = EDGE_CURVE ( 'NONE', #656, #5931, #1470, .T. ) ;
#4987 = DIRECTION ( 'NONE',  ( -0.000000000000000000, 1.000000000000000000, -0.000000000000000000 ) ) ;
#4988 = FACE_BOUND ( 'NONE', #4530, .T. ) ;
#4989 = LINE ( 'NONE', #3682, #1226 ) ;
#4990 = FILL_AREA_STYLE ('',( #3604 ) ) ;
#4991 = CARTESIAN_POINT ( 'NONE',  ( -2.291217127286572897, 7.000000000000000888, -4.310987324483573246 ) ) ;
#4992 = CARTESIAN_POINT ( 'NONE',  ( 0.4164957789511533615, 7.000000000000000888, -2.784806355831972002 ) ) ;
#4993 = AXIS2_PLACEMENT_3D ( 'NONE', #2610, #7584, #4049 ) ;
#4994 = VERTEX_POINT ( 'NONE', #4501 ) ;
#4995 =( GEOMETRIC_REPRESENTATION_CONTEXT ( 3 ) GLOBAL_UNCERTAINTY_ASSIGNED_CONTEXT ( ( #4578 ) ) GLOBAL_UNIT_ASSIGNED_CONTEXT ( ( #2323, #7965, #4465 ) ) REPRESENTATION_CONTEXT ( 'NONE', 'WORKASPACE' ) );
#4996 = DIRECTION ( 'NONE',  ( 0.000000000000000000, 0.000000000000000000, 1.000000000000000000 ) ) ;
#4997 = CIRCLE ( 'NONE', #865, 0.1600909783257406238 ) ;
#4998 = CARTESIAN_POINT ( 'NONE',  ( 0.000000000000000000, 0.000000000000000000, 0.000000000000000000 ) ) ;
#4999 = EDGE_CURVE ( 'NONE', #4691, #6321, #8838, .T. ) ;
#5000 = EDGE_CURVE ( 'NONE', #26, #5527, #3111, .T. ) ;
#5001 = CARTESIAN_POINT ( 'NONE',  ( 7.295565981523415289, 4.400000000000000355, 0.1499999999999999667 ) ) ;
#5002 = VERTEX_POINT ( 'NONE', #2417 ) ;
#5003 = CIRCLE ( 'NONE', #1967, 0.1352311273310532469 ) ;
#5004 =( NAMED_UNIT ( * ) SI_UNIT ( $, .STERADIAN. ) SOLID_ANGLE_UNIT ( ) );
#5005 = FILL_AREA_STYLE_COLOUR ( '', #6069 ) ;
#5006 = AXIS2_PLACEMENT_3D ( 'NONE', #4998, #6229, #3302 ) ;
#5007 = MECHANICAL_DESIGN_GEOMETRIC_PRESENTATION_REPRESENTATION (  '', ( #6341 ), #4119 ) ;
#5008 =( NAMED_UNIT ( * ) SI_UNIT ( $, .STERADIAN. ) SOLID_ANGLE_UNIT ( ) );
#5009 = CARTESIAN_POINT ( 'NONE',  ( -6.226639124038715778, 4.400000000000000355, 3.306276639815604934 ) ) ;
#5010 = ORIENTED_EDGE ( 'NONE', *, *, #8674, .T. ) ;
#5011 = CARTESIAN_POINT ( 'NONE',  ( -3.873823105595965099, 0.000000000000000000, 6.009658438426501270 ) ) ;
#5012 = DIRECTION ( 'NONE',  ( -2.071511917905111960E-05, 0.000000000000000000, -0.9999999997854418510 ) ) ;
#5013 = CARTESIAN_POINT ( 'NONE',  ( -0.4326952959729711279, 7.000000000000000888, -2.920037483163025360 ) ) ;
#5014 = LINE ( 'NONE', #25, #7490 ) ;
#5015 = EDGE_LOOP ( 'NONE', ( #6748, #1537, #4441, #8095 ) ) ;
#5016 = CARTESIAN_POINT ( 'NONE',  ( 3.579326398285364252, 7.000000000000000888, -4.052193792983342924 ) ) ;
#5017 = EDGE_CURVE ( 'NONE', #8724, #1438, #255, .T. ) ;
#5018 = CARTESIAN_POINT ( 'NONE',  ( -3.354207863325301631, 0.000000000000000000, -6.309658438426499316 ) ) ;
#5019 = PRESENTATION_LAYER_ASSIGNMENT (  '', '', ( #7129 ) ) ;
#5020 = COLOUR_RGB ( '',0.2509803921568627416, 0.2509803921568627416, 0.2509803921568627416 ) ;
#5021 = MECHANICAL_DESIGN_GEOMETRIC_PRESENTATION_REPRESENTATION (  '', ( #6813 ), #7971 ) ;
#5022 = DIRECTION ( 'NONE',  ( 0.000000000000000000, 0.000000000000000000, -1.000000000000000000 ) ) ;
#5024 = EDGE_CURVE ( 'NONE', #4508, #145, #2689, .T. ) ;
#5023 =( LENGTH_UNIT ( ) NAMED_UNIT ( * ) SI_UNIT ( .MILLI., .METRE. ) );
#5025 = ORIENTED_EDGE ( 'NONE', *, *, #2461, .F. ) ;
#5026 = DIRECTION ( 'NONE',  ( 0.000000000000000000, 0.000000000000000000, -1.000000000000000000 ) ) ;
#5027 = EDGE_CURVE ( 'NONE', #2492, #2049, #8181, .T. ) ;
#5028 = AXIS2_PLACEMENT_3D ( 'NONE', #3227, #1800, #6824 ) ;
#5029 = STYLED_ITEM ( 'NONE', ( #7111 ), #1722 ) ;
#5030 = MECHANICAL_DESIGN_GEOMETRIC_PRESENTATION_REPRESENTATION (  '', ( #8424 ), #5516 ) ;
#5031 = ORIENTED_EDGE ( 'NONE', *, *, #3926, .F. ) ;
#5032 = EDGE_CURVE ( 'NONE', #3153, #6946, #8517, .T. ) ;
#5033 = CARTESIAN_POINT ( 'NONE',  ( 4.576202877569066629, 7.000000000000000888, 2.531868201111808769 ) ) ;
#5034 = DIRECTION ( 'NONE',  ( 0.000000000000000000, -0.000000000000000000, -1.000000000000000000 ) ) ;
#5035 = PRESENTATION_STYLE_ASSIGNMENT (( #4629 ) ) ;
#5036 = DIRECTION ( 'NONE',  ( 0.000000000000000000, 0.000000000000000000, 1.000000000000000000 ) ) ;
#5037 = FILL_AREA_STYLE_COLOUR ( '', #3406 ) ;
#5038 = EDGE_LOOP ( 'NONE', ( #5573, #7266, #296, #8564 ) ) ;
#5039 = FACE_OUTER_BOUND ( 'NONE', #8670, .T. ) ;
#5040 = CARTESIAN_POINT ( 'NONE',  ( 4.286263797015732281E-17, 0.000000000000000000, 4.415000000000000036 ) ) ;
#5041 =( NAMED_UNIT ( * ) SI_UNIT ( $, .STERADIAN. ) SOLID_ANGLE_UNIT ( ) );
#5042 =( LENGTH_UNIT ( ) NAMED_UNIT ( * ) SI_UNIT ( .MILLI., .METRE. ) );
#5043 = PRESENTATION_STYLE_ASSIGNMENT (( #4067 ) ) ;
#5044 = SURFACE_STYLE_FILL_AREA ( #2261 ) ;
#5045 = SURFACE_SIDE_STYLE ('',( #7593 ) ) ;
#5046 = AXIS2_PLACEMENT_3D ( 'NONE', #7570, #7602, #4753 ) ;
#5047 = CARTESIAN_POINT ( 'NONE',  ( -6.059658438426486882, 4.400000000000000355, -3.787220565217541690 ) ) ;
#5048 = EDGE_CURVE ( 'NONE', #7830, #8475, #6134, .T. ) ;
#5049 = ORIENTED_EDGE ( 'NONE', *, *, #2006, .F. ) ;
#5050 = PLANE ( 'NONE',  #1710 ) ;
#5051 = ORIENTED_EDGE ( 'NONE', *, *, #5032, .T. ) ;
#5052 = ORIENTED_EDGE ( 'NONE', *, *, #1955, .T. ) ;
#5053 =( NAMED_UNIT ( * ) SI_UNIT ( $, .STERADIAN. ) SOLID_ANGLE_UNIT ( ) );
#5054 =( GEOMETRIC_REPRESENTATION_CONTEXT ( 3 ) GLOBAL_UNCERTAINTY_ASSIGNED_CONTEXT ( ( #8706 ) ) GLOBAL_UNIT_ASSIGNED_CONTEXT ( ( #1760, #3820, #301 ) ) REPRESENTATION_CONTEXT ( 'NONE', 'WORKASPACE' ) );
#5055 = ORIENTED_EDGE ( 'NONE', *, *, #7335, .T. ) ;
#5056 = DIRECTION ( 'NONE',  ( -0.000000000000000000, -1.000000000000000000, -0.000000000000000000 ) ) ;
#5057 = STYLED_ITEM ( 'NONE', ( #6532 ), #6539 ) ;
#5058 = CYLINDRICAL_SURFACE ( 'NONE', #6475, 0.1000000000000002554 ) ;
#5059 = VERTEX_POINT ( 'NONE', #312 ) ;
#5060 = ORIENTED_EDGE ( 'NONE', *, *, #8637, .T. ) ;
#5061 = COLOUR_RGB ( '',1.000000000000000000, 1.000000000000000000, 1.000000000000000000 ) ;
#5062 = ORIENTED_EDGE ( 'NONE', *, *, #7367, .F. ) ;
#5063 =( NAMED_UNIT ( * ) PLANE_ANGLE_UNIT ( ) SI_UNIT ( $, .RADIAN. ) );
#5064 = ORIENTED_EDGE ( 'NONE', *, *, #8026, .F. ) ;
#5065 =( NAMED_UNIT ( * ) PLANE_ANGLE_UNIT ( ) SI_UNIT ( $, .RADIAN. ) );
#5066 = ORIENTED_EDGE ( 'NONE', *, *, #5102, .T. ) ;
#5067 = DIRECTION ( 'NONE',  ( 0.000000000000000000, 0.000000000000000000, -1.000000000000000000 ) ) ;
#5068 = SURFACE_SIDE_STYLE ('',( #5853 ) ) ;
#5069 = ORIENTED_EDGE ( 'NONE', *, *, #7049, .F. ) ;
#5070 = VECTOR ( 'NONE', #8458, 1000.000000000000000 ) ;
#5071 = VECTOR ( 'NONE', #3131, 1000.000000000000000 ) ;
#5072 = VERTEX_POINT ( 'NONE', #7467 ) ;
#5073 =( GEOMETRIC_REPRESENTATION_CONTEXT ( 3 ) GLOBAL_UNCERTAINTY_ASSIGNED_CONTEXT ( ( #5169 ) ) GLOBAL_UNIT_ASSIGNED_CONTEXT ( ( #7985, #7377, #322 ) ) REPRESENTATION_CONTEXT ( 'NONE', 'WORKASPACE' ) );
#5074 = LINE ( 'NONE', #7169, #7902 ) ;
#5075 = DIRECTION ( 'NONE',  ( 1.224646799147343593E-16, 0.000000000000000000, -1.000000000000000000 ) ) ;
#5076 = CIRCLE ( 'NONE', #3538, 0.09999999999999982514 ) ;
#5077 = ORIENTED_EDGE ( 'NONE', *, *, #3746, .T. ) ;
#5078 = EDGE_LOOP ( 'NONE', ( #9175, #201, #4398, #3165 ) ) ;
#5079 = DIRECTION ( 'NONE',  ( 1.000000000000000000, -0.000000000000000000, 0.000000000000000000 ) ) ;
#5080 = EDGE_CURVE ( 'NONE', #1338, #1409, #3546, .T. ) ;
#5081 = CARTESIAN_POINT ( 'NONE',  ( -1.281886370897095784, 7.000000000000000888, 3.319669296602402842 ) ) ;
#5082 = VERTEX_POINT ( 'NONE', #3898 ) ;
#5083 = FACE_OUTER_BOUND ( 'NONE', #7871, .T. ) ;
#5084 = FILL_AREA_STYLE ('',( #1457 ) ) ;
#5085 =( NAMED_UNIT ( * ) PLANE_ANGLE_UNIT ( ) SI_UNIT ( $, .RADIAN. ) );
#5086 = CIRCLE ( 'NONE', #3694, 0.1352311273310818629 ) ;
#5087 = EDGE_CURVE ( 'NONE', #3597, #1601, #4472, .T. ) ;
#5088 = AXIS2_PLACEMENT_3D ( 'NONE', #7958, #2245, #2367 ) ;
#5089 = SURFACE_STYLE_FILL_AREA ( #2428 ) ;
#5090 = AXIS2_PLACEMENT_3D ( 'NONE', #750, #1452, #7825 ) ;
#5091 = DIRECTION ( 'NONE',  ( 0.000000000000000000, 0.000000000000000000, 1.000000000000000000 ) ) ;
#5092 = DIRECTION ( 'NONE',  ( 0.000000000000000000, 0.000000000000000000, 1.000000000000000000 ) ) ;
#5093 = PRESENTATION_STYLE_ASSIGNMENT (( #8891 ) ) ;
#5094 =( LENGTH_UNIT ( ) NAMED_UNIT ( * ) SI_UNIT ( .MILLI., .METRE. ) );
#5095 = ORIENTED_EDGE ( 'NONE', *, *, #277, .T. ) ;
#5096 = ORIENTED_EDGE ( 'NONE', *, *, #2450, .F. ) ;
#5097 = DIRECTION ( 'NONE',  ( 0.000000000000000000, 1.000000000000000000, 0.000000000000000000 ) ) ;
#5098 = CARTESIAN_POINT ( 'NONE',  ( 0.000000000000000000, 0.000000000000000000, 0.000000000000000000 ) ) ;
#5099 = DIRECTION ( 'NONE',  ( -0.000000000000000000, -1.000000000000000000, -0.000000000000000000 ) ) ;
#5100 = AXIS2_PLACEMENT_3D ( 'NONE', #6144, #4125, #5511 ) ;
#5101 =( NAMED_UNIT ( * ) PLANE_ANGLE_UNIT ( ) SI_UNIT ( $, .RADIAN. ) );
#5102 = EDGE_CURVE ( 'NONE', #1120, #4561, #3321, .T. ) ;
#5103 = STYLED_ITEM ( 'NONE', ( #3959 ), #978 ) ;
#5104 = CARTESIAN_POINT ( 'NONE',  ( 6.059658438426486882, 0.000000000000000000, -3.787220565217541690 ) ) ;
#5105 = ORIENTED_EDGE ( 'NONE', *, *, #5080, .F. ) ;
#5106 = VECTOR ( 'NONE', #165, 1000.000000000000000 ) ;
#5107 = DIRECTION ( 'NONE',  ( -0.8660254037844380415, 0.000000000000000000, 0.5000000000000009992 ) ) ;
#5108 = CARTESIAN_POINT ( 'NONE',  ( 0.000000000000000000, 4.400000000000000355, 0.000000000000000000 ) ) ;
#5109 = CARTESIAN_POINT ( 'NONE',  ( -7.045565981523414401, 4.400000000000000355, -0.2500000000000000000 ) ) ;
#5110 = CARTESIAN_POINT ( 'NONE',  ( 3.267605322946856461, 4.400000000000000355, 6.359658438426497362 ) ) ;
#5111 = CARTESIAN_POINT ( 'NONE',  ( 0.000000000000000000, 6.750000000000000888, 5.114999999999999325 ) ) ;
#5112 = DIRECTION ( 'NONE',  ( 0.000000000000000000, 0.000000000000000000, -1.000000000000000000 ) ) ;
#5113 = AXIS2_PLACEMENT_3D ( 'NONE', #5429, #8987, #4071 ) ;
#5114 = SURFACE_STYLE_FILL_AREA ( #4512 ) ;
#5115 = SURFACE_SIDE_STYLE ('',( #8628 ) ) ;
#5116 = ORIENTED_EDGE ( 'NONE', *, *, #1591, .T. ) ;
#5117 = DIRECTION ( 'NONE',  ( 0.000000000000000000, 0.000000000000000000, -1.000000000000000000 ) ) ;
#5118 = CIRCLE ( 'NONE', #1492, 6.924999999999999822 ) ;
#5119 = EDGE_CURVE ( 'NONE', #1445, #3680, #5891, .T. ) ;
#5120 = COLOUR_RGB ( '',0.9098039215686274384, 0.4431372549019607643, 0.03137254901960784270 ) ;
#5121 = UNCERTAINTY_MEASURE_WITH_UNIT (LENGTH_MEASURE( 1.000000000000000082E-05 ), #6243, 'distance_accuracy_value', 'NONE');
#5122 = CARTESIAN_POINT ( 'NONE',  ( 3.431276639815582730, 0.000000000000000000, -6.443145474984837584 ) ) ;
#5123 = EDGE_CURVE ( 'NONE', #8465, #9061, #7152, .T. ) ;
#5124 =( NAMED_UNIT ( * ) SI_UNIT ( $, .STERADIAN. ) SOLID_ANGLE_UNIT ( ) );
#5125 = DIRECTION ( 'NONE',  ( -2.071511917890717482E-05, -0.000000000000000000, -0.9999999997854418510 ) ) ;
#5126 = SURFACE_STYLE_USAGE ( .BOTH. , #1625 ) ;
#5127 = PRESENTATION_STYLE_ASSIGNMENT (( #2515 ) ) ;
#5128 = CARTESIAN_POINT ( 'NONE',  ( 0.000000000000000000, 6.750000000000000888, -4.414999999999999147 ) ) ;
#5129 = ORIENTED_EDGE ( 'NONE', *, *, #550, .T. ) ;
#5130 = ADVANCED_FACE ( 'NONE', ( #4800 ), #1688, .F. ) ;
#5131 = STYLED_ITEM ( 'NONE', ( #8565 ), #2342 ) ;
#5132 =( GEOMETRIC_REPRESENTATION_CONTEXT ( 3 ) GLOBAL_UNCERTAINTY_ASSIGNED_CONTEXT ( ( #1600 ) ) GLOBAL_UNIT_ASSIGNED_CONTEXT ( ( #6517, #4407, #57 ) ) REPRESENTATION_CONTEXT ( 'NONE', 'WORKASPACE' ) );
#5133 = DIRECTION ( 'NONE',  ( 0.000000000000000000, 1.000000000000000000, 0.000000000000000000 ) ) ;
#5134 = PRESENTATION_STYLE_ASSIGNMENT (( #4954 ) ) ;
#5135 = ORIENTED_EDGE ( 'NONE', *, *, #1813, .T. ) ;
#5136 = DIRECTION ( 'NONE',  ( 0.000000000000000000, 1.000000000000000000, 0.000000000000000000 ) ) ;
#5137 = SURFACE_SIDE_STYLE ('',( #1789 ) ) ;
#5138 = SURFACE_STYLE_USAGE ( .BOTH. , #7432 ) ;
#5139 = EDGE_CURVE ( 'NONE', #3795, #3956, #703, .T. ) ;
#5140 = AXIS2_PLACEMENT_3D ( 'NONE', #1959, #1925, #4795 ) ;
#5141 = ORIENTED_EDGE ( 'NONE', *, *, #37, .F. ) ;
#5142 = CARTESIAN_POINT ( 'NONE',  ( 2.434764514642112854, 6.950000000000000178, -3.375547973270169866 ) ) ;
#5143 = AXIS2_PLACEMENT_3D ( 'NONE', #529, #1944, #2663 ) ;
#5144 = SURFACE_SIDE_STYLE ('',( #2046 ) ) ;
#5145 = SURFACE_STYLE_FILL_AREA ( #5676 ) ;
#5146 = CARTESIAN_POINT ( 'NONE',  ( -7.195565981523414756, 4.400000000000000355, 0.2499999999999999445 ) ) ;
#5147 = AXIS2_PLACEMENT_3D ( 'NONE', #271, #6674, #8239 ) ;
#5148 = DIRECTION ( 'NONE',  ( 0.000000000000000000, 1.000000000000000000, 0.000000000000000000 ) ) ;
#5149 = CARTESIAN_POINT ( 'NONE',  ( 3.714557525616446476, 6.950000000000000178, 2.531868201111808769 ) ) ;
#5150 = LINE ( 'NONE', #4798, #2055 ) ;
#5151 = DIRECTION ( 'NONE',  ( 0.000000000000000000, 0.000000000000000000, 1.000000000000000000 ) ) ;
#5152 = DIRECTION ( 'NONE',  ( -0.000000000000000000, -1.000000000000000000, -0.000000000000000000 ) ) ;
#5153 = STYLED_ITEM ( 'NONE', ( #4207 ), #4489 ) ;
#5154 = ORIENTED_EDGE ( 'NONE', *, *, #7756, .F. ) ;
#5155 = CIRCLE ( 'NONE', #4162, 0.1352311273310532469 ) ;
#5156 = EDGE_CURVE ( 'NONE', #7292, #897, #6690, .T. ) ;
#5157 = ORIENTED_EDGE ( 'NONE', *, *, #7492, .T. ) ;
#5158 = FILL_AREA_STYLE_COLOUR ( '', #2105 ) ;
#5159 = ORIENTED_EDGE ( 'NONE', *, *, #6165, .T. ) ;
#5160 = DIRECTION ( 'NONE',  ( -0.4999999999999976130, 0.000000000000000000, -0.8660254037844400399 ) ) ;
#5161 = DIRECTION ( 'NONE',  ( 0.000000000000000000, 0.000000000000000000, 1.000000000000000000 ) ) ;
#5162 = EDGE_LOOP ( 'NONE', ( #7087, #4255, #3980, #189 ) ) ;
#5163 = AXIS2_PLACEMENT_3D ( 'NONE', #4759, #8432, #504 ) ;
#5164 = DIRECTION ( 'NONE',  ( -0.000000000000000000, -1.000000000000000000, -0.000000000000000000 ) ) ;
#5165 = ADVANCED_FACE ( 'NONE', ( #4918 ), #7407, .T. ) ;
#5166 = ORIENTED_EDGE ( 'NONE', *, *, #1997, .T. ) ;
#5167 = SURFACE_STYLE_FILL_AREA ( #5559 ) ;
#5168 = CARTESIAN_POINT ( 'NONE',  ( -6.243145474984824972, 0.000000000000000000, -3.777686801329381172 ) ) ;
#5169 = UNCERTAINTY_MEASURE_WITH_UNIT (LENGTH_MEASURE( 1.000000000000000082E-05 ), #7985, 'distance_accuracy_value', 'NONE');
#5170 =( NAMED_UNIT ( * ) SI_UNIT ( $, .STERADIAN. ) SOLID_ANGLE_UNIT ( ) );
#5171 = SURFACE_STYLE_FILL_AREA ( #987 ) ;
#5172 = VERTEX_POINT ( 'NONE', #7445 ) ;
#5173 = ORIENTED_EDGE ( 'NONE', *, *, #1410, .T. ) ;
#5174 =( LENGTH_UNIT ( ) NAMED_UNIT ( * ) SI_UNIT ( .MILLI., .METRE. ) );
#5175 = VERTEX_POINT ( 'NONE', #3177 ) ;
#5176 = FACE_OUTER_BOUND ( 'NONE', #6670, .T. ) ;
#5177 = EDGE_LOOP ( 'NONE', ( #1525, #3353, #4305, #3480 ) ) ;
#5178 = FILL_AREA_STYLE ('',( #4422 ) ) ;
#5179 = STYLED_ITEM ( 'NONE', ( #6663 ), #1890 ) ;
#5180 = DIRECTION ( 'NONE',  ( -0.8660254037844397068, 0.000000000000000000, -0.4999999999999979461 ) ) ;
#5181 = DIRECTION ( 'NONE',  ( 0.000000000000000000, 0.000000000000000000, 1.000000000000000000 ) ) ;
#5182 =( LENGTH_UNIT ( ) NAMED_UNIT ( * ) SI_UNIT ( .MILLI., .METRE. ) );
#5183 =( GEOMETRIC_REPRESENTATION_CONTEXT ( 3 ) GLOBAL_UNCERTAINTY_ASSIGNED_CONTEXT ( ( #4733 ) ) GLOBAL_UNIT_ASSIGNED_CONTEXT ( ( #8171, #3964, #5387 ) ) REPRESENTATION_CONTEXT ( 'NONE', 'WORKASPACE' ) );
#5184 = UNCERTAINTY_MEASURE_WITH_UNIT (LENGTH_MEASURE( 1.000000000000000082E-05 ), #6247, 'distance_accuracy_value', 'NONE');
#5185 = ORIENTED_EDGE ( 'NONE', *, *, #4385, .T. ) ;
#5186 = CARTESIAN_POINT ( 'NONE',  ( 8.812026847326234955E-16, 6.900000000000000355, -7.195565981523416532 ) ) ;
#5187 = CARTESIAN_POINT ( 'NONE',  ( -5.976639124038715778, 4.400000000000000355, -3.739289341707823677 ) ) ;
#5188 = PRESENTATION_LAYER_ASSIGNMENT (  '', '', ( #7001 ) ) ;
#5189 = ORIENTED_EDGE ( 'NONE', *, *, #2260, .T. ) ;
#5190 = ORIENTED_EDGE ( 'NONE', *, *, #2170, .F. ) ;
#5191 = SURFACE_STYLE_USAGE ( .BOTH. , #5737 ) ;
#5192 = SURFACE_STYLE_FILL_AREA ( #2736 ) ;
#5193 = FILL_AREA_STYLE ('',( #899 ) ) ;
#5194 = CARTESIAN_POINT ( 'NONE',  ( 5.464635013455913182, 6.950000000000000178, -2.590140400704013857 ) ) ;
#5195 = EDGE_CURVE ( 'NONE', #5351, #8864, #6914, .T. ) ;
#5197 = CIRCLE ( 'NONE', #3699, 0.8740509259961186661 ) ;
#5196 = MECHANICAL_DESIGN_GEOMETRIC_PRESENTATION_REPRESENTATION (  '', ( #6648 ), #3568 ) ;
#5198 = FACE_OUTER_BOUND ( 'NONE', #8147, .T. ) ;
#5199 = AXIS2_PLACEMENT_3D ( 'NONE', #6279, #2015, #4909 ) ;
#5200 = CARTESIAN_POINT ( 'NONE',  ( -3.517879180194027455, 0.000000000000000000, -6.393145474984837762 ) ) ;
#5201 = COLOUR_RGB ( '',1.000000000000000000, 1.000000000000000000, 1.000000000000000000 ) ;
#5202 = CARTESIAN_POINT ( 'NONE',  ( -6.193145474984825150, 4.400000000000000355, -3.864289341707824121 ) ) ;
#5203 = ORIENTED_EDGE ( 'NONE', *, *, #609, .F. ) ;
#5204 = DIRECTION ( 'NONE',  ( 0.000000000000000000, 1.000000000000000000, 0.000000000000000000 ) ) ;
#5205 = EDGE_CURVE ( 'NONE', #2642, #5223, #7050, .T. ) ;
#5206 = FILL_AREA_STYLE_COLOUR ( '', #4053 ) ;
#5207 = CARTESIAN_POINT ( 'NONE',  ( 0.000000000000000000, 0.000000000000000000, -4.414999999999999147 ) ) ;
#5208 = ORIENTED_EDGE ( 'NONE', *, *, #7127, .T. ) ;
#5209 = SURFACE_STYLE_FILL_AREA ( #6510 ) ;
#5210 = COLOUR_RGB ( '',1.000000000000000000, 1.000000000000000000, 1.000000000000000000 ) ;
#5211 = FACE_OUTER_BOUND ( 'NONE', #2081, .T. ) ;
#5212 = MECHANICAL_DESIGN_GEOMETRIC_PRESENTATION_REPRESENTATION (  '', ( #4585 ), #3468 ) ;
#5213 = SURFACE_SIDE_STYLE ('',( #5114 ) ) ;
#5214 = AXIS2_PLACEMENT_3D ( 'NONE', #1665, #2999, #8781 ) ;
#5215 = DIRECTION ( 'NONE',  ( 0.000000000000000000, 0.000000000000000000, 1.000000000000000000 ) ) ;
#5216 =( NAMED_UNIT ( * ) PLANE_ANGLE_UNIT ( ) SI_UNIT ( $, .RADIAN. ) );
#5217 =( GEOMETRIC_REPRESENTATION_CONTEXT ( 3 ) GLOBAL_UNCERTAINTY_ASSIGNED_CONTEXT ( ( #7374 ) ) GLOBAL_UNIT_ASSIGNED_CONTEXT ( ( #5767, #175, #2222 ) ) REPRESENTATION_CONTEXT ( 'NONE', 'WORKASPACE' ) );
#5218 = ORIENTED_EDGE ( 'NONE', *, *, #4856, .F. ) ;
#5219 = CARTESIAN_POINT ( 'NONE',  ( 0.000000000000000000, -28.50000000000000000, -4.764999999999998792 ) ) ;
#5220 = ADVANCED_FACE ( 'NONE', ( #8829 ), #2978, .T. ) ;
#5221 =( NAMED_UNIT ( * ) PLANE_ANGLE_UNIT ( ) SI_UNIT ( $, .RADIAN. ) );
#5222 = PRESENTATION_STYLE_ASSIGNMENT (( #299 ) ) ;
#5223 = VERTEX_POINT ( 'NONE', #2543 ) ;
#5224 = FACE_OUTER_BOUND ( 'NONE', #7557, .T. ) ;
#5225 = STYLED_ITEM ( 'NONE', ( #4594 ), #5220 ) ;
#5226 = DIRECTION ( 'NONE',  ( 0.000000000000000000, 1.000000000000000000, 0.000000000000000000 ) ) ;
#5227 = UNCERTAINTY_MEASURE_WITH_UNIT (LENGTH_MEASURE( 1.000000000000000082E-05 ), #5845, 'distance_accuracy_value', 'NONE');
#5228 = EDGE_CURVE ( 'NONE', #2675, #130, #8403, .T. ) ;
#5229 = DIRECTION ( 'NONE',  ( 0.000000000000000000, 0.000000000000000000, 1.000000000000000000 ) ) ;
#5230 =( NAMED_UNIT ( * ) PLANE_ANGLE_UNIT ( ) SI_UNIT ( $, .RADIAN. ) );
#5231 = ORIENTED_EDGE ( 'NONE', *, *, #5640, .T. ) ;
#5232 = FILL_AREA_STYLE ('',( #6618 ) ) ;
#5233 = DIRECTION ( 'NONE',  ( 0.000000000000000000, 0.000000000000000000, 1.000000000000000000 ) ) ;
#5234 = DIRECTION ( 'NONE',  ( -0.000000000000000000, -1.000000000000000000, -0.000000000000000000 ) ) ;
#5235 = PRESENTATION_STYLE_ASSIGNMENT (( #697 ) ) ;
#5236 = LINE ( 'NONE', #3127, #7371 ) ;
#5237 = DIRECTION ( 'NONE',  ( 0.000000000000000000, 0.000000000000000000, -1.000000000000000000 ) ) ;
#5238 = UNCERTAINTY_MEASURE_WITH_UNIT (LENGTH_MEASURE( 1.000000000000000082E-05 ), #3786, 'distance_accuracy_value', 'NONE');
#5239 = MECHANICAL_DESIGN_GEOMETRIC_PRESENTATION_REPRESENTATION (  '', ( #1138 ), #2101 ) ;
#5240 =( NAMED_UNIT ( * ) SI_UNIT ( $, .STERADIAN. ) SOLID_ANGLE_UNIT ( ) );
#5241 =( NAMED_UNIT ( * ) SI_UNIT ( $, .STERADIAN. ) SOLID_ANGLE_UNIT ( ) );
#5242 = EDGE_CURVE ( 'NONE', #4085, #6418, #2016, .T. ) ;
#5243 = COLOUR_RGB ( '',0.2509803921568627416, 0.2509803921568627416, 0.2509803921568627416 ) ;
#5244 = DIRECTION ( 'NONE',  ( -0.000000000000000000, -1.000000000000000000, -0.000000000000000000 ) ) ;
#5245 = VERTEX_POINT ( 'NONE', #8342 ) ;
#5246 = AXIS2_PLACEMENT_3D ( 'NONE', #6347, #2165, #7847 ) ;
#5247 = DIRECTION ( 'NONE',  ( -0.000000000000000000, -1.000000000000000000, -0.000000000000000000 ) ) ;
#5248 = DIRECTION ( 'NONE',  ( -0.000000000000000000, -1.000000000000000000, -0.000000000000000000 ) ) ;
#5249 = SURFACE_SIDE_STYLE ('',( #228 ) ) ;
#5250 = CARTESIAN_POINT ( 'NONE',  ( 6.106542934606381756, 4.400000000000000355, -3.814289341707823855 ) ) ;
#5251 = CARTESIAN_POINT ( 'NONE',  ( 1.450342312386934340, 6.950000000000000178, 2.743934908718901777 ) ) ;
#5252 = ORIENTED_EDGE ( 'NONE', *, *, #7308, .T. ) ;
#5253 = AXIS2_PLACEMENT_3D ( 'NONE', #4056, #9073, #6172 ) ;
#5254 = FILL_AREA_STYLE ('',( #5158 ) ) ;
#5255 = DIRECTION ( 'NONE',  ( 0.000000000000000000, 1.000000000000000000, 0.000000000000000000 ) ) ;
#5256 = VECTOR ( 'NONE', #3199, 1000.000000000000000 ) ;
#5257 =( NAMED_UNIT ( * ) PLANE_ANGLE_UNIT ( ) SI_UNIT ( $, .RADIAN. ) );
#5258 = CARTESIAN_POINT ( 'NONE',  ( 0.000000000000000000, 4.400000000000000355, 0.000000000000000000 ) ) ;
#5259 = DIRECTION ( 'NONE',  ( 0.000000000000000000, 0.000000000000000000, 1.000000000000000000 ) ) ;
#5260 = DIRECTION ( 'NONE',  ( 0.000000000000000000, 0.000000000000000000, 1.000000000000000000 ) ) ;
#5261 = ADVANCED_FACE ( 'NONE', ( #1027 ), #2631, .F. ) ;
#5262 =( LENGTH_UNIT ( ) NAMED_UNIT ( * ) SI_UNIT ( .MILLI., .METRE. ) );
#5263 = EDGE_CURVE ( 'NONE', #2231, #310, #4131, .T. ) ;
#5264 = AXIS2_PLACEMENT_3D ( 'NONE', #7481, #1810, #5281 ) ;
#5265 = ORIENTED_EDGE ( 'NONE', *, *, #1435, .T. ) ;
#5266 = LINE ( 'NONE', #5912, #1163 ) ;
#5267 = DIRECTION ( 'NONE',  ( 0.000000000000000000, 0.000000000000000000, 1.000000000000000000 ) ) ;
#5268 = MECHANICAL_DESIGN_GEOMETRIC_PRESENTATION_REPRESENTATION (  '', ( #3170 ), #5570 ) ;
#5269 = CARTESIAN_POINT ( 'NONE',  ( -4.445012361338021023, 6.950000000000000178, -2.587782488400166780 ) ) ;
#5270 = DIRECTION ( 'NONE',  ( -1.961028958683924680E-17, 0.000000000000000000, 1.000000000000000000 ) ) ;
#5271 = DIRECTION ( 'NONE',  ( 0.000000000000000000, 0.000000000000000000, 1.000000000000000000 ) ) ;
#5272 = LINE ( 'NONE', #876, #6294 ) ;
#5273 = FILL_AREA_STYLE_COLOUR ( '', #7081 ) ;
#5274 = DIRECTION ( 'NONE',  ( 0.000000000000000000, 0.000000000000000000, 1.000000000000000000 ) ) ;
#5275 = CYLINDRICAL_SURFACE ( 'NONE', #8761, 0.09999999999999999167 ) ;
#5276 = DIRECTION ( 'NONE',  ( 0.000000000000000000, 0.000000000000000000, 1.000000000000000000 ) ) ;
#5277 = ORIENTED_EDGE ( 'NONE', *, *, #1973, .T. ) ;
#5278 = VERTEX_POINT ( 'NONE', #3232 ) ;
#5279 = ORIENTED_EDGE ( 'NONE', *, *, #1997, .F. ) ;
#5280 = DIRECTION ( 'NONE',  ( 0.000000000000000000, 0.000000000000000000, 1.000000000000000000 ) ) ;
#5281 = DIRECTION ( 'NONE',  ( 0.000000000000000000, 0.000000000000000000, 1.000000000000000000 ) ) ;
#5282 = VERTEX_POINT ( 'NONE', #4721 ) ;
#5283 = PRESENTATION_STYLE_ASSIGNMENT (( #4109 ) ) ;
#5284 =( GEOMETRIC_REPRESENTATION_CONTEXT ( 3 ) GLOBAL_UNCERTAINTY_ASSIGNED_CONTEXT ( ( #4686 ) ) GLOBAL_UNIT_ASSIGNED_CONTEXT ( ( #8988, #3143, #8186 ) ) REPRESENTATION_CONTEXT ( 'NONE', 'WORKASPACE' ) );
#5285 = EDGE_CURVE ( 'NONE', #989, #2205, #7480, .T. ) ;
#5286 = LINE ( 'NONE', #2431, #7879 ) ;
#5287 = ORIENTED_EDGE ( 'NONE', *, *, #5048, .T. ) ;
#5288 = PRESENTATION_STYLE_ASSIGNMENT (( #4330 ) ) ;
#5289 = VERTEX_POINT ( 'NONE', #3709 ) ;
#5290 = VERTEX_POINT ( 'NONE', #7540 ) ;
#5291 = EDGE_LOOP ( 'NONE', ( #7730, #762, #3160, #6212 ) ) ;
#5292 = UNCERTAINTY_MEASURE_WITH_UNIT (LENGTH_MEASURE( 1.000000000000000082E-05 ), #499, 'distance_accuracy_value', 'NONE');
#5293 = SURFACE_STYLE_FILL_AREA ( #5690 ) ;
#5294 =( NAMED_UNIT ( * ) PLANE_ANGLE_UNIT ( ) SI_UNIT ( $, .RADIAN. ) );
#5295 = VECTOR ( 'NONE', #9068, 1000.000000000000000 ) ;
#5296 = CARTESIAN_POINT ( 'NONE',  ( -6.356542934606381756, 0.000000000000000000, -3.381276639815605556 ) ) ;
#5297 = EDGE_LOOP ( 'NONE', ( #4201, #771, #539, #6300 ) ) ;
#5298 = STYLED_ITEM ( 'NONE', ( #3882 ), #5858 ) ;
#5299 = DIRECTION ( 'NONE',  ( -0.8660254037844395958, 0.000000000000000000, 0.4999999999999984457 ) ) ;
#5300 = VERTEX_POINT ( 'NONE', #8053 ) ;
#5301 = EDGE_LOOP ( 'NONE', ( #397, #4751, #3519, #1640 ) ) ;
#5302 = LINE ( 'NONE', #5109, #9031 ) ;
#5303 = VERTEX_POINT ( 'NONE', #4381 ) ;
#5304 = CARTESIAN_POINT ( 'NONE',  ( 0.000000000000000000, 0.000000000000000000, 0.000000000000000000 ) ) ;
#5305 = EDGE_CURVE ( 'NONE', #2904, #3054, #913, .T. ) ;
#5306 = UNCERTAINTY_MEASURE_WITH_UNIT (LENGTH_MEASURE( 1.000000000000000082E-05 ), #2027, 'distance_accuracy_value', 'NONE');
#5307 = EDGE_LOOP ( 'NONE', ( #7189, #6547, #764, #5077 ) ) ;
#5308 = SURFACE_SIDE_STYLE ('',( #8090 ) ) ;
#5309 = CARTESIAN_POINT ( 'NONE',  ( -3.467879180194027633, 4.400000000000000355, 6.306542934606394368 ) ) ;
#5310 = ADVANCED_FACE ( 'NONE', ( #4237 ), #6660, .F. ) ;
#5311 =( GEOMETRIC_REPRESENTATION_CONTEXT ( 3 ) GLOBAL_UNCERTAINTY_ASSIGNED_CONTEXT ( ( #7149 ) ) GLOBAL_UNIT_ASSIGNED_CONTEXT ( ( #4013, #9036, #6713 ) ) REPRESENTATION_CONTEXT ( 'NONE', 'WORKASPACE' ) );
#5312 = CYLINDRICAL_SURFACE ( 'NONE', #2507, 7.049999999999999822 ) ;
#5313 =( NAMED_UNIT ( * ) PLANE_ANGLE_UNIT ( ) SI_UNIT ( $, .RADIAN. ) );
#5314 = CARTESIAN_POINT ( 'NONE',  ( -3.306276639815583618, 0.000000000000000000, 6.226639124038727324 ) ) ;
#5315 = PRESENTATION_LAYER_ASSIGNMENT (  '', '', ( #1631 ) ) ;
#5316 = LINE ( 'NONE', #7702, #777 ) ;
#5317 = ADVANCED_FACE ( 'NONE', ( #1451 ), #356, .T. ) ;
#5318 = FACE_OUTER_BOUND ( 'NONE', #4582, .T. ) ;
#5319 = VECTOR ( 'NONE', #115, 1000.000000000000000 ) ;
#5320 = CYLINDRICAL_SURFACE ( 'NONE', #3805, 0.09999999999999982514 ) ;
#5321 = PLANE ( 'NONE',  #111 ) ;
#5322 = FACE_OUTER_BOUND ( 'NONE', #4687, .T. ) ;
#5323 = EDGE_CURVE ( 'NONE', #7184, #4859, #6016, .T. ) ;
#5324 = EDGE_CURVE ( 'NONE', #7666, #8665, #1793, .T. ) ;
#5325 = STYLED_ITEM ( 'NONE', ( #3285 ), #8080 ) ;
#5326 = DIRECTION ( 'NONE',  ( 0.000000000000000000, 1.000000000000000000, 0.000000000000000000 ) ) ;
#5327 = MECHANICAL_DESIGN_GEOMETRIC_PRESENTATION_REPRESENTATION (  '', ( #2473 ), #6594 ) ;
#5328 = DIRECTION ( 'NONE',  ( 0.000000000000000000, 1.000000000000000000, 0.000000000000000000 ) ) ;
#5329 = ORIENTED_EDGE ( 'NONE', *, *, #2211, .F. ) ;
#5330 = COLOUR_RGB ( '',0.9098039215686274384, 0.4431372549019607643, 0.03137254901960784270 ) ;
#5331 =( LENGTH_UNIT ( ) NAMED_UNIT ( * ) SI_UNIT ( .MILLI., .METRE. ) );
#5332 = VECTOR ( 'NONE', #1100, 1000.000000000000000 ) ;
#5333 = CIRCLE ( 'NONE', #27, 0.8422889805429389920 ) ;
#5334 = SURFACE_STYLE_FILL_AREA ( #3533 ) ;
#5335 =( NAMED_UNIT ( * ) SI_UNIT ( $, .STERADIAN. ) SOLID_ANGLE_UNIT ( ) );
#5336 = ADVANCED_FACE ( 'NONE', ( #8293 ), #2438, .F. ) ;
#5337 = FACE_OUTER_BOUND ( 'NONE', #7147, .T. ) ;
#5338 = AXIS2_PLACEMENT_3D ( 'NONE', #2877, #6390, #5036 ) ;
#5339 = ORIENTED_EDGE ( 'NONE', *, *, #5324, .T. ) ;
#5340 = FILL_AREA_STYLE_COLOUR ( '', #3787 ) ;
#5341 = AXIS2_PLACEMENT_3D ( 'NONE', #6326, #5644, #3542 ) ;
#5342 = DIRECTION ( 'NONE',  ( -0.000000000000000000, 1.000000000000000000, -0.000000000000000000 ) ) ;
#5343 = EDGE_CURVE ( 'NONE', #5282, #1134, #4120, .T. ) ;
#5344 = PRESENTATION_STYLE_ASSIGNMENT (( #497 ) ) ;
#5345 = CARTESIAN_POINT ( 'NONE',  ( -0.4326952959729711279, 7.000000000000000888, -2.920037483163025360 ) ) ;
#5346 = VERTEX_POINT ( 'NONE', #1759 ) ;
#5347 = CIRCLE ( 'NONE', #2146, 0.1000000000000002554 ) ;
#5348 =( NAMED_UNIT ( * ) SI_UNIT ( $, .STERADIAN. ) SOLID_ANGLE_UNIT ( ) );
#5349 = AXIS2_PLACEMENT_3D ( 'NONE', #1892, #2593, #6599 ) ;
#5350 = LINE ( 'NONE', #843, #3445 ) ;
#5351 = VERTEX_POINT ( 'NONE', #6755 ) ;
#5352 = EDGE_CURVE ( 'NONE', #8191, #7292, #903, .T. ) ;
#5353 = COLOUR_RGB ( '',0.2509803921568627416, 0.2509803921568627416, 0.2509803921568627416 ) ;
#5354 = DIRECTION ( 'NONE',  ( 1.000000000000000000, 0.000000000000000000, 0.000000000000000000 ) ) ;
#5355 = UNCERTAINTY_MEASURE_WITH_UNIT (LENGTH_MEASURE( 1.000000000000000082E-05 ), #1443, 'distance_accuracy_value', 'NONE');
#5356 = DIRECTION ( 'NONE',  ( 0.000000000000000000, -1.000000000000000000, 0.000000000000000000 ) ) ;
#5357 = EDGE_CURVE ( 'NONE', #6072, #8438, #6355, .T. ) ;
#5358 = ADVANCED_FACE ( 'NONE', ( #5337 ), #6164, .F. ) ;
#5359 = AXIS2_PLACEMENT_3D ( 'NONE', #8392, #4710, #5595 ) ;
#5360 = DIRECTION ( 'NONE',  ( 0.000000000000000000, 0.000000000000000000, -1.000000000000000000 ) ) ;
#5361 = LINE ( 'NONE', #9108, #6700 ) ;
#5362 = ORIENTED_EDGE ( 'NONE', *, *, #879, .F. ) ;
#5363 = FILL_AREA_STYLE_COLOUR ( '', #1467 ) ;
#5364 = FILL_AREA_STYLE_COLOUR ( '', #7469 ) ;
#5365 = SURFACE_STYLE_USAGE ( .BOTH. , #8921 ) ;
#5366 = STYLED_ITEM ( 'NONE', ( #6541 ), #2004 ) ;
#5367 = STYLED_ITEM ( 'NONE', ( #9004 ), #6810 ) ;
#5368 = CYLINDRICAL_SURFACE ( 'NONE', #772, 0.8739032405144261384 ) ;
#5369 = CARTESIAN_POINT ( 'NONE',  ( 3.306276639815583618, 4.400000000000000355, 6.226639124038727324 ) ) ;
#5370 = CARTESIAN_POINT ( 'NONE',  ( -3.381276639815583795, 0.000000000000000000, -6.356542934606394191 ) ) ;
#5371 = PRESENTATION_STYLE_ASSIGNMENT (( #6492 ) ) ;
#5372 = CARTESIAN_POINT ( 'NONE',  ( 6.226639124038715778, 0.000000000000000000, 3.306276639815604934 ) ) ;
#5373 = CARTESIAN_POINT ( 'NONE',  ( -3.819643761461755549, 0.000000000000000000, -5.925607271455500147 ) ) ;
#5374 = SURFACE_STYLE_FILL_AREA ( #8757 ) ;
#5375 = PRESENTATION_LAYER_ASSIGNMENT (  '', '', ( #1920 ) ) ;
#5376 = AXIS2_PLACEMENT_3D ( 'NONE', #3494, #4919, #4996 ) ;
#5377 =( NAMED_UNIT ( * ) PLANE_ANGLE_UNIT ( ) SI_UNIT ( $, .RADIAN. ) );
#5378 = LINE ( 'NONE', #1217, #1390 ) ;
#5379 = PRESENTATION_LAYER_ASSIGNMENT (  '', '', ( #5678 ) ) ;
#5380 = ORIENTED_EDGE ( 'NONE', *, *, #970, .T. ) ;
#5381 = FILL_AREA_STYLE_COLOUR ( '', #9127 ) ;
#5382 = VERTEX_POINT ( 'NONE', #8272 ) ;
#5383 =( LENGTH_UNIT ( ) NAMED_UNIT ( * ) SI_UNIT ( .MILLI., .METRE. ) );
#5384 = DIRECTION ( 'NONE',  ( 0.000000000000000000, 0.000000000000000000, -1.000000000000000000 ) ) ;
#5385 = ORIENTED_EDGE ( 'NONE', *, *, #7424, .F. ) ;
#5386 = VECTOR ( 'NONE', #4511, 1000.000000000000000 ) ;
#5387 =( NAMED_UNIT ( * ) SI_UNIT ( $, .STERADIAN. ) SOLID_ANGLE_UNIT ( ) );
#5388 = CYLINDRICAL_SURFACE ( 'NONE', #2456, 6.924999999999999822 ) ;
#5389 = AXIS2_PLACEMENT_3D ( 'NONE', #3072, #4549, #5948 ) ;
#5390 = DIRECTION ( 'NONE',  ( 0.000000000000000000, 0.000000000000000000, 1.000000000000000000 ) ) ;
#5391 =( GEOMETRIC_REPRESENTATION_CONTEXT ( 3 ) GLOBAL_UNCERTAINTY_ASSIGNED_CONTEXT ( ( #8322 ) ) GLOBAL_UNIT_ASSIGNED_CONTEXT ( ( #6588, #8040, #3128 ) ) REPRESENTATION_CONTEXT ( 'NONE', 'WORKASPACE' ) );
#5392 = SURFACE_SIDE_STYLE ('',( #8748 ) ) ;
#5393 = DIRECTION ( 'NONE',  ( 5.204170427930430118E-14, 0.000000000000000000, 1.000000000000000000 ) ) ;
#5394 = ORIENTED_EDGE ( 'NONE', *, *, #9044, .F. ) ;
#5395 = FILL_AREA_STYLE ('',( #320 ) ) ;
#5396 = VERTEX_POINT ( 'NONE', #3215 ) ;
#5397 =( NAMED_UNIT ( * ) SI_UNIT ( $, .STERADIAN. ) SOLID_ANGLE_UNIT ( ) );
#5398 = SURFACE_SIDE_STYLE ('',( #6567 ) ) ;
#5399 = VERTEX_POINT ( 'NONE', #6814 ) ;
#5400 = DIRECTION ( 'NONE',  ( 0.000000000000000000, 0.000000000000000000, -1.000000000000000000 ) ) ;
#5401 = EDGE_LOOP ( 'NONE', ( #2737, #6494, #4352, #2467 ) ) ;
#5402 = ADVANCED_FACE ( 'NONE', ( #4580 ), #7518, .T. ) ;
#5403 = AXIS2_PLACEMENT_3D ( 'NONE', #2273, #5148, #7987 ) ;
#5404 = ORIENTED_EDGE ( 'NONE', *, *, #8637, .F. ) ;
#5405 = LINE ( 'NONE', #4366, #9236 ) ;
#5406 = CIRCLE ( 'NONE', #5659, 0.1599432929213547849 ) ;
#5407 = EDGE_CURVE ( 'NONE', #8801, #3522, #7030, .T. ) ;
#5408 = UNCERTAINTY_MEASURE_WITH_UNIT (LENGTH_MEASURE( 1.000000000000000082E-05 ), #8622, 'distance_accuracy_value', 'NONE');
#5409 =( GEOMETRIC_REPRESENTATION_CONTEXT ( 3 ) GLOBAL_UNCERTAINTY_ASSIGNED_CONTEXT ( ( #7956 ) ) GLOBAL_UNIT_ASSIGNED_CONTEXT ( ( #8808, #8200, #335 ) ) REPRESENTATION_CONTEXT ( 'NONE', 'WORKASPACE' ) );
#5410 = ORIENTED_EDGE ( 'NONE', *, *, #7140, .F. ) ;
#5411 = VERTEX_POINT ( 'NONE', #4400 ) ;
#5412 = DIRECTION ( 'NONE',  ( 0.000000000000000000, 0.000000000000000000, 1.000000000000000000 ) ) ;
#5413 = FACE_OUTER_BOUND ( 'NONE', #6722, .T. ) ;
#5414 = VECTOR ( 'NONE', #5204, 1000.000000000000000 ) ;
#5415 = COLOUR_RGB ( '',0.2509803921568627416, 0.2509803921568627416, 0.2509803921568627416 ) ;
#5416 =( GEOMETRIC_REPRESENTATION_CONTEXT ( 3 ) GLOBAL_UNCERTAINTY_ASSIGNED_CONTEXT ( ( #5292 ) ) GLOBAL_UNIT_ASSIGNED_CONTEXT ( ( #499, #9087, #5461 ) ) REPRESENTATION_CONTEXT ( 'NONE', 'WORKASPACE' ) );
#5417 = UNCERTAINTY_MEASURE_WITH_UNIT (LENGTH_MEASURE( 1.000000000000000082E-05 ), #8371, 'distance_accuracy_value', 'NONE');
#5418 = CARTESIAN_POINT ( 'NONE',  ( 3.306276639815583618, 0.000000000000000000, 6.226639124038727324 ) ) ;
#5419 = SURFACE_STYLE_USAGE ( .BOTH. , #2588 ) ;
#5420 = DIRECTION ( 'NONE',  ( 0.000000000000000000, 0.000000000000000000, 1.000000000000000000 ) ) ;
#5421 = VECTOR ( 'NONE', #5575, 1000.000000000000000 ) ;
#5422 = DIRECTION ( 'NONE',  ( 0.000000000000000000, 0.000000000000000000, -1.000000000000000000 ) ) ;
#5423 = PRESENTATION_STYLE_ASSIGNMENT (( #384 ) ) ;
#5424 = DIRECTION ( 'NONE',  ( 0.000000000000000000, 0.000000000000000000, 1.000000000000000000 ) ) ;
#5425 = VECTOR ( 'NONE', #4038, 1000.000000000000000 ) ;
#5426 = FILL_AREA_STYLE_COLOUR ( '', #3777 ) ;
#5427 = STYLED_ITEM ( 'NONE', ( #65 ), #2565 ) ;
#5428 =( LENGTH_UNIT ( ) NAMED_UNIT ( * ) SI_UNIT ( .MILLI., .METRE. ) );
#5429 = CARTESIAN_POINT ( 'NONE',  ( 5.437848229521686783, 7.000000000000000888, 2.531868201111808769 ) ) ;
#5430 = CARTESIAN_POINT ( 'NONE',  ( -2.426448254617682210, 7.000000000000000888, -4.310987324483573246 ) ) ;
#5431 = MECHANICAL_DESIGN_GEOMETRIC_PRESENTATION_REPRESENTATION (  '', ( #6097 ), #211 ) ;
#5432 = DIRECTION ( 'NONE',  ( 0.000000000000000000, 0.000000000000000000, -1.000000000000000000 ) ) ;
#5433 = EDGE_LOOP ( 'NONE', ( #45, #7385, #2742, #418 ) ) ;
#5434 = DIRECTION ( 'NONE',  ( 0.000000000000000000, 0.000000000000000000, 1.000000000000000000 ) ) ;
#5435 = SURFACE_STYLE_FILL_AREA ( #1152 ) ;
#5436 = DIRECTION ( 'NONE',  ( 0.000000000000000000, 1.000000000000000000, 0.000000000000000000 ) ) ;
#5437 = SURFACE_STYLE_USAGE ( .BOTH. , #478 ) ;
#5438 = EDGE_LOOP ( 'NONE', ( #9043, #1480, #4395, #2413 ) ) ;
#5439 =( NAMED_UNIT ( * ) PLANE_ANGLE_UNIT ( ) SI_UNIT ( $, .RADIAN. ) );
#5440 = PRESENTATION_STYLE_ASSIGNMENT (( #4558 ) ) ;
#5441 = FILL_AREA_STYLE ('',( #485 ) ) ;
#5442 = FACE_OUTER_BOUND ( 'NONE', #7633, .T. ) ;
#5443 =( GEOMETRIC_REPRESENTATION_CONTEXT ( 3 ) GLOBAL_UNCERTAINTY_ASSIGNED_CONTEXT ( ( #3673 ) ) GLOBAL_UNIT_ASSIGNED_CONTEXT ( ( #1544, #1479, #2408 ) ) REPRESENTATION_CONTEXT ( 'NONE', 'WORKASPACE' ) );
#5444 = ADVANCED_FACE ( 'NONE', ( #4226 ), #7474, .T. ) ;
#5445 =( LENGTH_UNIT ( ) NAMED_UNIT ( * ) SI_UNIT ( .MILLI., .METRE. ) );
#5446 = AXIS2_PLACEMENT_3D ( 'NONE', #1822, #4065, #2890 ) ;
#5447 = DIRECTION ( 'NONE',  ( -0.000000000000000000, -1.000000000000000000, -0.000000000000000000 ) ) ;
#5448 = ADVANCED_FACE ( 'NONE', ( #6785 ), #21, .F. ) ;
#5449 = VERTEX_POINT ( 'NONE', #5751 ) ;
#5450 = SURFACE_STYLE_USAGE ( .BOTH. , #1937 ) ;
#5451 = ADVANCED_FACE ( 'NONE', ( #3211 ), #186, .T. ) ;
#5452 = FILL_AREA_STYLE ('',( #6885 ) ) ;
#5453 = CARTESIAN_POINT ( 'NONE',  ( 3.739289341707803249, 0.000000000000000000, 5.976639124038729101 ) ) ;
#5454 = FILL_AREA_STYLE ('',( #4692 ) ) ;
#5455 = SURFACE_STYLE_USAGE ( .BOTH. , #2014 ) ;
#5456 = FILL_AREA_STYLE ('',( #9052 ) ) ;
#5457 = EDGE_LOOP ( 'NONE', ( #8931, #8849, #1728, #3978 ) ) ;
#5458 = MECHANICAL_DESIGN_GEOMETRIC_PRESENTATION_REPRESENTATION (  '', ( #4983 ), #5927 ) ;
#5459 = EDGE_CURVE ( 'NONE', #8662, #2109, #6583, .T. ) ;
#5460 = LINE ( 'NONE', #5667, #7715 ) ;
#5461 =( NAMED_UNIT ( * ) SI_UNIT ( $, .STERADIAN. ) SOLID_ANGLE_UNIT ( ) );
#5462 = CYLINDRICAL_SURFACE ( 'NONE', #292, 6.500000000000000000 ) ;
#5463 = DIRECTION ( 'NONE',  ( -0.000000000000000000, -1.000000000000000000, -0.000000000000000000 ) ) ;
#5464 = EDGE_CURVE ( 'NONE', #4076, #3826, #13, .T. ) ;
#5465 = DIRECTION ( 'NONE',  ( 0.000000000000000000, 1.000000000000000000, 0.000000000000000000 ) ) ;
#5466 = DIRECTION ( 'NONE',  ( 0.000000000000000000, 0.000000000000000000, -1.000000000000000000 ) ) ;
#5467 = DIRECTION ( 'NONE',  ( 0.000000000000000000, 0.000000000000000000, 1.000000000000000000 ) ) ;
#5468 = VECTOR ( 'NONE', #7946, 1000.000000000000000 ) ;
#5469 = ORIENTED_EDGE ( 'NONE', *, *, #2829, .F. ) ;
#5470 = CIRCLE ( 'NONE', #5143, 0.1000000000000002554 ) ;
#5471 = UNCERTAINTY_MEASURE_WITH_UNIT (LENGTH_MEASURE( 1.000000000000000082E-05 ), #4883, 'distance_accuracy_value', 'NONE');
#5472 = CARTESIAN_POINT ( 'NONE',  ( 6.009658438426486171, 0.000000000000000000, 3.873823105595984639 ) ) ;
#5473 =( GEOMETRIC_REPRESENTATION_CONTEXT ( 3 ) GLOBAL_UNCERTAINTY_ASSIGNED_CONTEXT ( ( #1266 ) ) GLOBAL_UNIT_ASSIGNED_CONTEXT ( ( #7729, #3350, #4159 ) ) REPRESENTATION_CONTEXT ( 'NONE', 'WORKASPACE' ) );
#5474 = DIRECTION ( 'NONE',  ( 0.000000000000000000, 0.000000000000000000, -1.000000000000000000 ) ) ;
#5475 = DIRECTION ( 'NONE',  ( -0.000000000000000000, -1.000000000000000000, -0.000000000000000000 ) ) ;
#5476 = FILL_AREA_STYLE ('',( #8420 ) ) ;
#5477 =( NAMED_UNIT ( * ) SI_UNIT ( $, .STERADIAN. ) SOLID_ANGLE_UNIT ( ) );
#5478 = FILL_AREA_STYLE ('',( #1978 ) ) ;
#5479 =( NAMED_UNIT ( * ) PLANE_ANGLE_UNIT ( ) SI_UNIT ( $, .RADIAN. ) );
#5480 = STYLED_ITEM ( 'NONE', ( #1085 ), #2379 ) ;
#5481 = AXIS2_PLACEMENT_3D ( 'NONE', #7850, #7126, #1347 ) ;
#5482 =( NAMED_UNIT ( * ) PLANE_ANGLE_UNIT ( ) SI_UNIT ( $, .RADIAN. ) );
#5483 = FACE_OUTER_BOUND ( 'NONE', #302, .T. ) ;
#5484 = CARTESIAN_POINT ( 'NONE',  ( 0.000000000000000000, 7.000000000000000888, 0.000000000000000000 ) ) ;
#5485 = PRESENTATION_LAYER_ASSIGNMENT (  '', '', ( #2566 ) ) ;
#5486 = VECTOR ( 'NONE', #8845, 1000.000000000000000 ) ;
#5487 = CARTESIAN_POINT ( 'NONE',  ( 0.000000000000000000, 0.000000000000000000, 4.764999999999999680 ) ) ;
#5488 = DIRECTION ( 'NONE',  ( -0.000000000000000000, -1.000000000000000000, -0.000000000000000000 ) ) ;
#5489 = LINE ( 'NONE', #4290, #6296 ) ;
#5490 = ORIENTED_EDGE ( 'NONE', *, *, #3309, .T. ) ;
#5491 =( NAMED_UNIT ( * ) PLANE_ANGLE_UNIT ( ) SI_UNIT ( $, .RADIAN. ) );
#5492 = SURFACE_SIDE_STYLE ('',( #3065 ) ) ;
#5493 = CARTESIAN_POINT ( 'NONE',  ( -3.221904549199348544, 0.000000000000000000, 6.270712166560393541 ) ) ;
#5494 = CARTESIAN_POINT ( 'NONE',  ( 3.787220565217520818, 0.000000000000000000, -6.059658438426500204 ) ) ;
#5495 = ADVANCED_FACE ( 'NONE', ( #1361 ), #1453, .T. ) ;
#5496 = CIRCLE ( 'NONE', #4188, 0.09999999999999982514 ) ;
#5497 = MECHANICAL_DESIGN_GEOMETRIC_PRESENTATION_REPRESENTATION (  '', ( #7129 ), #5977 ) ;
#5498 = ORIENTED_EDGE ( 'NONE', *, *, #9254, .F. ) ;
#5499 = ORIENTED_EDGE ( 'NONE', *, *, #1017, .F. ) ;
#5500 = EDGE_LOOP ( 'NONE', ( #5722, #9010 ) ) ;
#5501 = LINE ( 'NONE', #6864, #9116 ) ;
#5502 = PRESENTATION_STYLE_ASSIGNMENT (( #6669 ) ) ;
#5503 =( LENGTH_UNIT ( ) NAMED_UNIT ( * ) SI_UNIT ( .MILLI., .METRE. ) );
#5504 = FILL_AREA_STYLE ('',( #8974 ) ) ;
#5505 = ORIENTED_EDGE ( 'NONE', *, *, #8478, .T. ) ;
#5506 =( GEOMETRIC_REPRESENTATION_CONTEXT ( 3 ) GLOBAL_UNCERTAINTY_ASSIGNED_CONTEXT ( ( #3057 ) ) GLOBAL_UNIT_ASSIGNED_CONTEXT ( ( #2883, #4340, #4253 ) ) REPRESENTATION_CONTEXT ( 'NONE', 'WORKASPACE' ) );
#5507 = MECHANICAL_DESIGN_GEOMETRIC_PRESENTATION_REPRESENTATION (  '', ( #8169 ), #2312 ) ;
#5508 = CARTESIAN_POINT ( 'NONE',  ( -4.445012361338021023, 6.950000000000000178, -2.587782488400166780 ) ) ;
#5509 = CARTESIAN_POINT ( 'NONE',  ( 1.585573439717987920, 7.000000000000000888, -3.510779100601223224 ) ) ;
#5510 = PRESENTATION_LAYER_ASSIGNMENT (  '', '', ( #7625 ) ) ;
#5511 = DIRECTION ( 'NONE',  ( 0.000000000000000000, 0.000000000000000000, 1.000000000000000000 ) ) ;
#5512 = ORIENTED_EDGE ( 'NONE', *, *, #8172, .F. ) ;
#5513 = FILL_AREA_STYLE_COLOUR ( '', #6718 ) ;
#5514 = FACE_OUTER_BOUND ( 'NONE', #8892, .T. ) ;
#5515 = EDGE_LOOP ( 'NONE', ( #6811, #5279, #957, #75 ) ) ;
#5516 =( GEOMETRIC_REPRESENTATION_CONTEXT ( 3 ) GLOBAL_UNCERTAINTY_ASSIGNED_CONTEXT ( ( #4849 ) ) GLOBAL_UNIT_ASSIGNED_CONTEXT ( ( #8817, #5879, #2355 ) ) REPRESENTATION_CONTEXT ( 'NONE', 'WORKASPACE' ) );
#5517 = FILL_AREA_STYLE ('',( #3319 ) ) ;
#5518 = EDGE_CURVE ( 'NONE', #1338, #7094, #5118, .T. ) ;
#5519 = FILL_AREA_STYLE ('',( #558 ) ) ;
#5520 = MECHANICAL_DESIGN_GEOMETRIC_PRESENTATION_REPRESENTATION (  '', ( #7451 ), #6964 ) ;
#5521 = FACE_OUTER_BOUND ( 'NONE', #8472, .T. ) ;
#5522 = EDGE_LOOP ( 'NONE', ( #6135, #753, #665, #1197 ) ) ;
#5523 = DIRECTION ( 'NONE',  ( -0.000000000000000000, -1.000000000000000000, -0.000000000000000000 ) ) ;
#5524 =( LENGTH_UNIT ( ) NAMED_UNIT ( * ) SI_UNIT ( .MILLI., .METRE. ) );
#5525 = ORIENTED_EDGE ( 'NONE', *, *, #3746, .F. ) ;
#5526 = ADVANCED_FACE ( 'NONE', ( #5224 ), #749, .F. ) ;
#5527 = VERTEX_POINT ( 'NONE', #4280 ) ;
#5528 = VECTOR ( 'NONE', #8104, 1000.000000000000000 ) ;
#5529 = ORIENTED_EDGE ( 'NONE', *, *, #8361, .F. ) ;
#5530 = UNCERTAINTY_MEASURE_WITH_UNIT (LENGTH_MEASURE( 1.000000000000000082E-05 ), #721, 'distance_accuracy_value', 'NONE');
#5531 = CARTESIAN_POINT ( 'NONE',  ( -3.787220565217521262, 0.000000000000000000, 6.059658438426501093 ) ) ;
#5532 = VECTOR ( 'NONE', #918, 1000.000000000000000 ) ;
#5533 = CARTESIAN_POINT ( 'NONE',  ( -6.270712166560381995, 0.000000000000000000, 3.221904549199370749 ) ) ;
#5534 = VECTOR ( 'NONE', #6844, 1000.000000000000000 ) ;
#5535 = EDGE_LOOP ( 'NONE', ( #2290, #4745 ) ) ;
#5536 = EDGE_CURVE ( 'NONE', #1737, #1084, #3317, .T. ) ;
#5537 = COLOUR_RGB ( '',0.2509803921568627416, 0.2509803921568627416, 0.2509803921568627416 ) ;
#5538 = ADVANCED_FACE ( 'NONE', ( #9062 ), #1121, .F. ) ;
#5539 = SURFACE_STYLE_USAGE ( .BOTH. , #5568 ) ;
#5540 = CARTESIAN_POINT ( 'NONE',  ( 0.000000000000000000, -1.549999999999999822, 0.000000000000000000 ) ) ;
#5541 = MECHANICAL_DESIGN_GEOMETRIC_PRESENTATION_REPRESENTATION (  '', ( #4243 ), #3256 ) ;
#5542 = COLOUR_RGB ( '',0.2509803921568627416, 0.2509803921568627416, 0.2509803921568627416 ) ;
#5543 = AXIS2_PLACEMENT_3D ( 'NONE', #4474, #276, #5233 ) ;
#5544 = CARTESIAN_POINT ( 'NONE',  ( -3.381276639815584240, 0.000000000000000000, 6.356542934606394191 ) ) ;
#5545 = ADVANCED_FACE ( 'NONE', ( #1568 ), #8505, .F. ) ;
#5546 = DIRECTION ( 'NONE',  ( 0.8660254037844380415, 0.000000000000000000, 0.5000000000000009992 ) ) ;
#5547 = CARTESIAN_POINT ( 'NONE',  ( -6.243145474984824972, 4.400000000000000355, -3.777686801329381172 ) ) ;
#5548 =( NAMED_UNIT ( * ) SI_UNIT ( $, .STERADIAN. ) SOLID_ANGLE_UNIT ( ) );
#5549 = SURFACE_SIDE_STYLE ('',( #210 ) ) ;
#5550 = ORIENTED_EDGE ( 'NONE', *, *, #6082, .F. ) ;
#5551 = FILL_AREA_STYLE_COLOUR ( '', #2592 ) ;
#5552 = LINE ( 'NONE', #8264, #7 ) ;
#5553 = PRESENTATION_STYLE_ASSIGNMENT (( #2158 ) ) ;
#5554 = DIRECTION ( 'NONE',  ( -0.8660254037844380415, -0.000000000000000000, 0.5000000000000009992 ) ) ;
#5555 = VECTOR ( 'NONE', #2797, 1000.000000000000000 ) ;
#5556 = DIRECTION ( 'NONE',  ( 0.000000000000000000, 0.000000000000000000, 1.000000000000000000 ) ) ;
#5557 = STYLED_ITEM ( 'NONE', ( #1015 ), #7526 ) ;
#5558 = DIRECTION ( 'NONE',  ( -0.000000000000000000, -1.000000000000000000, -0.000000000000000000 ) ) ;
#5559 = FILL_AREA_STYLE ('',( #6873 ) ) ;
#5560 = PRESENTATION_STYLE_ASSIGNMENT (( #1575 ) ) ;
#5561 = ORIENTED_EDGE ( 'NONE', *, *, #9204, .F. ) ;
#5562 = PRESENTATION_STYLE_ASSIGNMENT (( #2350 ) ) ;
#5563 = EDGE_CURVE ( 'NONE', #1601, #5172, #4584, .T. ) ;
#5564 = ORIENTED_EDGE ( 'NONE', *, *, #7026, .F. ) ;
#5565 = EDGE_CURVE ( 'NONE', #5527, #6369, #3433, .T. ) ;
#5566 =( GEOMETRIC_REPRESENTATION_CONTEXT ( 3 ) GLOBAL_UNCERTAINTY_ASSIGNED_CONTEXT ( ( #8802 ) ) GLOBAL_UNIT_ASSIGNED_CONTEXT ( ( #7966, #2198, #3823 ) ) REPRESENTATION_CONTEXT ( 'NONE', 'WORKASPACE' ) );
#5567 = COLOUR_RGB ( '',0.2509803921568627416, 0.2509803921568627416, 0.2509803921568627416 ) ;
#5568 = SURFACE_SIDE_STYLE ('',( #3975 ) ) ;
#5569 = ORIENTED_EDGE ( 'NONE', *, *, #4895, .F. ) ;
#5570 =( GEOMETRIC_REPRESENTATION_CONTEXT ( 3 ) GLOBAL_UNCERTAINTY_ASSIGNED_CONTEXT ( ( #7606 ) ) GLOBAL_UNIT_ASSIGNED_CONTEXT ( ( #5524, #629, #563 ) ) REPRESENTATION_CONTEXT ( 'NONE', 'WORKASPACE' ) );
#5571 =( LENGTH_UNIT ( ) NAMED_UNIT ( * ) SI_UNIT ( .MILLI., .METRE. ) );
#5572 = DIRECTION ( 'NONE',  ( 0.000000000000000000, 0.000000000000000000, 1.000000000000000000 ) ) ;
#5573 = ORIENTED_EDGE ( 'NONE', *, *, #2763, .T. ) ;
#5574 = DIRECTION ( 'NONE',  ( -0.000000000000000000, 1.000000000000000000, -0.000000000000000000 ) ) ;
#5575 = DIRECTION ( 'NONE',  ( -0.000000000000000000, -1.000000000000000000, -0.000000000000000000 ) ) ;
#5576 = UNCERTAINTY_MEASURE_WITH_UNIT (LENGTH_MEASURE( 1.000000000000000082E-05 ), #5428, 'distance_accuracy_value', 'NONE');
#5577 = CIRCLE ( 'NONE', #8509, 0.1000000000000002554 ) ;
#5578 = SURFACE_STYLE_USAGE ( .BOTH. , #5549 ) ;
#5579 = SURFACE_SIDE_STYLE ('',( #4587 ) ) ;
#5580 = SURFACE_STYLE_USAGE ( .BOTH. , #6928 ) ;
#5581 = DIRECTION ( 'NONE',  ( 2.071511917890716804E-05, 0.000000000000000000, 0.9999999997854418510 ) ) ;
#5582 = VECTOR ( 'NONE', #6621, 1000.000000000000000 ) ;
#5583 = AXIS2_PLACEMENT_3D ( 'NONE', #4443, #190, #8015 ) ;
#5584 = EDGE_CURVE ( 'NONE', #8518, #8773, #5003, .T. ) ;
#5585 = MECHANICAL_DESIGN_GEOMETRIC_PRESENTATION_REPRESENTATION (  '', ( #5103 ), #6066 ) ;
#5586 = CARTESIAN_POINT ( 'NONE',  ( 0.000000000000000000, 4.400000000000000355, 0.000000000000000000 ) ) ;
#5587 = EDGE_CURVE ( 'NONE', #7361, #875, #796, .T. ) ;
#5588 = DIRECTION ( 'NONE',  ( 0.000000000000000000, 0.000000000000000000, 1.000000000000000000 ) ) ;
#5589 = CARTESIAN_POINT ( 'NONE',  ( -3.814289341707803427, 0.000000000000000000, -6.106542934606395079 ) ) ;
#5590 = UNCERTAINTY_MEASURE_WITH_UNIT (LENGTH_MEASURE( 1.000000000000000082E-05 ), #3686, 'distance_accuracy_value', 'NONE');
#5591 = LINE ( 'NONE', #8284, #1485 ) ;
#5592 = EDGE_LOOP ( 'NONE', ( #4937, #3028, #4287, #390 ) ) ;
#5593 = AXIS2_PLACEMENT_3D ( 'NONE', #2776, #4847, #8501 ) ;
#5594 = EDGE_CURVE ( 'NONE', #1754, #2957, #574, .T. ) ;
#5595 = DIRECTION ( 'NONE',  ( 0.000000000000000000, 0.000000000000000000, -1.000000000000000000 ) ) ;
#5596 = EDGE_CURVE ( 'NONE', #9217, #8855, #4904, .T. ) ;
#5597 = CARTESIAN_POINT ( 'NONE',  ( 7.045565981523414401, 4.400000000000000355, -0.2500000000000000000 ) ) ;
#5598 = FILL_AREA_STYLE ('',( #2012 ) ) ;
#5599 = DIRECTION ( 'NONE',  ( 0.000000000000000000, 0.000000000000000000, -1.000000000000000000 ) ) ;
#5600 = CYLINDRICAL_SURFACE ( 'NONE', #1592, 7.049999999999999822 ) ;
#5601 =( LENGTH_UNIT ( ) NAMED_UNIT ( * ) SI_UNIT ( .MILLI., .METRE. ) );
#5602 = PRESENTATION_LAYER_ASSIGNMENT (  '', '', ( #4838 ) ) ;
#5603 = EDGE_LOOP ( 'NONE', ( #8459, #4193, #5859, #5825 ) ) ;
#5604 = SURFACE_STYLE_FILL_AREA ( #4503 ) ;
#5605 = STYLED_ITEM ( 'NONE', ( #1835 ), #7009 ) ;
#5606 = CARTESIAN_POINT ( 'NONE',  ( -4.309781233941029299, 7.000000000000000888, 3.836521063224087147 ) ) ;
#5607 = ORIENTED_EDGE ( 'NONE', *, *, #7280, .T. ) ;
#5608 = VERTEX_POINT ( 'NONE', #5001 ) ;
#5609 = FILL_AREA_STYLE ('',( #6425 ) ) ;
#5610 = DIRECTION ( 'NONE',  ( 0.000000000000000000, -1.000000000000000000, 0.000000000000000000 ) ) ;
#5611 = FILL_AREA_STYLE_COLOUR ( '', #6102 ) ;
#5612 = ORIENTED_EDGE ( 'NONE', *, *, #4097, .F. ) ;
#5613 = CARTESIAN_POINT ( 'NONE',  ( -2.291104798297497247, 7.000000000000000888, 3.319679806621127938 ) ) ;
#5614 = ORIENTED_EDGE ( 'NONE', *, *, #1619, .T. ) ;
#5615 = DIRECTION ( 'NONE',  ( -1.000000000000000000, 0.000000000000000000, 0.000000000000000000 ) ) ;
#5616 = VERTEX_POINT ( 'NONE', #71 ) ;
#5617 = SURFACE_STYLE_FILL_AREA ( #7751 ) ;
#5618 = ORIENTED_EDGE ( 'NONE', *, *, #6570, .T. ) ;
#5619 = AXIS2_PLACEMENT_3D ( 'NONE', #6169, #5475, #1205 ) ;
#5620 = ORIENTED_EDGE ( 'NONE', *, *, #2104, .F. ) ;
#5621 = DIRECTION ( 'NONE',  ( 0.000000000000000000, -1.000000000000000000, 0.000000000000000000 ) ) ;
#5622 = UNCERTAINTY_MEASURE_WITH_UNIT (LENGTH_MEASURE( 1.000000000000000082E-05 ), #4378, 'distance_accuracy_value', 'NONE');
#5623 = VERTEX_POINT ( 'NONE', #7777 ) ;
#5624 = DIRECTION ( 'NONE',  ( 0.000000000000000000, 0.000000000000000000, -1.000000000000000000 ) ) ;
#5625 = COLOUR_RGB ( '',1.000000000000000000, 1.000000000000000000, 1.000000000000000000 ) ;
#5626 = ORIENTED_EDGE ( 'NONE', *, *, #5563, .F. ) ;
#5627 = MECHANICAL_DESIGN_GEOMETRIC_PRESENTATION_REPRESENTATION (  '', ( #5924 ), #2313 ) ;
#5628 = VECTOR ( 'NONE', #8418, 1000.000000000000000 ) ;
#5629 = ORIENTED_EDGE ( 'NONE', *, *, #8968, .F. ) ;
#5630 = DIRECTION ( 'NONE',  ( 0.000000000000000000, 0.000000000000000000, 1.000000000000000000 ) ) ;
#5631 =( GEOMETRIC_REPRESENTATION_CONTEXT ( 3 ) GLOBAL_UNCERTAINTY_ASSIGNED_CONTEXT ( ( #1928 ) ) GLOBAL_UNIT_ASSIGNED_CONTEXT ( ( #1942, #4811, #3293 ) ) REPRESENTATION_CONTEXT ( 'NONE', 'WORKASPACE' ) );
#5632 = DIRECTION ( 'NONE',  ( 0.000000000000000000, 1.000000000000000000, 0.000000000000000000 ) ) ;
#5633 = VERTEX_POINT ( 'NONE', #7139 ) ;
#5634 = CARTESIAN_POINT ( 'NONE',  ( -3.727686801329358701, 0.000000000000000000, -6.156542934606394901 ) ) ;
#5635 =( GEOMETRIC_REPRESENTATION_CONTEXT ( 3 ) GLOBAL_UNCERTAINTY_ASSIGNED_CONTEXT ( ( #4165 ) ) GLOBAL_UNIT_ASSIGNED_CONTEXT ( ( #7463, #5230, #4605 ) ) REPRESENTATION_CONTEXT ( 'NONE', 'WORKASPACE' ) );
#5636 = CARTESIAN_POINT ( 'NONE',  ( -6.629903845456583511, 4.400000000000001243, 2.000000000000000000 ) ) ;
#5637 =( NAMED_UNIT ( * ) PLANE_ANGLE_UNIT ( ) SI_UNIT ( $, .RADIAN. ) );
#5638 = EDGE_LOOP ( 'NONE', ( #2162, #2825, #5952, #2947 ) ) ;
#5639 = EDGE_CURVE ( 'NONE', #8688, #3621, #6007, .T. ) ;
#5640 = EDGE_CURVE ( 'NONE', #6993, #8133, #4230, .T. ) ;
#5641 = UNCERTAINTY_MEASURE_WITH_UNIT (LENGTH_MEASURE( 1.000000000000000082E-05 ), #7253, 'distance_accuracy_value', 'NONE');
#5642 = SURFACE_SIDE_STYLE ('',( #1465 ) ) ;
#5643 = CARTESIAN_POINT ( 'NONE',  ( -4.309781233941029299, 7.000000000000000888, 3.836521063224087147 ) ) ;
#5644 = DIRECTION ( 'NONE',  ( -0.000000000000000000, -1.000000000000000000, -0.000000000000000000 ) ) ;
#5645 = FACE_OUTER_BOUND ( 'NONE', #7464, .T. ) ;
#5646 = DIRECTION ( 'NONE',  ( 0.000000000000000000, 0.000000000000000000, 1.000000000000000000 ) ) ;
#5647 = CARTESIAN_POINT ( 'NONE',  ( -7.195565981523414756, 0.000000000000000000, -0.1500000000000000222 ) ) ;
#5648 = AXIS2_PLACEMENT_3D ( 'NONE', #7990, #5786, #4486 ) ;
#5649 =( LENGTH_UNIT ( ) NAMED_UNIT ( * ) SI_UNIT ( .MILLI., .METRE. ) );
#5650 = AXIS2_PLACEMENT_3D ( 'NONE', #2954, #3669, #4413 ) ;
#5651 = EDGE_LOOP ( 'NONE', ( #382, #8059, #4473, #2478 ) ) ;
#5652 = ORIENTED_EDGE ( 'NONE', *, *, #1557, .F. ) ;
#5653 = DIRECTION ( 'NONE',  ( 0.000000000000000000, 0.000000000000000000, 1.000000000000000000 ) ) ;
#5654 = CIRCLE ( 'NONE', #8616, 7.195565981523416532 ) ;
#5655 = PRESENTATION_STYLE_ASSIGNMENT (( #6872 ) ) ;
#5656 = DIRECTION ( 'NONE',  ( 0.000000000000000000, 0.000000000000000000, 1.000000000000000000 ) ) ;
#5657 = DIRECTION ( 'NONE',  ( 0.8660254037844378194, 0.000000000000000000, -0.5000000000000013323 ) ) ;
#5658 = MECHANICAL_DESIGN_GEOMETRIC_PRESENTATION_REPRESENTATION (  '', ( #5179 ), #2035 ) ;
#5659 = AXIS2_PLACEMENT_3D ( 'NONE', #1796, #2534, #3223 ) ;
#5660 = ORIENTED_EDGE ( 'NONE', *, *, #126, .F. ) ;
#5661 = FILL_AREA_STYLE_COLOUR ( '', #1076 ) ;
#5662 = CYLINDRICAL_SURFACE ( 'NONE', #8068, 0.1000000000000002554 ) ;
#5663 = FACE_OUTER_BOUND ( 'NONE', #426, .T. ) ;
#5664 = DIRECTION ( 'NONE',  ( -0.000000000000000000, -1.000000000000000000, -0.000000000000000000 ) ) ;
#5665 = FILL_AREA_STYLE_COLOUR ( '', #827 ) ;
#5666 = DIRECTION ( 'NONE',  ( 0.000000000000000000, 1.000000000000000000, 0.000000000000000000 ) ) ;
#5667 = CARTESIAN_POINT ( 'NONE',  ( 0.7363823647938630979, 7.000000000000000888, -3.375547973270169866 ) ) ;
#5668 = ORIENTED_EDGE ( 'NONE', *, *, #3548, .T. ) ;
#5669 = EDGE_CURVE ( 'NONE', #2527, #3216, #7926, .T. ) ;
#5670 = SURFACE_STYLE_FILL_AREA ( #87 ) ;
#5671 =( LENGTH_UNIT ( ) NAMED_UNIT ( * ) SI_UNIT ( .MILLI., .METRE. ) );
#5672 = ORIENTED_EDGE ( 'NONE', *, *, #4337, .T. ) ;
#5673 = AXIS2_PLACEMENT_3D ( 'NONE', #7731, #5610, #5752 ) ;
#5674 = PRESENTATION_LAYER_ASSIGNMENT (  '', '', ( #8750 ) ) ;
#5675 = CARTESIAN_POINT ( 'NONE',  ( 7.195565981523414756, 4.400000000000000355, 0.1499999999999999667 ) ) ;
#5676 = FILL_AREA_STYLE ('',( #8559 ) ) ;
#5677 = ORIENTED_EDGE ( 'NONE', *, *, #5518, .F. ) ;
#5678 = STYLED_ITEM ( 'NONE', ( #259 ), #337 ) ;
#5679 = EDGE_CURVE ( 'NONE', #3216, #3696, #8288, .T. ) ;
#5680 = LINE ( 'NONE', #7503, #1461 ) ;
#5681 = EDGE_CURVE ( 'NONE', #2246, #5346, #2340, .T. ) ;
#5682 = AXIS2_PLACEMENT_3D ( 'NONE', #7441, #7471, #9020 ) ;
#5683 =( NAMED_UNIT ( * ) PLANE_ANGLE_UNIT ( ) SI_UNIT ( $, .RADIAN. ) );
#5684 = VERTEX_POINT ( 'NONE', #4236 ) ;
#5685 = CARTESIAN_POINT ( 'NONE',  ( 3.579326398285364252, 7.000000000000000888, -3.916962665652261144 ) ) ;
#5686 = STYLED_ITEM ( 'NONE', ( #7250 ), #3861 ) ;
#5687 = AXIS2_PLACEMENT_3D ( 'NONE', #8063, #5133, #8036 ) ;
#5688 = SURFACE_SIDE_STYLE ('',( #4789 ) ) ;
#5689 = CARTESIAN_POINT ( 'NONE',  ( -1.429515610800760728, 7.000000000000000888, 3.319667123390754426 ) ) ;
#5690 = FILL_AREA_STYLE ('',( #4216 ) ) ;
#5691 = ORIENTED_EDGE ( 'NONE', *, *, #3659, .T. ) ;
#5692 = CARTESIAN_POINT ( 'NONE',  ( 3.444095270954282473, 7.000000000000000888, 4.304093053426401916 ) ) ;
#5693 = CIRCLE ( 'NONE', #6176, 0.8616453519526205973 ) ;
#5694 = AXIS2_PLACEMENT_3D ( 'NONE', #1681, #7320, #2983 ) ;
#5695 = CARTESIAN_POINT ( 'NONE',  ( -7.045565981523414401, 0.000000000000000000, 0.2500000000000000000 ) ) ;
#5696 = EDGE_CURVE ( 'NONE', #4203, #6080, #457, .T. ) ;
#5697 =( NAMED_UNIT ( * ) PLANE_ANGLE_UNIT ( ) SI_UNIT ( $, .RADIAN. ) );
#5698 = CARTESIAN_POINT ( 'NONE',  ( -2.291217127286572897, 7.000000000000000888, -4.310987324483573246 ) ) ;
#5699 = DIRECTION ( 'NONE',  ( 0.000000000000000000, 0.000000000000000000, 1.000000000000000000 ) ) ;
#5700 =( LENGTH_UNIT ( ) NAMED_UNIT ( * ) SI_UNIT ( .MILLI., .METRE. ) );
#5701 =( LENGTH_UNIT ( ) NAMED_UNIT ( * ) SI_UNIT ( .MILLI., .METRE. ) );
#5702 = DIRECTION ( 'NONE',  ( -0.000000000000000000, 1.000000000000000000, -0.000000000000000000 ) ) ;
#5703 = VERTEX_POINT ( 'NONE', #6360 ) ;
#5704 = CARTESIAN_POINT ( 'NONE',  ( 3.467879180194027633, 0.000000000000000000, 6.306542934606394368 ) ) ;
#5705 =( LENGTH_UNIT ( ) NAMED_UNIT ( * ) SI_UNIT ( .MILLI., .METRE. ) );
#5706 = MECHANICAL_DESIGN_GEOMETRIC_PRESENTATION_REPRESENTATION (  '', ( #7651 ), #6209 ) ;
#5707 = VECTOR ( 'NONE', #3515, 1000.000000000000000 ) ;
#5708 = EDGE_CURVE ( 'NONE', #1945, #2617, #349, .T. ) ;
#5709 = SURFACE_SIDE_STYLE ('',( #6035 ) ) ;
#5710 = DIRECTION ( 'NONE',  ( 0.000000000000000000, 0.000000000000000000, 1.000000000000000000 ) ) ;
#5711 = ORIENTED_EDGE ( 'NONE', *, *, #4077, .F. ) ;
#5712 = ORIENTED_EDGE ( 'NONE', *, *, #8391, .F. ) ;
#5713 = FILL_AREA_STYLE_COLOUR ( '', #4070 ) ;
#5714 =( NAMED_UNIT ( * ) PLANE_ANGLE_UNIT ( ) SI_UNIT ( $, .RADIAN. ) );
#5715 = ORIENTED_EDGE ( 'NONE', *, *, #7194, .F. ) ;
#5716 =( LENGTH_UNIT ( ) NAMED_UNIT ( * ) SI_UNIT ( .MILLI., .METRE. ) );
#5717 = DIRECTION ( 'NONE',  ( 0.000000000000000000, 0.000000000000000000, -1.000000000000000000 ) ) ;
#5718 = LINE ( 'NONE', #7869, #67 ) ;
#5719 = CIRCLE ( 'NONE', #6528, 0.1352311273311096185 ) ;
#5720 = PRESENTATION_LAYER_ASSIGNMENT (  '', '', ( #7805 ) ) ;
#5721 =( NAMED_UNIT ( * ) SI_UNIT ( $, .STERADIAN. ) SOLID_ANGLE_UNIT ( ) );
#5722 = ORIENTED_EDGE ( 'NONE', *, *, #2782, .F. ) ;
#5723 = VERTEX_POINT ( 'NONE', #2986 ) ;
#5724 = ORIENTED_EDGE ( 'NONE', *, *, #411, .F. ) ;
#5725 = DIRECTION ( 'NONE',  ( 0.000000000000000000, 1.000000000000000000, 0.000000000000000000 ) ) ;
#5726 = FILL_AREA_STYLE ('',( #7769 ) ) ;
#5727 = ORIENTED_EDGE ( 'NONE', *, *, #4164, .T. ) ;
#5728 = EDGE_CURVE ( 'NONE', #6505, #2061, #4124, .T. ) ;
#5729 =( NAMED_UNIT ( * ) PLANE_ANGLE_UNIT ( ) SI_UNIT ( $, .RADIAN. ) );
#5730 = EDGE_LOOP ( 'NONE', ( #31, #436, #4747, #6420 ) ) ;
#5731 = PRESENTATION_STYLE_ASSIGNMENT (( #5578 ) ) ;
#5732 = ORIENTED_EDGE ( 'NONE', *, *, #3607, .F. ) ;
#5733 = AXIS2_PLACEMENT_3D ( 'NONE', #2884, #1394, #56 ) ;
#5734 = LINE ( 'NONE', #7558, #5534 ) ;
#5735 = DIRECTION ( 'NONE',  ( 0.9999999999076958357, -0.000000000000000000, 1.358706713849480352E-05 ) ) ;
#5736 = VECTOR ( 'NONE', #7162, 1000.000000000000000 ) ;
#5737 = SURFACE_SIDE_STYLE ('',( #2548 ) ) ;
#5738 = VECTOR ( 'NONE', #7999, 1000.000000000000114 ) ;
#5739 = CARTESIAN_POINT ( 'NONE',  ( 0.000000000000000000, -28.50000000000000000, 4.764999999999999680 ) ) ;
#5740 = DIRECTION ( 'NONE',  ( 0.000000000000000000, -0.000000000000000000, 1.000000000000000000 ) ) ;
#5741 = MECHANICAL_DESIGN_GEOMETRIC_PRESENTATION_REPRESENTATION (  '', ( #2250 ), #2878 ) ;
#5742 = DIRECTION ( 'NONE',  ( 0.000000000000000000, -1.000000000000000000, -0.000000000000000000 ) ) ;
#5743 = DIRECTION ( 'NONE',  ( 0.000000000000000000, 1.000000000000000000, 0.000000000000000000 ) ) ;
#5744 = EDGE_CURVE ( 'NONE', #8413, #7761, #7034, .T. ) ;
#5745 = MECHANICAL_DESIGN_GEOMETRIC_PRESENTATION_REPRESENTATION (  '', ( #3852 ), #8967 ) ;
#5746 = PRESENTATION_STYLE_ASSIGNMENT (( #4327 ) ) ;
#5747 = EDGE_CURVE ( 'NONE', #3021, #2343, #3202, .T. ) ;
#5748 = FILL_AREA_STYLE_COLOUR ( '', #1263 ) ;
#5749 = CIRCLE ( 'NONE', #7089, 7.049999999999999822 ) ;
#5750 = PRESENTATION_STYLE_ASSIGNMENT (( #3151 ) ) ;
#5751 = CARTESIAN_POINT ( 'NONE',  ( 6.356542934606381756, 0.000000000000000000, -3.381276639815605556 ) ) ;
#5752 = DIRECTION ( 'NONE',  ( 0.000000000000000000, 0.000000000000000000, -1.000000000000000000 ) ) ;
#5753 = DIRECTION ( 'NONE',  ( -0.000000000000000000, -1.000000000000000000, -0.000000000000000000 ) ) ;
#5754 = FILL_AREA_STYLE_COLOUR ( '', #8330 ) ;
#5755 = AXIS2_PLACEMENT_3D ( 'NONE', #9065, #2767, #8271 ) ;
#5756 =( GEOMETRIC_REPRESENTATION_CONTEXT ( 3 ) GLOBAL_UNCERTAINTY_ASSIGNED_CONTEXT ( ( #1546 ) ) GLOBAL_UNIT_ASSIGNED_CONTEXT ( ( #7271, #8000, #5348 ) ) REPRESENTATION_CONTEXT ( 'NONE', 'WORKASPACE' ) );
#5757 = MECHANICAL_DESIGN_GEOMETRIC_PRESENTATION_REPRESENTATION (  '', ( #3231 ), #548 ) ;
#5758 = PLANE ( 'NONE',  #4051 ) ;
#5759 = DIRECTION ( 'NONE',  ( 0.000000000000000000, 1.000000000000000000, 0.000000000000000000 ) ) ;
#5760 = ORIENTED_EDGE ( 'NONE', *, *, #6520, .F. ) ;
#5761 = VECTOR ( 'NONE', #2311, 1000.000000000000000 ) ;
#5762 = COLOUR_RGB ( '',0.9098039215686274384, 0.4431372549019607643, 0.03137254901960784270 ) ;
#5763 = AXIS2_PLACEMENT_3D ( 'NONE', #2430, #8742, #7414 ) ;
#5764 = AXIS2_PLACEMENT_3D ( 'NONE', #8697, #2232, #2167 ) ;
#5765 = SURFACE_SIDE_STYLE ('',( #642 ) ) ;
#5766 = ORIENTED_EDGE ( 'NONE', *, *, #7949, .T. ) ;
#5767 =( LENGTH_UNIT ( ) NAMED_UNIT ( * ) SI_UNIT ( .MILLI., .METRE. ) );
#5768 = CARTESIAN_POINT ( 'NONE',  ( 0.000000000000000000, 6.850000000000001421, 0.000000000000000000 ) ) ;
#5769 = DIRECTION ( 'NONE',  ( 0.000000000000000000, 0.000000000000000000, -1.000000000000000000 ) ) ;
#5770 = SURFACE_STYLE_FILL_AREA ( #6132 ) ;
#5771 = CARTESIAN_POINT ( 'NONE',  ( 0.000000000000000000, 0.000000000000000000, 5.114999999999999325 ) ) ;
#5772 = DIRECTION ( 'NONE',  ( 0.000000000000000000, 1.000000000000000000, 0.000000000000000000 ) ) ;
#5773 = ORIENTED_EDGE ( 'NONE', *, *, #9189, .F. ) ;
#5774 = EDGE_CURVE ( 'NONE', #7378, #5449, #5874, .T. ) ;
#5775 =( NAMED_UNIT ( * ) PLANE_ANGLE_UNIT ( ) SI_UNIT ( $, .RADIAN. ) );
#5776 = AXIS2_PLACEMENT_3D ( 'NONE', #1965, #2099, #7678 ) ;
#5777 = DIRECTION ( 'NONE',  ( 0.000000000000000000, 0.000000000000000000, 1.000000000000000000 ) ) ;
#5778 = AXIS2_PLACEMENT_3D ( 'NONE', #4025, #2616, #3313 ) ;
#5779 = FILL_AREA_STYLE_COLOUR ( '', #1493 ) ;
#5780 = FACE_OUTER_BOUND ( 'NONE', #9001, .T. ) ;
#5781 = EDGE_CURVE ( 'NONE', #481, #7706, #6787, .T. ) ;
#5782 = ORIENTED_EDGE ( 'NONE', *, *, #4522, .F. ) ;
#5783 = UNCERTAINTY_MEASURE_WITH_UNIT (LENGTH_MEASURE( 1.000000000000000082E-05 ), #5383, 'distance_accuracy_value', 'NONE');
#5784 =( NAMED_UNIT ( * ) PLANE_ANGLE_UNIT ( ) SI_UNIT ( $, .RADIAN. ) );
#5785 = COLOUR_RGB ( '',0.9098039215686274384, 0.4431372549019607643, 0.03137254901960784270 ) ;
#5786 = DIRECTION ( 'NONE',  ( -0.000000000000000000, -1.000000000000000000, -0.000000000000000000 ) ) ;
#5787 = CARTESIAN_POINT ( 'NONE',  ( -6.443145474984826038, 4.400000000000000355, 3.431276639815605378 ) ) ;
#5788 =( GEOMETRIC_REPRESENTATION_CONTEXT ( 3 ) GLOBAL_UNCERTAINTY_ASSIGNED_CONTEXT ( ( #6395 ) ) GLOBAL_UNIT_ASSIGNED_CONTEXT ( ( #5716, #4213, #3505 ) ) REPRESENTATION_CONTEXT ( 'NONE', 'WORKASPACE' ) );
#5789 = LINE ( 'NONE', #1851, #3916 ) ;
#5790 = CARTESIAN_POINT ( 'NONE',  ( -7.141428428542850426, 4.400000000000000355, -0.2500000000000000000 ) ) ;
#5791 = AXIS2_PLACEMENT_3D ( 'NONE', #60, #2235, #3741 ) ;
#5792 = ORIENTED_EDGE ( 'NONE', *, *, #5024, .T. ) ;
#5793 = EDGE_CURVE ( 'NONE', #7791, #3569, #8716, .T. ) ;
#5794 =( LENGTH_UNIT ( ) NAMED_UNIT ( * ) SI_UNIT ( .MILLI., .METRE. ) );
#5795 = VECTOR ( 'NONE', #4767, 1000.000000000000000 ) ;
#5796 = UNCERTAINTY_MEASURE_WITH_UNIT (LENGTH_MEASURE( 1.000000000000000082E-05 ), #1344, 'distance_accuracy_value', 'NONE');
#5797 = CARTESIAN_POINT ( 'NONE',  ( -2.426448254617682210, 7.000000000000000888, -4.310987324483573246 ) ) ;
#5798 = DIRECTION ( 'NONE',  ( -0.000000000000000000, -1.000000000000000000, -0.000000000000000000 ) ) ;
#5799 = ORIENTED_EDGE ( 'NONE', *, *, #879, .T. ) ;
#5800 =( LENGTH_UNIT ( ) NAMED_UNIT ( * ) SI_UNIT ( .MILLI., .METRE. ) );
#5801 = FILL_AREA_STYLE ('',( #874 ) ) ;
#5802 = SURFACE_STYLE_FILL_AREA ( #1927 ) ;
#5803 = FILL_AREA_STYLE_COLOUR ( '', #5871 ) ;
#5804 = AXIS2_PLACEMENT_3D ( 'NONE', #1560, #1593, #948 ) ;
#5805 = DIRECTION ( 'NONE',  ( -0.000000000000000000, -1.000000000000000000, -0.000000000000000000 ) ) ;
#5806 = ADVANCED_FACE ( 'NONE', ( #6242 ), #5662, .T. ) ;
#5807 = DIRECTION ( 'NONE',  ( 0.000000000000000000, 0.000000000000000000, 1.000000000000000000 ) ) ;
#5808 = ORIENTED_EDGE ( 'NONE', *, *, #4484, .F. ) ;
#5809 = DIRECTION ( 'NONE',  ( 0.000000000000000000, 0.000000000000000000, -1.000000000000000000 ) ) ;
#5810 = SURFACE_SIDE_STYLE ('',( #5374 ) ) ;
#5811 = ORIENTED_EDGE ( 'NONE', *, *, #7166, .F. ) ;
#5812 = EDGE_LOOP ( 'NONE', ( #3277, #1375, #2084, #6795 ) ) ;
#5813 = ORIENTED_EDGE ( 'NONE', *, *, #4353, .F. ) ;
#5814 = PRESENTATION_LAYER_ASSIGNMENT (  '', '', ( #2030 ) ) ;
#5815 = LINE ( 'NONE', #7572, #512 ) ;
#5816 = CARTESIAN_POINT ( 'NONE',  ( 7.141428428542849538, 0.000000000000000000, 0.3499999999999999223 ) ) ;
#5817 =( GEOMETRIC_REPRESENTATION_CONTEXT ( 3 ) GLOBAL_UNCERTAINTY_ASSIGNED_CONTEXT ( ( #7037 ) ) GLOBAL_UNIT_ASSIGNED_CONTEXT ( ( #3300, #6258, #8349 ) ) REPRESENTATION_CONTEXT ( 'NONE', 'WORKASPACE' ) );
#5818 = VERTEX_POINT ( 'NONE', #134 ) ;
#5819 = DIRECTION ( 'NONE',  ( 0.000000000000000000, 1.000000000000000000, 0.000000000000000000 ) ) ;
#5820 =( GEOMETRIC_REPRESENTATION_CONTEXT ( 3 ) GLOBAL_UNCERTAINTY_ASSIGNED_CONTEXT ( ( #4217 ) ) GLOBAL_UNIT_ASSIGNED_CONTEXT ( ( #1335, #8570, #4872 ) ) REPRESENTATION_CONTEXT ( 'NONE', 'WORKASPACE' ) );
#5821 = DIRECTION ( 'NONE',  ( 0.000000000000000000, 0.000000000000000000, 1.000000000000000000 ) ) ;
#5822 = EDGE_LOOP ( 'NONE', ( #7823, #5010, #7426, #5968 ) ) ;
#5823 = VECTOR ( 'NONE', #8767, 1000.000000000000000 ) ;
#5824 = FACE_OUTER_BOUND ( 'NONE', #2546, .T. ) ;
#5825 = ORIENTED_EDGE ( 'NONE', *, *, #4921, .F. ) ;
#5826 = DIRECTION ( 'NONE',  ( 0.000000000000000000, 0.000000000000000000, 1.000000000000000000 ) ) ;
#5827 = ORIENTED_EDGE ( 'NONE', *, *, #7718, .F. ) ;
#5828 = ORIENTED_EDGE ( 'NONE', *, *, #6257, .F. ) ;
#5829 = DIRECTION ( 'NONE',  ( 0.000000000000000000, 0.000000000000000000, 1.000000000000000000 ) ) ;
#5830 = ORIENTED_EDGE ( 'NONE', *, *, #6012, .F. ) ;
#5831 = PRESENTATION_STYLE_ASSIGNMENT (( #4715 ) ) ;
#5832 = ORIENTED_EDGE ( 'NONE', *, *, #8074, .T. ) ;
#5833 = VECTOR ( 'NONE', #5342, 1000.000000000000000 ) ;
#5834 = SURFACE_SIDE_STYLE ('',( #8860 ) ) ;
#5835 = SURFACE_STYLE_USAGE ( .BOTH. , #5137 ) ;
#5836 = VECTOR ( 'NONE', #4206, 1000.000000000000000 ) ;
#5837 = ORIENTED_EDGE ( 'NONE', *, *, #3069, .F. ) ;
#5838 = CARTESIAN_POINT ( 'NONE',  ( -0.5679264233040245413, 7.000000000000000888, 3.319679806621155915 ) ) ;
#5839 = ORIENTED_EDGE ( 'NONE', *, *, #4055, .T. ) ;
#5840 = CARTESIAN_POINT ( 'NONE',  ( 5.925607271455487712, 4.400000000000000355, 3.819643761461775977 ) ) ;
#5841 = EDGE_CURVE ( 'NONE', #5860, #6875, #1667, .T. ) ;
#5842 = UNCERTAINTY_MEASURE_WITH_UNIT (LENGTH_MEASURE( 1.000000000000000082E-05 ), #5331, 'distance_accuracy_value', 'NONE');
#5843 = ORIENTED_EDGE ( 'NONE', *, *, #304, .F. ) ;
#5844 = VECTOR ( 'NONE', #3639, 1000.000000000000000 ) ;
#5845 =( LENGTH_UNIT ( ) NAMED_UNIT ( * ) SI_UNIT ( .MILLI., .METRE. ) );
#5846 = CARTESIAN_POINT ( 'NONE',  ( 2.730135323361211341, 7.000000000000000888, 4.304093053426401916 ) ) ;
#5847 = AXIS2_PLACEMENT_3D ( 'NONE', #1209, #3967, #3254 ) ;
#5848 = CARTESIAN_POINT ( 'NONE',  ( 1.720804567049041278, 7.000000000000000888, 4.304093053426401916 ) ) ;
#5849 = PRESENTATION_LAYER_ASSIGNMENT (  '', '', ( #4743 ) ) ;
#5850 = FILL_AREA_STYLE_COLOUR ( '', #5201 ) ;
#5851 = LINE ( 'NONE', #2028, #1330 ) ;
#5852 = PRESENTATION_LAYER_ASSIGNMENT (  '', '', ( #5686 ) ) ;
#5853 = SURFACE_STYLE_FILL_AREA ( #2286 ) ;
#5854 = CARTESIAN_POINT ( 'NONE',  ( -3.354207863325301631, 0.000000000000000000, -6.309658438426499316 ) ) ;
#5855 = UNCERTAINTY_MEASURE_WITH_UNIT (LENGTH_MEASURE( 1.000000000000000082E-05 ), #9124, 'distance_accuracy_value', 'NONE');
#5856 = VECTOR ( 'NONE', #2390, 1000.000000000000000 ) ;
#5857 =( NAMED_UNIT ( * ) PLANE_ANGLE_UNIT ( ) SI_UNIT ( $, .RADIAN. ) );
#5858 = ADVANCED_FACE ( 'NONE', ( #2002 ), #5758, .F. ) ;
#5859 = ORIENTED_EDGE ( 'NONE', *, *, #197, .F. ) ;
#5860 = VERTEX_POINT ( 'NONE', #5854 ) ;
#5861 = FILL_AREA_STYLE_COLOUR ( '', #5992 ) ;
#5862 = LINE ( 'NONE', #1185, #6440 ) ;
#5863 = DIRECTION ( 'NONE',  ( 0.000000000000000000, 1.000000000000000000, 0.000000000000000000 ) ) ;
#5864 =( LENGTH_UNIT ( ) NAMED_UNIT ( * ) SI_UNIT ( .MILLI., .METRE. ) );
#5865 = LINE ( 'NONE', #5698, #3874 ) ;
#5866 = VECTOR ( 'NONE', #8034, 1000.000000000000000 ) ;
#5867 = LINE ( 'NONE', #2852, #3996 ) ;
#5868 = STYLED_ITEM ( 'NONE', ( #5222 ), #5336 ) ;
#5869 = EDGE_CURVE ( 'NONE', #1876, #8904, #7134, .T. ) ;
#5870 = SURFACE_STYLE_USAGE ( .BOTH. , #86 ) ;
#5871 = COLOUR_RGB ( '',0.2509803921568627416, 0.2509803921568627416, 0.2509803921568627416 ) ;
#5872 = DIRECTION ( 'NONE',  ( -0.000000000000000000, -1.000000000000000000, -0.000000000000000000 ) ) ;
#5873 = ORIENTED_EDGE ( 'NONE', *, *, #2932, .T. ) ;
#5874 = CIRCLE ( 'NONE', #5648, 0.09999999999999982514 ) ;
#5875 = SURFACE_STYLE_USAGE ( .BOTH. , #4438 ) ;
#5876 = CARTESIAN_POINT ( 'NONE',  ( 0.000000000000000000, -28.50000000000000000, -4.414999999999999147 ) ) ;
#5877 = DIRECTION ( 'NONE',  ( 0.000000000000000000, -1.000000000000000000, 0.000000000000000000 ) ) ;
#5878 = CARTESIAN_POINT ( 'NONE',  ( 3.267605322946857349, 0.000000000000000000, -6.359658438426499139 ) ) ;
#5879 =( NAMED_UNIT ( * ) PLANE_ANGLE_UNIT ( ) SI_UNIT ( $, .RADIAN. ) );
#5880 = PRODUCT ( 'NORPS-12', 'NORPS-12', '', ( #1211 ) ) ;
#5881 =( NAMED_UNIT ( * ) PLANE_ANGLE_UNIT ( ) SI_UNIT ( $, .RADIAN. ) );
#5882 = MECHANICAL_DESIGN_GEOMETRIC_PRESENTATION_REPRESENTATION (  '', ( #2611 ), #7524 ) ;
#5883 = ORIENTED_EDGE ( 'NONE', *, *, #2320, .F. ) ;
#5884 =( NAMED_UNIT ( * ) SI_UNIT ( $, .STERADIAN. ) SOLID_ANGLE_UNIT ( ) );
#5885 = EDGE_CURVE ( 'NONE', #7419, #5684, #1889, .T. ) ;
#5886 = SURFACE_STYLE_USAGE ( .BOTH. , #5213 ) ;
#5887 = CIRCLE ( 'NONE', #3466, 0.1000000000000002554 ) ;
#5888 = CARTESIAN_POINT ( 'NONE',  ( -6.270712166560382883, 4.400000000000000355, -3.221904549199370305 ) ) ;
#5889 = DIRECTION ( 'NONE',  ( 0.000000000000000000, -0.000000000000000000, 1.000000000000000000 ) ) ;
#5890 = STYLED_ITEM ( 'NONE', ( #6985 ), #669 ) ;
#5891 = LINE ( 'NONE', #6054, #1368 ) ;
#5892 = CARTESIAN_POINT ( 'NONE',  ( 3.444095270954282473, 6.950000000000000178, 4.304093053426401916 ) ) ;
#5893 = VERTEX_POINT ( 'NONE', #289 ) ;
#5894 = MECHANICAL_DESIGN_GEOMETRIC_PRESENTATION_REPRESENTATION (  '', ( #5480 ), #6743 ) ;
#5895 = COLOUR_RGB ( '',1.000000000000000000, 1.000000000000000000, 1.000000000000000000 ) ;
#5896 = PRESENTATION_LAYER_ASSIGNMENT (  '', '', ( #694 ) ) ;
#5897 = LINE ( 'NONE', #5973, #7937 ) ;
#5898 = CARTESIAN_POINT ( 'NONE',  ( -4.445012361338021023, 7.000000000000000888, -2.587782488400166780 ) ) ;
#5899 = PRESENTATION_STYLE_ASSIGNMENT (( #79 ) ) ;
#5900 = DIRECTION ( 'NONE',  ( -0.000000000000000000, -1.000000000000000000, -0.000000000000000000 ) ) ;
#5901 = UNCERTAINTY_MEASURE_WITH_UNIT (LENGTH_MEASURE( 1.000000000000000082E-05 ), #4110, 'distance_accuracy_value', 'NONE');
#5902 = ORIENTED_EDGE ( 'NONE', *, *, #5774, .F. ) ;
#5903 = SURFACE_SIDE_STYLE ('',( #8523 ) ) ;
#5904 = CARTESIAN_POINT ( 'NONE',  ( 0.000000000000000000, 6.950000000000000178, -4.764999999999998792 ) ) ;
#5905 = FILL_AREA_STYLE_COLOUR ( '', #3574 ) ;
#5906 = ADVANCED_FACE ( 'NONE', ( #2857 ), #3423, .T. ) ;
#5907 = CARTESIAN_POINT ( 'NONE',  ( -7.141428428542849538, 4.400000000000000355, 0.3499999999999999223 ) ) ;
#5908 = EDGE_CURVE ( 'NONE', #2199, #2205, #8389, .T. ) ;
#5909 = AXIS2_PLACEMENT_3D ( 'NONE', #5219, #205, #8768 ) ;
#5910 = COLOUR_RGB ( '',0.2509803921568627416, 0.2509803921568627416, 0.2509803921568627416 ) ;
#5911 = ORIENTED_EDGE ( 'NONE', *, *, #4484, .T. ) ;
#5912 = CARTESIAN_POINT ( 'NONE',  ( -2.291217127286572897, 6.950000000000000178, -4.310987324483573246 ) ) ;
#5913 = CARTESIAN_POINT ( 'NONE',  ( 6.393145474984826215, 4.400000000000000355, -3.517879180194049216 ) ) ;
#5914 = STYLED_ITEM ( 'NONE', ( #944 ), #3238 ) ;
#5915 = SURFACE_STYLE_USAGE ( .BOTH. , #3775 ) ;
#5916 =( NAMED_UNIT ( * ) SI_UNIT ( $, .STERADIAN. ) SOLID_ANGLE_UNIT ( ) );
#5917 = UNCERTAINTY_MEASURE_WITH_UNIT (LENGTH_MEASURE( 1.000000000000000082E-05 ), #5671, 'distance_accuracy_value', 'NONE');
#5918 = LINE ( 'NONE', #6595, #5256 ) ;
#5919 = DIRECTION ( 'NONE',  ( 0.000000000000000000, 1.000000000000000000, 0.000000000000000000 ) ) ;
#5920 =( NAMED_UNIT ( * ) PLANE_ANGLE_UNIT ( ) SI_UNIT ( $, .RADIAN. ) );
#5921 = ORIENTED_EDGE ( 'NONE', *, *, #5781, .F. ) ;
#5922 = FILL_AREA_STYLE_COLOUR ( '', #1531 ) ;
#5923 = FILL_AREA_STYLE_COLOUR ( '', #6452 ) ;
#5924 = STYLED_ITEM ( 'NONE', ( #1054 ), #1128 ) ;
#5925 = CARTESIAN_POINT ( 'NONE',  ( 3.381276639815584240, 4.400000000000000355, 6.356542934606394191 ) ) ;
#5926 = DIRECTION ( 'NONE',  ( -0.000000000000000000, -1.000000000000000000, -0.000000000000000000 ) ) ;
#5927 =( GEOMETRIC_REPRESENTATION_CONTEXT ( 3 ) GLOBAL_UNCERTAINTY_ASSIGNED_CONTEXT ( ( #5917 ) ) GLOBAL_UNIT_ASSIGNED_CONTEXT ( ( #5671, #3540, #1377 ) ) REPRESENTATION_CONTEXT ( 'NONE', 'WORKASPACE' ) );
#5928 = ORIENTED_EDGE ( 'NONE', *, *, #1141, .F. ) ;
#5929 = CIRCLE ( 'NONE', #6898, 0.8422889805429378818 ) ;
#5930 = EDGE_CURVE ( 'NONE', #8259, #6750, #1345, .T. ) ;
#5931 = VERTEX_POINT ( 'NONE', #2454 ) ;
#5932 = SURFACE_SIDE_STYLE ('',( #8795 ) ) ;
#5933 = FACE_OUTER_BOUND ( 'NONE', #2264, .T. ) ;
#5934 = ORIENTED_EDGE ( 'NONE', *, *, #5027, .F. ) ;
#5935 = VECTOR ( 'NONE', #4348, 1000.000000000000000 ) ;
#5936 = ADVANCED_FACE ( 'NONE', ( #1558 ), #2766, .T. ) ;
#5937 = DIRECTION ( 'NONE',  ( 0.000000000000000000, 0.000000000000000000, -1.000000000000000000 ) ) ;
#5938 = AXIS2_PLACEMENT_3D ( 'NONE', #4357, #7838, #2870 ) ;
#5939 = FILL_AREA_STYLE ('',( #2474 ) ) ;
#5940 = ORIENTED_EDGE ( 'NONE', *, *, #4174, .T. ) ;
#5941 = AXIS2_PLACEMENT_3D ( 'NONE', #9216, #2181, #5653 ) ;
#5942 = DIRECTION ( 'NONE',  ( -0.000000000000000000, -1.000000000000000000, -0.000000000000000000 ) ) ;
#5943 = ORIENTED_EDGE ( 'NONE', *, *, #964, .F. ) ;
#5944 = PRESENTATION_STYLE_ASSIGNMENT (( #6155 ) ) ;
#5945 = DIRECTION ( 'NONE',  ( -0.000000000000000000, -1.000000000000000000, -0.000000000000000000 ) ) ;
#5946 = SURFACE_STYLE_FILL_AREA ( #3086 ) ;
#5947 = CARTESIAN_POINT ( 'NONE',  ( 0.000000000000000000, -28.50000000000000000, 5.114999999999999325 ) ) ;
#5948 = DIRECTION ( 'NONE',  ( 0.000000000000000000, 0.000000000000000000, -1.000000000000000000 ) ) ;
#5949 = SURFACE_STYLE_FILL_AREA ( #6445 ) ;
#5950 = EDGE_CURVE ( 'NONE', #5382, #1826, #7585, .T. ) ;
#5951 = DIRECTION ( 'NONE',  ( -1.472072980428399623E-05, 0.000000000000000000, -0.9999999998916501154 ) ) ;
#5952 = ORIENTED_EDGE ( 'NONE', *, *, #2975, .F. ) ;
#5953 = PRESENTATION_LAYER_ASSIGNMENT (  '', '', ( #7282 ) ) ;
#5954 = CARTESIAN_POINT ( 'NONE',  ( 4.576202877569066629, 7.000000000000000888, 2.531868201111808769 ) ) ;
#5955 =( LENGTH_UNIT ( ) NAMED_UNIT ( * ) SI_UNIT ( .MILLI., .METRE. ) );
#5956 = ORIENTED_EDGE ( 'NONE', *, *, #1146, .T. ) ;
#5957 = FACE_OUTER_BOUND ( 'NONE', #3503, .T. ) ;
#5958 = SURFACE_STYLE_FILL_AREA ( #7592 ) ;
#5959 = VERTEX_POINT ( 'NONE', #8155 ) ;
#5960 = DIRECTION ( 'NONE',  ( -0.8660254037844398178, 0.000000000000000000, -0.4999999999999980016 ) ) ;
#5961 = AXIS2_PLACEMENT_3D ( 'NONE', #74, #5735, #2217 ) ;
#5962 = DIRECTION ( 'NONE',  ( 0.000000000000000000, 1.000000000000000000, 0.000000000000000000 ) ) ;
#5963 = AXIS2_PLACEMENT_3D ( 'NONE', #8752, #5164, #8069 ) ;
#5964 = VECTOR ( 'NONE', #5624, 1000.000000000000000 ) ;
#5965 = VERTEX_POINT ( 'NONE', #6688 ) ;
#5966 = DIRECTION ( 'NONE',  ( 0.000000000000000000, 0.000000000000000000, 1.000000000000000000 ) ) ;
#5967 = CARTESIAN_POINT ( 'NONE',  ( 0.000000000000000000, -28.50000000000000000, 4.764999999999999680 ) ) ;
#5968 = ORIENTED_EDGE ( 'NONE', *, *, #3776, .T. ) ;
#5969 = ADVANCED_FACE ( 'NONE', ( #7578, #6564, #4988 ), #8857, .T. ) ;
#5970 = ORIENTED_EDGE ( 'NONE', *, *, #277, .F. ) ;
#5971 = COLOUR_RGB ( '',1.000000000000000000, 1.000000000000000000, 1.000000000000000000 ) ;
#5972 = ORIENTED_EDGE ( 'NONE', *, *, #4768, .T. ) ;
#5973 = CARTESIAN_POINT ( 'NONE',  ( -3.864289341707802805, 0.000000000000000000, 6.193145474984839360 ) ) ;
#5974 = PRESENTATION_STYLE_ASSIGNMENT (( #3249 ) ) ;
#5975 = ORIENTED_EDGE ( 'NONE', *, *, #1591, .F. ) ;
#5976 = EDGE_CURVE ( 'NONE', #2642, #7485, #4222, .T. ) ;
#5977 =( GEOMETRIC_REPRESENTATION_CONTEXT ( 3 ) GLOBAL_UNCERTAINTY_ASSIGNED_CONTEXT ( ( #6437 ) ) GLOBAL_UNIT_ASSIGNED_CONTEXT ( ( #9076, #4006, #8077 ) ) REPRESENTATION_CONTEXT ( 'NONE', 'WORKASPACE' ) );
#5978 = CARTESIAN_POINT ( 'NONE',  ( -2.426448254617682210, 7.000000000000000888, -4.310987324483573246 ) ) ;
#5979 = VECTOR ( 'NONE', #2466, 1000.000000000000114 ) ;
#5980 =( GEOMETRIC_REPRESENTATION_CONTEXT ( 3 ) GLOBAL_UNCERTAINTY_ASSIGNED_CONTEXT ( ( #6839 ) ) GLOBAL_UNIT_ASSIGNED_CONTEXT ( ( #1740, #3138, #8180 ) ) REPRESENTATION_CONTEXT ( 'NONE', 'WORKASPACE' ) );
#5981 = DIRECTION ( 'NONE',  ( 0.000000000000000000, -0.000000000000000000, 1.000000000000000000 ) ) ;
#5982 = FACE_OUTER_BOUND ( 'NONE', #3992, .T. ) ;
#5983 = CARTESIAN_POINT ( 'NONE',  ( 5.462990107813245899, 6.950000000000000178, -2.590150399517246793 ) ) ;
#5984 = FILL_AREA_STYLE_COLOUR ( '', #3617 ) ;
#5985 = EDGE_CURVE ( 'NONE', #6837, #6070, #8035, .T. ) ;
#5986 = DIRECTION ( 'NONE',  ( -0.000000000000000000, 1.000000000000000000, -0.000000000000000000 ) ) ;
#5987 = DIRECTION ( 'NONE',  ( -0.000000000000000000, -1.000000000000000000, -0.000000000000000000 ) ) ;
#5988 = DIRECTION ( 'NONE',  ( 0.000000000000000000, 0.000000000000000000, -1.000000000000000000 ) ) ;
#5989 = EDGE_CURVE ( 'NONE', #6072, #5623, #2654, .T. ) ;
#5990 = UNCERTAINTY_MEASURE_WITH_UNIT (LENGTH_MEASURE( 1.000000000000000082E-05 ), #1816, 'distance_accuracy_value', 'NONE');
#5991 = CIRCLE ( 'NONE', #6473, 0.09999999999999982514 ) ;
#5992 = COLOUR_RGB ( '',0.2509803921568627416, 0.2509803921568627416, 0.2509803921568627416 ) ;
#5993 = CARTESIAN_POINT ( 'NONE',  ( -7.041548310661132071, 0.000000000000000000, -0.3451048951048951152 ) ) ;
#5994 = CYLINDRICAL_SURFACE ( 'NONE', #5246, 0.8491910749241246004 ) ;
#5995 = DIRECTION ( 'NONE',  ( 0.000000000000000000, 0.000000000000000000, -1.000000000000000000 ) ) ;
#5996 = AXIS2_PLACEMENT_3D ( 'NONE', #1772, #466, #5420 ) ;
#5997 = SURFACE_STYLE_FILL_AREA ( #2108 ) ;
#5998 = CARTESIAN_POINT ( 'NONE',  ( 6.226639124038715778, 4.400000000000000355, 3.306276639815604934 ) ) ;
#5999 = EDGE_CURVE ( 'NONE', #3621, #3043, #5862, .T. ) ;
#6000 = DIRECTION ( 'NONE',  ( -0.000000000000000000, -1.000000000000000000, -0.000000000000000000 ) ) ;
#6001 = PRESENTATION_LAYER_ASSIGNMENT (  '', '', ( #9083 ) ) ;
#6002 = ORIENTED_EDGE ( 'NONE', *, *, #5323, .F. ) ;
#6003 = CARTESIAN_POINT ( 'NONE',  ( -6.059658438426485993, 0.000000000000000000, 3.787220565217541246 ) ) ;
#6004 = TOROIDAL_SURFACE ( 'NONE', #1448, 7.195565981523416532, 0.1000000000000000056 ) ;
#6005 = ORIENTED_EDGE ( 'NONE', *, *, #1697, .F. ) ;
#6006 = FILL_AREA_STYLE_COLOUR ( '', #1033 ) ;
#6007 = CIRCLE ( 'NONE', #5941, 0.1000000000000000056 ) ;
#6008 =( GEOMETRIC_REPRESENTATION_CONTEXT ( 3 ) GLOBAL_UNCERTAINTY_ASSIGNED_CONTEXT ( ( #1935 ) ) GLOBAL_UNIT_ASSIGNED_CONTEXT ( ( #7258, #6569, #4451 ) ) REPRESENTATION_CONTEXT ( 'NONE', 'WORKASPACE' ) );
#6009 = CARTESIAN_POINT ( 'NONE',  ( -3.431276639815582730, 0.000000000000000000, -6.443145474984837584 ) ) ;
#6010 = AXIS2_PLACEMENT_3D ( 'NONE', #7921, #2236, #5699 ) ;
#6011 = EDGE_LOOP ( 'NONE', ( #2317, #6623 ) ) ;
#6012 = EDGE_CURVE ( 'NONE', #2609, #1945, #551, .T. ) ;
#6013 = ADVANCED_FACE ( 'NONE', ( #8589 ), #4326, .T. ) ;
#6014 =( LENGTH_UNIT ( ) NAMED_UNIT ( * ) SI_UNIT ( .MILLI., .METRE. ) );
#6015 = DIRECTION ( 'NONE',  ( 0.000000000000000000, 0.000000000000000000, -1.000000000000000000 ) ) ;
#6016 = CIRCLE ( 'NONE', #4466, 0.8740509259961186661 ) ;
#6017 = ORIENTED_EDGE ( 'NONE', *, *, #3909, .T. ) ;
#6018 = CARTESIAN_POINT ( 'NONE',  ( -3.435730307944910411, 7.000000000000000888, 3.836521063224087147 ) ) ;
#6019 = ADVANCED_FACE ( 'NONE', ( #2116 ), #6806, .F. ) ;
#6020 = FILL_AREA_STYLE ('',( #5984 ) ) ;
#6021 = FILL_AREA_STYLE_COLOUR ( '', #2029 ) ;
#6022 = CYLINDRICAL_SURFACE ( 'NONE', #5733, 0.1352311273310818629 ) ;
#6023 = FILL_AREA_STYLE ('',( #4693 ) ) ;
#6024 = MECHANICAL_DESIGN_GEOMETRIC_PRESENTATION_REPRESENTATION (  '', ( #444 ), #4717 ) ;
#6025 =( GEOMETRIC_REPRESENTATION_CONTEXT ( 3 ) GLOBAL_UNCERTAINTY_ASSIGNED_CONTEXT ( ( #7945 ) ) GLOBAL_UNIT_ASSIGNED_CONTEXT ( ( #5262, #6729, #3828 ) ) REPRESENTATION_CONTEXT ( 'NONE', 'WORKASPACE' ) );
#6026 = DIRECTION ( 'NONE',  ( 0.000000000000000000, 0.000000000000000000, 1.000000000000000000 ) ) ;
#6027 = ORIENTED_EDGE ( 'NONE', *, *, #2859, .F. ) ;
#6028 = SURFACE_SIDE_STYLE ('',( #6367 ) ) ;
#6029 =( NAMED_UNIT ( * ) PLANE_ANGLE_UNIT ( ) SI_UNIT ( $, .RADIAN. ) );
#6030 = LINE ( 'NONE', #584, #4139 ) ;
#6031 = CARTESIAN_POINT ( 'NONE',  ( -1.577257179616194716, 7.000000000000000888, -4.310987324483573246 ) ) ;
#6032 =( GEOMETRIC_REPRESENTATION_CONTEXT ( 3 ) GLOBAL_UNCERTAINTY_ASSIGNED_CONTEXT ( ( #6292 ) ) GLOBAL_UNIT_ASSIGNED_CONTEXT ( ( #2809, #8541, #3524 ) ) REPRESENTATION_CONTEXT ( 'NONE', 'WORKASPACE' ) );
#6033 = CARTESIAN_POINT ( 'NONE',  ( 1.585573439717987920, 6.950000000000000178, -3.510779100601223224 ) ) ;
#6034 = CYLINDRICAL_SURFACE ( 'NONE', #4338, 0.09999999999999982514 ) ;
#6035 = SURFACE_STYLE_FILL_AREA ( #2553 ) ;
#6036 = LINE ( 'NONE', #715, #4482 ) ;
#6037 = UNCERTAINTY_MEASURE_WITH_UNIT (LENGTH_MEASURE( 1.000000000000000082E-05 ), #4958, 'distance_accuracy_value', 'NONE');
#6038 = STYLED_ITEM ( 'NONE', ( #5093 ), #7772 ) ;
#6039 = VECTOR ( 'NONE', #282, 1000.000000000000000 ) ;
#6040 = CYLINDRICAL_SURFACE ( 'NONE', #7211, 0.1352311273310532469 ) ;
#6041 = VERTEX_POINT ( 'NONE', #2544 ) ;
#6042 = DIRECTION ( 'NONE',  ( 0.000000000000000000, 0.000000000000000000, 1.000000000000000000 ) ) ;
#6043 = CARTESIAN_POINT ( 'NONE',  ( 6.059658438426486882, 0.000000000000000000, -3.787220565217541690 ) ) ;
#6044 = SURFACE_STYLE_FILL_AREA ( #1510 ) ;
#6045 = FILL_AREA_STYLE ('',( #3896 ) ) ;
#6046 = DIRECTION ( 'NONE',  ( -1.000000000000000000, 0.000000000000000000, 0.000000000000000000 ) ) ;
#6047 = EDGE_CURVE ( 'NONE', #1846, #877, #5654, .T. ) ;
#6048 = MECHANICAL_DESIGN_GEOMETRIC_PRESENTATION_REPRESENTATION (  '', ( #4142 ), #6108 ) ;
#6049 = ORIENTED_EDGE ( 'NONE', *, *, #394, .F. ) ;
#6050 = AXIS2_PLACEMENT_3D ( 'NONE', #2166, #6396, #2140 ) ;
#6051 = ORIENTED_EDGE ( 'NONE', *, *, #3162, .F. ) ;
#6052 = PRESENTATION_STYLE_ASSIGNMENT (( #7884 ) ) ;
#6053 = FACE_OUTER_BOUND ( 'NONE', #8990, .T. ) ;
#6054 = CARTESIAN_POINT ( 'NONE',  ( -2.561679381948791967, 7.000000000000000888, -4.310987324483573246 ) ) ;
#6055 = ORIENTED_EDGE ( 'NONE', *, *, #391, .F. ) ;
#6056 =( NAMED_UNIT ( * ) PLANE_ANGLE_UNIT ( ) SI_UNIT ( $, .RADIAN. ) );
#6057 =( NAMED_UNIT ( * ) PLANE_ANGLE_UNIT ( ) SI_UNIT ( $, .RADIAN. ) );
#6058 = ORIENTED_EDGE ( 'NONE', *, *, #7913, .F. ) ;
#6059 = DIRECTION ( 'NONE',  ( 0.000000000000000000, 0.000000000000000000, 1.000000000000000000 ) ) ;
#6060 = DIRECTION ( 'NONE',  ( 0.000000000000000000, -1.000000000000000000, 0.000000000000000000 ) ) ;
#6061 = ADVANCED_FACE ( 'NONE', ( #3759 ), #5320, .F. ) ;
#6062 = ORIENTED_EDGE ( 'NONE', *, *, #9204, .T. ) ;
#6063 = STYLED_ITEM ( 'NONE', ( #1815 ), #4569 ) ;
#6064 = EDGE_CURVE ( 'NONE', #3013, #3141, #3294, .T. ) ;
#6065 = CIRCLE ( 'NONE', #5264, 6.924999999999999822 ) ;
#6066 =( GEOMETRIC_REPRESENTATION_CONTEXT ( 3 ) GLOBAL_UNCERTAINTY_ASSIGNED_CONTEXT ( ( #1155 ) ) GLOBAL_UNIT_ASSIGNED_CONTEXT ( ( #4636, #3997, #4746 ) ) REPRESENTATION_CONTEXT ( 'NONE', 'WORKASPACE' ) );
#6067 = EDGE_CURVE ( 'NONE', #1624, #989, #7233, .T. ) ;
#6068 = ORIENTED_EDGE ( 'NONE', *, *, #9254, .T. ) ;
#6069 = COLOUR_RGB ( '',0.2509803921568627416, 0.2509803921568627416, 0.2509803921568627416 ) ;
#6070 = VERTEX_POINT ( 'NONE', #7668 ) ;
#6071 = DIRECTION ( 'NONE',  ( 0.000000000000000000, 0.000000000000000000, -1.000000000000000000 ) ) ;
#6072 = VERTEX_POINT ( 'NONE', #2759 ) ;
#6073 = ORIENTED_EDGE ( 'NONE', *, *, #3611, .T. ) ;
#6074 = FACE_OUTER_BOUND ( 'NONE', #9002, .T. ) ;
#6075 = CARTESIAN_POINT ( 'NONE',  ( -3.275639329619170148, 7.000000000000000888, 3.836521063224087147 ) ) ;
#6076 = DIRECTION ( 'NONE',  ( 0.000000000000000000, 0.000000000000000000, -1.000000000000000000 ) ) ;
#6077 = SURFACE_STYLE_FILL_AREA ( #2872 ) ;
#6078 = ORIENTED_EDGE ( 'NONE', *, *, #5594, .F. ) ;
#6079 = MECHANICAL_DESIGN_GEOMETRIC_PRESENTATION_REPRESENTATION (  '', ( #1328 ), #1441 ) ;
#6080 = VERTEX_POINT ( 'NONE', #3207 ) ;
#6081 = CARTESIAN_POINT ( 'NONE',  ( 0.000000000000000000, 6.900000000000000355, 7.195565981523416532 ) ) ;
#6082 = EDGE_CURVE ( 'NONE', #2202, #1841, #6665, .T. ) ;
#6083 = ORIENTED_EDGE ( 'NONE', *, *, #1261, .T. ) ;
#6084 = SURFACE_SIDE_STYLE ('',( #6917 ) ) ;
#6085 = PRESENTATION_STYLE_ASSIGNMENT (( #8422 ) ) ;
#6086 = ORIENTED_EDGE ( 'NONE', *, *, #1428, .T. ) ;
#6087 = EDGE_CURVE ( 'NONE', #7365, #3854, #3987, .T. ) ;
#6088 = CARTESIAN_POINT ( 'NONE',  ( -6.393145474984826215, 4.400000000000000355, 3.517879180194048772 ) ) ;
#6089 = ORIENTED_EDGE ( 'NONE', *, *, #3855, .F. ) ;
#6090 = ORIENTED_EDGE ( 'NONE', *, *, #2679, .F. ) ;
#6091 = DIRECTION ( 'NONE',  ( 0.000000000000000000, 1.000000000000000000, 0.000000000000000000 ) ) ;
#6092 = PRESENTATION_LAYER_ASSIGNMENT (  '', '', ( #1805 ) ) ;
#6093 = ORIENTED_EDGE ( 'NONE', *, *, #7403, .F. ) ;
#6094 = CIRCLE ( 'NONE', #2155, 6.924999999999999822 ) ;
#6095 = SURFACE_STYLE_USAGE ( .BOTH. , #3325 ) ;
#6096 = FILL_AREA_STYLE ('',( #3912 ) ) ;
#6097 = STYLED_ITEM ( 'NONE', ( #7070 ), #7383 ) ;
#6098 = LINE ( 'NONE', #2777, #3180 ) ;
#6099 = DIRECTION ( 'NONE',  ( -0.8660254037844380415, -0.000000000000000000, -0.5000000000000009992 ) ) ;
#6100 = SURFACE_STYLE_FILL_AREA ( #767 ) ;
#6101 = UNCERTAINTY_MEASURE_WITH_UNIT (LENGTH_MEASURE( 1.000000000000000082E-05 ), #9008, 'distance_accuracy_value', 'NONE');
#6102 = COLOUR_RGB ( '',0.9098039215686274384, 0.4431372549019607643, 0.03137254901960784270 ) ;
#6103 = FACE_OUTER_BOUND ( 'NONE', #8910, .T. ) ;
#6104 = CARTESIAN_POINT ( 'NONE',  ( 2.434764514642112410, 6.950000000000000178, 4.304093053426401916 ) ) ;
#6105 =( NAMED_UNIT ( * ) SI_UNIT ( $, .STERADIAN. ) SOLID_ANGLE_UNIT ( ) );
#6106 = CIRCLE ( 'NONE', #3961, 6.924999999999999822 ) ;
#6107 = ORIENTED_EDGE ( 'NONE', *, *, #3611, .F. ) ;
#6108 =( GEOMETRIC_REPRESENTATION_CONTEXT ( 3 ) GLOBAL_UNCERTAINTY_ASSIGNED_CONTEXT ( ( #1770 ) ) GLOBAL_UNIT_ASSIGNED_CONTEXT ( ( #5094, #6635, #953 ) ) REPRESENTATION_CONTEXT ( 'NONE', 'WORKASPACE' ) );
#6109 = SURFACE_STYLE_USAGE ( .BOTH. , #6167 ) ;
#6110 =( GEOMETRIC_REPRESENTATION_CONTEXT ( 3 ) GLOBAL_UNCERTAINTY_ASSIGNED_CONTEXT ( ( #6101 ) ) GLOBAL_UNIT_ASSIGNED_CONTEXT ( ( #9008, #4711, #437 ) ) REPRESENTATION_CONTEXT ( 'NONE', 'WORKASPACE' ) );
#6111 = VERTEX_POINT ( 'NONE', #8463 ) ;
#6112 = ADVANCED_FACE ( 'NONE', ( #5645 ), #4435, .T. ) ;
#6113 = UNCERTAINTY_MEASURE_WITH_UNIT (LENGTH_MEASURE( 1.000000000000000082E-05 ), #7589, 'distance_accuracy_value', 'NONE');
#6114 = DIRECTION ( 'NONE',  ( -0.9999999999076958357, 0.000000000000000000, -1.358706713052775731E-05 ) ) ;
#6115 = CARTESIAN_POINT ( 'NONE',  ( 3.467879180194027633, 4.400000000000000355, 6.306542934606394368 ) ) ;
#6116 = DIRECTION ( 'NONE',  ( 0.000000000000000000, -1.000000000000000000, 0.000000000000000000 ) ) ;
#6117 = DIRECTION ( 'NONE',  ( 0.000000000000000000, 1.000000000000000000, 0.000000000000000000 ) ) ;
#6118 =( NAMED_UNIT ( * ) PLANE_ANGLE_UNIT ( ) SI_UNIT ( $, .RADIAN. ) );
#6119 =( NAMED_UNIT ( * ) SI_UNIT ( $, .STERADIAN. ) SOLID_ANGLE_UNIT ( ) );
#6120 = ORIENTED_EDGE ( 'NONE', *, *, #6141, .T. ) ;
#6121 = VECTOR ( 'NONE', #7202, 1000.000000000000000 ) ;
#6122 = CARTESIAN_POINT ( 'NONE',  ( 2.582449919001661875, 7.000000000000000888, 4.304093053426401916 ) ) ;
#6123 = MECHANICAL_DESIGN_GEOMETRIC_PRESENTATION_REPRESENTATION (  '', ( #5153 ), #7627 ) ;
#6124 = CARTESIAN_POINT ( 'NONE',  ( -6.193145474984825150, 0.000000000000000000, -3.864289341707824121 ) ) ;
#6125 = EDGE_CURVE ( 'NONE', #1359, #7416, #3062, .T. ) ;
#6126 = DIRECTION ( 'NONE',  ( 0.000000000000000000, 1.000000000000000000, 0.000000000000000000 ) ) ;
#6127 =( NAMED_UNIT ( * ) PLANE_ANGLE_UNIT ( ) SI_UNIT ( $, .RADIAN. ) );
#6128 = ORIENTED_EDGE ( 'NONE', *, *, #9177, .T. ) ;
#6129 = PRESENTATION_STYLE_ASSIGNMENT (( #7158 ) ) ;
#6130 = CYLINDRICAL_SURFACE ( 'NONE', #2538, 0.09999999999999982514 ) ;
#6131 = CARTESIAN_POINT ( 'NONE',  ( 0.000000000000000000, -1.549999999999999378, 4.764999999999999680 ) ) ;
#6132 = FILL_AREA_STYLE ('',( #3308 ) ) ;
#6133 = AXIS2_PLACEMENT_3D ( 'NONE', #919, #8738, #1532 ) ;
#6134 = LINE ( 'NONE', #7436, #4351 ) ;
#6135 = ORIENTED_EDGE ( 'NONE', *, *, #8822, .F. ) ;
#6136 = ADVANCED_FACE ( 'NONE', ( #7459 ), #7046, .F. ) ;
#6137 = AXIS2_PLACEMENT_3D ( 'NONE', #6465, #1523, #34 ) ;
#6138 = FILL_AREA_STYLE_COLOUR ( '', #8909 ) ;
#6139 = CYLINDRICAL_SURFACE ( 'NONE', #5147, 7.049999999999999822 ) ;
#6140 = SURFACE_STYLE_USAGE ( .BOTH. , #3958 ) ;
#6141 = EDGE_CURVE ( 'NONE', #8927, #9215, #2846, .T. ) ;
#6142 =( GEOMETRIC_REPRESENTATION_CONTEXT ( 3 ) GLOBAL_UNCERTAINTY_ASSIGNED_CONTEXT ( ( #768 ) ) GLOBAL_UNIT_ASSIGNED_CONTEXT ( ( #5503, #2743, #2069 ) ) REPRESENTATION_CONTEXT ( 'NONE', 'WORKASPACE' ) );
#6143 = LINE ( 'NONE', #800, #1581 ) ;
#6144 = CARTESIAN_POINT ( 'NONE',  ( 6.306542934606381934, 4.400000000000000355, 3.467879180194048505 ) ) ;
#6145 = VERTEX_POINT ( 'NONE', #602 ) ;
#6146 =( LENGTH_UNIT ( ) NAMED_UNIT ( * ) SI_UNIT ( .MILLI., .METRE. ) );
#6147 = DIRECTION ( 'NONE',  ( -0.000000000000000000, 1.000000000000000000, -0.000000000000000000 ) ) ;
#6148 = PRESENTATION_LAYER_ASSIGNMENT (  '', '', ( #5366 ) ) ;
#6149 = AXIS2_PLACEMENT_3D ( 'NONE', #1880, #8336, #5546 ) ;
#6150 = SURFACE_STYLE_USAGE ( .BOTH. , #1119 ) ;
#6151 = UNCERTAINTY_MEASURE_WITH_UNIT (LENGTH_MEASURE( 1.000000000000000082E-05 ), #8195, 'distance_accuracy_value', 'NONE');
#6152 = EDGE_LOOP ( 'NONE', ( #1691, #5064, #6963, #2185 ) ) ;
#6153 = DIRECTION ( 'NONE',  ( 0.000000000000000000, 1.000000000000000000, 0.000000000000000000 ) ) ;
#6154 = ADVANCED_FACE ( 'NONE', ( #8924 ), #8263, .T. ) ;
#6155 = SURFACE_STYLE_USAGE ( .BOTH. , #1283 ) ;
#6156 =( NAMED_UNIT ( * ) PLANE_ANGLE_UNIT ( ) SI_UNIT ( $, .RADIAN. ) );
#6157 = ADVANCED_FACE ( 'NONE', ( #5198 ), #7799, .T. ) ;
#6158 = SURFACE_STYLE_FILL_AREA ( #2237 ) ;
#6159 = EDGE_CURVE ( 'NONE', #530, #6369, #8017, .T. ) ;
#6160 = PRESENTATION_LAYER_ASSIGNMENT (  '', '', ( #5325 ) ) ;
#6161 = ORIENTED_EDGE ( 'NONE', *, *, #5464, .T. ) ;
#6162 = STYLED_ITEM ( 'NONE', ( #2816 ), #2579 ) ;
#6163 = UNCERTAINTY_MEASURE_WITH_UNIT (LENGTH_MEASURE( 1.000000000000000082E-05 ), #8798, 'distance_accuracy_value', 'NONE');
#6164 = PLANE ( 'NONE',  #300 ) ;
#6165 = EDGE_CURVE ( 'NONE', #4155, #1535, #776, .T. ) ;
#6166 = EDGE_LOOP ( 'NONE', ( #5561, #1503, #8016, #2529 ) ) ;
#6167 = SURFACE_SIDE_STYLE ('',( #4023 ) ) ;
#6168 = ORIENTED_EDGE ( 'NONE', *, *, #5587, .T. ) ;
#6169 = CARTESIAN_POINT ( 'NONE',  ( -3.467879180194027633, 0.000000000000000000, -6.306542934606394368 ) ) ;
#6170 = EDGE_CURVE ( 'NONE', #3478, #8387, #3742, .T. ) ;
#6171 =( GEOMETRIC_REPRESENTATION_CONTEXT ( 3 ) GLOBAL_UNCERTAINTY_ASSIGNED_CONTEXT ( ( #5417 ) ) GLOBAL_UNIT_ASSIGNED_CONTEXT ( ( #8371, #4875, #9167 ) ) REPRESENTATION_CONTEXT ( 'NONE', 'WORKASPACE' ) );
#6172 = DIRECTION ( 'NONE',  ( 0.000000000000000000, 0.000000000000000000, 1.000000000000000000 ) ) ;
#6173 = VECTOR ( 'NONE', #379, 1000.000000000000000 ) ;
#6174 =( LENGTH_UNIT ( ) NAMED_UNIT ( * ) SI_UNIT ( .MILLI., .METRE. ) );
#6175 = VECTOR ( 'NONE', #7010, 1000.000000000000114 ) ;
#6176 = AXIS2_PLACEMENT_3D ( 'NONE', #8885, #3172, #409 ) ;
#6177 = CARTESIAN_POINT ( 'NONE',  ( -5.294273332394092257, 7.000000000000000888, 2.556508859764709207 ) ) ;
#6178 = DIRECTION ( 'NONE',  ( 0.000000000000000000, 0.000000000000000000, -1.000000000000000000 ) ) ;
#6179 = FACE_OUTER_BOUND ( 'NONE', #2718, .T. ) ;
#6180 =( GEOMETRIC_REPRESENTATION_CONTEXT ( 3 ) GLOBAL_UNCERTAINTY_ASSIGNED_CONTEXT ( ( #6901 ) ) GLOBAL_UNIT_ASSIGNED_CONTEXT ( ( #6761, #8201, #7522 ) ) REPRESENTATION_CONTEXT ( 'NONE', 'WORKASPACE' ) );
#6181 =( LENGTH_UNIT ( ) NAMED_UNIT ( * ) SI_UNIT ( .MILLI., .METRE. ) );
#6182 = ORIENTED_EDGE ( 'NONE', *, *, #2698, .T. ) ;
#6183 = LINE ( 'NONE', #2119, #4288 ) ;
#6184 = LINE ( 'NONE', #4427, #1179 ) ;
#6185 = CARTESIAN_POINT ( 'NONE',  ( -3.727686801329359145, 0.000000000000000000, 6.156542934606394901 ) ) ;
#6186 = ORIENTED_EDGE ( 'NONE', *, *, #6159, .T. ) ;
#6187 =( LENGTH_UNIT ( ) NAMED_UNIT ( * ) SI_UNIT ( .MILLI., .METRE. ) );
#6188 = FACE_OUTER_BOUND ( 'NONE', #9120, .T. ) ;
#6189 = SURFACE_SIDE_STYLE ('',( #6 ) ) ;
#6190 = CARTESIAN_POINT ( 'NONE',  ( 3.819643761461755993, 4.400000000000000355, -5.925607271455500147 ) ) ;
#6191 = SURFACE_STYLE_USAGE ( .BOTH. , #1282 ) ;
#6192 = FILL_AREA_STYLE ('',( #4294 ) ) ;
#6193 = ORIENTED_EDGE ( 'NONE', *, *, #576, .T. ) ;
#6194 = MECHANICAL_DESIGN_GEOMETRIC_PRESENTATION_REPRESENTATION (  '', ( #5225 ), #2496 ) ;
#6195 = CARTESIAN_POINT ( 'NONE',  ( -6.309658438426485105, 4.400000000000000355, -3.354207863325322059 ) ) ;
#6196 = EDGE_LOOP ( 'NONE', ( #2950, #3711, #5928, #4657 ) ) ;
#6197 = CIRCLE ( 'NONE', #8568, 7.049999999999999822 ) ;
#6198 = VERTEX_POINT ( 'NONE', #11 ) ;
#6199 = STYLED_ITEM ( 'NONE', ( #2573 ), #439 ) ;
#6200 = DIRECTION ( 'NONE',  ( 0.000000000000000000, 0.000000000000000000, 1.000000000000000000 ) ) ;
#6201 = ORIENTED_EDGE ( 'NONE', *, *, #4039, .F. ) ;
#6202 = VERTEX_POINT ( 'NONE', #4346 ) ;
#6203 = DIRECTION ( 'NONE',  ( 1.000000000000000000, -0.000000000000000000, 0.000000000000000000 ) ) ;
#6204 = COLOUR_RGB ( '',0.9098039215686274384, 0.4431372549019607643, 0.03137254901960784270 ) ;
#6205 = VECTOR ( 'NONE', #8206, 1000.000000000000000 ) ;
#6206 = VERTEX_POINT ( 'NONE', #2233 ) ;
#6207 = DIRECTION ( 'NONE',  ( 0.000000000000000000, 0.000000000000000000, 1.000000000000000000 ) ) ;
#6208 = PRESENTATION_STYLE_ASSIGNMENT (( #3274 ) ) ;
#6209 =( GEOMETRIC_REPRESENTATION_CONTEXT ( 3 ) GLOBAL_UNCERTAINTY_ASSIGNED_CONTEXT ( ( #1200 ) ) GLOBAL_UNIT_ASSIGNED_CONTEXT ( ( #2800, #4258, #2169 ) ) REPRESENTATION_CONTEXT ( 'NONE', 'WORKASPACE' ) );
#6210 = DIRECTION ( 'NONE',  ( 0.8660254037844378194, 0.000000000000000000, -0.5000000000000013323 ) ) ;
#6211 = ADVANCED_FACE ( 'NONE', ( #882 ), #1540, .T. ) ;
#6212 = ORIENTED_EDGE ( 'NONE', *, *, #4394, .T. ) ;
#6213 = DIRECTION ( 'NONE',  ( 0.000000000000000000, 0.000000000000000000, 1.000000000000000000 ) ) ;
#6214 = DIRECTION ( 'NONE',  ( 0.000000000000000000, 0.000000000000000000, 1.000000000000000000 ) ) ;
#6215 = MECHANICAL_DESIGN_GEOMETRIC_PRESENTATION_REPRESENTATION (  '', ( #7001 ), #8619 ) ;
#6216 = FACE_OUTER_BOUND ( 'NONE', #5162, .T. ) ;
#6217 = CIRCLE ( 'NONE', #6496, 7.049999999999999822 ) ;
#6218 = PRESENTATION_STYLE_ASSIGNMENT (( #7014 ) ) ;
#6219 = ADVANCED_FACE ( 'NONE', ( #5083 ), #7887, .F. ) ;
#6220 = ORIENTED_EDGE ( 'NONE', *, *, #5976, .T. ) ;
#6221 = FILL_AREA_STYLE ('',( #3352 ) ) ;
#6222 = DIRECTION ( 'NONE',  ( -0.000000000000000000, 1.000000000000000000, -0.000000000000000000 ) ) ;
#6224 = LINE ( 'NONE', #7286, #1545 ) ;
#6223 =( GEOMETRIC_REPRESENTATION_CONTEXT ( 3 ) GLOBAL_UNCERTAINTY_ASSIGNED_CONTEXT ( ( #8534 ) ) GLOBAL_UNIT_ASSIGNED_CONTEXT ( ( #958, #5221, #1660 ) ) REPRESENTATION_CONTEXT ( 'NONE', 'WORKASPACE' ) );
#6225 = CARTESIAN_POINT ( 'NONE',  ( 0.000000000000000000, 6.750000000000000888, -6.924999999999999822 ) ) ;
#6226 = UNCERTAINTY_MEASURE_WITH_UNIT (LENGTH_MEASURE( 1.000000000000000082E-05 ), #6788, 'distance_accuracy_value', 'NONE');
#6227 = FILL_AREA_STYLE_COLOUR ( '', #8916 ) ;
#6228 = COLOUR_RGB ( '',0.2509803921568627416, 0.2509803921568627416, 0.2509803921568627416 ) ;
#6229 = DIRECTION ( 'NONE',  ( 0.000000000000000000, 1.000000000000000000, 0.000000000000000000 ) ) ;
#6230 = SURFACE_STYLE_FILL_AREA ( #7224 ) ;
#6231 = DIRECTION ( 'NONE',  ( 0.000000000000000000, 0.000000000000000000, 1.000000000000000000 ) ) ;
#6232 = COLOUR_RGB ( '',0.2509803921568627416, 0.2509803921568627416, 0.2509803921568627416 ) ;
#6233 = VERTEX_POINT ( 'NONE', #1455 ) ;
#6234 = PRESENTATION_LAYER_ASSIGNMENT (  '', '', ( #8044 ) ) ;
#6235 = DIRECTION ( 'NONE',  ( 1.000000000000000000, 0.000000000000000000, -4.336808689942013792E-16 ) ) ;
#6236 =( GEOMETRIC_REPRESENTATION_CONTEXT ( 3 ) GLOBAL_UNCERTAINTY_ASSIGNED_CONTEXT ( ( #1383 ) ) GLOBAL_UNIT_ASSIGNED_CONTEXT ( ( #4342, #6481, #5721 ) ) REPRESENTATION_CONTEXT ( 'NONE', 'WORKASPACE' ) );
#6237 = FACE_OUTER_BOUND ( 'NONE', #850, .T. ) ;
#6238 = DIRECTION ( 'NONE',  ( 0.000000000000000000, 1.000000000000000000, 0.000000000000000000 ) ) ;
#6239 = ORIENTED_EDGE ( 'NONE', *, *, #817, .F. ) ;
#6240 = SURFACE_STYLE_USAGE ( .BOTH. , #8367 ) ;
#6241 = DIRECTION ( 'NONE',  ( -0.000000000000000000, -1.000000000000000000, -0.000000000000000000 ) ) ;
#6242 = FACE_OUTER_BOUND ( 'NONE', #1743, .T. ) ;
#6243 =( LENGTH_UNIT ( ) NAMED_UNIT ( * ) SI_UNIT ( .MILLI., .METRE. ) );
#6244 = CARTESIAN_POINT ( 'NONE',  ( 0.000000000000000000, -28.50000000000000000, 4.764999999999999680 ) ) ;
#6245 = PLANE ( 'NONE',  #6772 ) ;
#6246 = APPLICATION_PROTOCOL_DEFINITION ( 'draft international standard', 'automotive_design', 1998, #2623 ) ;
#6247 =( LENGTH_UNIT ( ) NAMED_UNIT ( * ) SI_UNIT ( .MILLI., .METRE. ) );
#6248 =( NAMED_UNIT ( * ) SI_UNIT ( $, .STERADIAN. ) SOLID_ANGLE_UNIT ( ) );
#6249 = CARTESIAN_POINT ( 'NONE',  ( 5.464635013455913182, 6.950000000000000178, 3.519625572374381228 ) ) ;
#6250 = ORIENTED_EDGE ( 'NONE', *, *, #7021, .T. ) ;
#6251 = SURFACE_STYLE_USAGE ( .BOTH. , #2723 ) ;
#6252 = MECHANICAL_DESIGN_GEOMETRIC_PRESENTATION_REPRESENTATION (  '', ( #4335 ), #829 ) ;
#6253 = EDGE_CURVE ( 'NONE', #5282, #8133, #1097, .T. ) ;
#6254 = AXIS2_PLACEMENT_3D ( 'NONE', #2354, #2419, #3104 ) ;
#6255 = DIRECTION ( 'NONE',  ( 0.000000000000000000, 0.000000000000000000, -1.000000000000000000 ) ) ;
#6256 = DIRECTION ( 'NONE',  ( -0.000000000000000000, -1.000000000000000000, -0.000000000000000000 ) ) ;
#6257 = EDGE_CURVE ( 'NONE', #6041, #6978, #4088, .T. ) ;
#6258 =( NAMED_UNIT ( * ) PLANE_ANGLE_UNIT ( ) SI_UNIT ( $, .RADIAN. ) );
#6259 = SURFACE_STYLE_FILL_AREA ( #1044 ) ;
#6260 = DIRECTION ( 'NONE',  ( 0.000000000000000000, 0.000000000000000000, -1.000000000000000000 ) ) ;
#6261 = VECTOR ( 'NONE', #3695, 1000.000000000000000 ) ;
#6262 = ORIENTED_EDGE ( 'NONE', *, *, #5080, .T. ) ;
#6263 = PRESENTATION_LAYER_ASSIGNMENT (  '', '', ( #3544 ) ) ;
#6264 = CIRCLE ( 'NONE', #5755, 0.1353067852383595393 ) ;
#6265 = EDGE_CURVE ( 'NONE', #2411, #5860, #4977, .T. ) ;
#6266 = VERTEX_POINT ( 'NONE', #1486 ) ;
#6267 = AXIS2_PLACEMENT_3D ( 'NONE', #1175, #2013, #7036 ) ;
#6268 = CARTESIAN_POINT ( 'NONE',  ( -6.359658438426486704, 4.400000000000000355, 3.267605322946879554 ) ) ;
#6269 = DIRECTION ( 'NONE',  ( 0.000000000000000000, -1.000000000000000000, 0.000000000000000000 ) ) ;
#6270 = LINE ( 'NONE', #6625, #6039 ) ;
#6271 = CARTESIAN_POINT ( 'NONE',  ( 6.226639124038715778, 0.000000000000000000, -3.306276639815604934 ) ) ;
#6272 = CIRCLE ( 'NONE', #5682, 0.09999999999999999167 ) ;
#6273 = DIRECTION ( 'NONE',  ( -0.000000000000000000, -1.000000000000000000, -0.000000000000000000 ) ) ;
#6274 = DIRECTION ( 'NONE',  ( 0.000000000000000000, 0.000000000000000000, 1.000000000000000000 ) ) ;
#6275 = UNCERTAINTY_MEASURE_WITH_UNIT (LENGTH_MEASURE( 1.000000000000000082E-05 ), #4333, 'distance_accuracy_value', 'NONE');
#6276 = PRESENTATION_LAYER_ASSIGNMENT (  '', '', ( #5131 ) ) ;
#6277 = AXIS2_PLACEMENT_3D ( 'NONE', #936, #2352, #3101 ) ;
#6278 = DIRECTION ( 'NONE',  ( -0.000000000000000000, -1.000000000000000000, -0.000000000000000000 ) ) ;
#6279 = CARTESIAN_POINT ( 'NONE',  ( 3.579326398285364252, 6.950000000000000178, -3.916962665652261144 ) ) ;
#6280 = PRESENTATION_LAYER_ASSIGNMENT (  '', '', ( #1040 ) ) ;
#6281 = COLOUR_RGB ( '',1.000000000000000000, 1.000000000000000000, 1.000000000000000000 ) ;
#6282 = DIRECTION ( 'NONE',  ( 0.000000000000000000, 0.000000000000000000, 1.000000000000000000 ) ) ;
#6283 = CARTESIAN_POINT ( 'NONE',  ( 6.009658438426486171, 4.400000000000000355, 3.773823105595984995 ) ) ;
#6284 = ORIENTED_EDGE ( 'NONE', *, *, #650, .T. ) ;
#6285 = EDGE_CURVE ( 'NONE', #2443, #3132, #763, .T. ) ;
#6286 = CARTESIAN_POINT ( 'NONE',  ( 5.925607271455486824, 4.400000000000000355, 3.819643761461775533 ) ) ;
#6287 = ORIENTED_EDGE ( 'NONE', *, *, #37, .T. ) ;
#6288 =( NAMED_UNIT ( * ) PLANE_ANGLE_UNIT ( ) SI_UNIT ( $, .RADIAN. ) );
#6289 = SURFACE_STYLE_USAGE ( .BOTH. , #3399 ) ;
#6290 = DIRECTION ( 'NONE',  ( 0.000000000000000000, 0.000000000000000000, -1.000000000000000000 ) ) ;
#6291 = SURFACE_SIDE_STYLE ('',( #3593 ) ) ;
#6292 = UNCERTAINTY_MEASURE_WITH_UNIT (LENGTH_MEASURE( 1.000000000000000082E-05 ), #2809, 'distance_accuracy_value', 'NONE');
#6293 = VECTOR ( 'NONE', #7007, 1000.000000000000000 ) ;
#6294 = VECTOR ( 'NONE', #5805, 1000.000000000000000 ) ;
#6295 = DIRECTION ( 'NONE',  ( -0.000000000000000000, -0.000000000000000000, -1.000000000000000000 ) ) ;
#6296 = VECTOR ( 'NONE', #6488, 1000.000000000000000 ) ;
#6297 = AXIS2_PLACEMENT_3D ( 'NONE', #2051, #4197, #6934 ) ;
#6298 = ORIENTED_EDGE ( 'NONE', *, *, #5195, .T. ) ;
#6299 = MECHANICAL_DESIGN_GEOMETRIC_PRESENTATION_REPRESENTATION (  '', ( #8818 ), #3035 ) ;
#6300 = ORIENTED_EDGE ( 'NONE', *, *, #3647, .T. ) ;
#6301 = DIRECTION ( 'NONE',  ( -0.000000000000000000, -0.000000000000000000, 1.000000000000000000 ) ) ;
#6302 = ORIENTED_EDGE ( 'NONE', *, *, #945, .F. ) ;
#6303 = COLOUR_RGB ( '',1.000000000000000000, 1.000000000000000000, 1.000000000000000000 ) ;
#6304 = LINE ( 'NONE', #8799, #7530 ) ;
#6305 = FILL_AREA_STYLE ('',( #4865 ) ) ;
#6306 = EDGE_LOOP ( 'NONE', ( #698, #4525, #463, #8183 ) ) ;
#6307 = EDGE_CURVE ( 'NONE', #1968, #7767, #1204, .T. ) ;
#6308 = DIRECTION ( 'NONE',  ( 0.000000000000000000, 1.000000000000000000, 0.000000000000000000 ) ) ;
#6309 = CARTESIAN_POINT ( 'NONE',  ( 0.000000000000000000, -28.50000000000000000, 4.764999999999999680 ) ) ;
#6310 = DIRECTION ( 'NONE',  ( 0.000000000000000000, -1.000000000000000000, 0.000000000000000000 ) ) ;
#6311 = ORIENTED_EDGE ( 'NONE', *, *, #2644, .F. ) ;
#6312 = DIRECTION ( 'NONE',  ( -0.000000000000000000, -1.000000000000000000, -0.000000000000000000 ) ) ;
#6313 = LINE ( 'NONE', #3561, #4520 ) ;
#6314 = EDGE_LOOP ( 'NONE', ( #1370, #8396 ) ) ;
#6315 = AXIS2_PLACEMENT_3D ( 'NONE', #2409, #5328, #5981 ) ;
#6316 = DIRECTION ( 'NONE',  ( 0.000000000000000000, 1.000000000000000000, 0.000000000000000000 ) ) ;
#6317 = EDGE_CURVE ( 'NONE', #8255, #7978, #4308, .T. ) ;
#6318 = DIRECTION ( 'NONE',  ( 0.000000000000000000, 0.000000000000000000, 1.000000000000000000 ) ) ;
#6319 = CARTESIAN_POINT ( 'NONE',  ( 3.431276639815582730, 4.400000000000000355, -6.443145474984837584 ) ) ;
#6320 = CARTESIAN_POINT ( 'NONE',  ( 2.434764514642112854, 7.000000000000000888, -3.375547973270169866 ) ) ;
#6321 = VERTEX_POINT ( 'NONE', #5168 ) ;
#6322 = DIRECTION ( 'NONE',  ( 0.000000000000000000, 0.000000000000000000, 1.000000000000000000 ) ) ;
#6323 = ORIENTED_EDGE ( 'NONE', *, *, #6087, .T. ) ;
#6324 = DIRECTION ( 'NONE',  ( -0.000000000000000000, -1.000000000000000000, -0.000000000000000000 ) ) ;
#6325 = ORIENTED_EDGE ( 'NONE', *, *, #4936, .F. ) ;
#6326 = CARTESIAN_POINT ( 'NONE',  ( 0.000000000000000000, 4.400000000000000355, 0.000000000000000000 ) ) ;
#6327 = CYLINDRICAL_SURFACE ( 'NONE', #4080, 0.09999999999999982514 ) ;
#6328 = ORIENTED_EDGE ( 'NONE', *, *, #720, .T. ) ;
#6329 = PRESENTATION_LAYER_ASSIGNMENT (  '', '', ( #3363 ) ) ;
#6330 = PLANE ( 'NONE',  #4735 ) ;
#6331 = ORIENTED_EDGE ( 'NONE', *, *, #4567, .F. ) ;
#6332 = ORIENTED_EDGE ( 'NONE', *, *, #817, .T. ) ;
#6333 = DIRECTION ( 'NONE',  ( -0.8660254037844382635, 0.000000000000000000, 0.5000000000000006661 ) ) ;
#6334 = EDGE_CURVE ( 'NONE', #9061, #7539, #1086, .T. ) ;
#6335 = AXIS2_PLACEMENT_3D ( 'NONE', #7716, #3470, #2103 ) ;
#6336 = UNCERTAINTY_MEASURE_WITH_UNIT (LENGTH_MEASURE( 1.000000000000000082E-05 ), #4199, 'distance_accuracy_value', 'NONE');
#6337 = FACE_OUTER_BOUND ( 'NONE', #2705, .T. ) ;
#6338 = PRESENTATION_LAYER_ASSIGNMENT (  '', '', ( #8078 ) ) ;
#6339 = SURFACE_STYLE_FILL_AREA ( #8726 ) ;
#6340 = LINE ( 'NONE', #8756, #2540 ) ;
#6341 = STYLED_ITEM ( 'NONE', ( #1182 ), #6906 ) ;
#6342 = SURFACE_SIDE_STYLE ('',( #1811 ) ) ;
#6343 = VERTEX_POINT ( 'NONE', #2263 ) ;
#6344 = CARTESIAN_POINT ( 'NONE',  ( 0.000000000000000000, 0.000000000000000000, 0.000000000000000000 ) ) ;
#6345 = UNCERTAINTY_MEASURE_WITH_UNIT (LENGTH_MEASURE( 1.000000000000000082E-05 ), #3845, 'distance_accuracy_value', 'NONE');
#6346 = ORIENTED_EDGE ( 'NONE', *, *, #5352, .T. ) ;
#6347 = CARTESIAN_POINT ( 'NONE',  ( -0.4326952959729711279, 7.000000000000000888, -2.784806355831972446 ) ) ;
#6348 = SURFACE_STYLE_FILL_AREA ( #8930 ) ;
#6349 = VECTOR ( 'NONE', #6746, 1000.000000000000114 ) ;
#6350 = CARTESIAN_POINT ( 'NONE',  ( 7.295565981523415289, 4.400000000000000355, -0.2500000000000000000 ) ) ;
#6351 =( LENGTH_UNIT ( ) NAMED_UNIT ( * ) SI_UNIT ( .MILLI., .METRE. ) );
#6352 = CARTESIAN_POINT ( 'NONE',  ( 0.000000000000000000, -28.50000000000000000, -4.764999999999998792 ) ) ;
#6353 = MECHANICAL_DESIGN_GEOMETRIC_PRESENTATION_REPRESENTATION (  '', ( #2050 ), #3326 ) ;
#6354 = MECHANICAL_DESIGN_GEOMETRIC_PRESENTATION_REPRESENTATION (  '', ( #637 ), #3273 ) ;
#6355 = LINE ( 'NONE', #3917, #9164 ) ;
#6356 = SURFACE_SIDE_STYLE ('',( #7187 ) ) ;
#6357 = VECTOR ( 'NONE', #822, 1000.000000000000000 ) ;
#6358 = LINE ( 'NONE', #3222, #3203 ) ;
#6359 = EDGE_CURVE ( 'NONE', #8688, #8461, #5302, .T. ) ;
#6360 = CARTESIAN_POINT ( 'NONE',  ( 4.286263797015732281E-17, -28.50000000000000000, 4.415000000000000036 ) ) ;
#6361 = ORIENTED_EDGE ( 'NONE', *, *, #8502, .F. ) ;
#6362 = AXIS2_PLACEMENT_3D ( 'NONE', #8557, #7048, #6260 ) ;
#6363 = PLANE ( 'NONE',  #8854 ) ;
#6364 = FILL_AREA_STYLE ('',( #1386 ) ) ;
#6365 = AXIS2_PLACEMENT_3D ( 'NONE', #5904, #246, #969 ) ;
#6366 = VECTOR ( 'NONE', #3017, 1000.000000000000114 ) ;
#6367 = SURFACE_STYLE_FILL_AREA ( #1804 ) ;
#6368 = CARTESIAN_POINT ( 'NONE',  ( -4.445012361338021023, 7.000000000000000888, -3.436973563545920651 ) ) ;
#6369 = VERTEX_POINT ( 'NONE', #6654 ) ;
#6370 = SURFACE_STYLE_USAGE ( .BOTH. , #8572 ) ;
#6371 = DIRECTION ( 'NONE',  ( -0.000000000000000000, -1.000000000000000000, -0.000000000000000000 ) ) ;
#6372 = CARTESIAN_POINT ( 'NONE',  ( 6.009658438426487059, 4.400000000000000355, -3.873823105595984639 ) ) ;
#6373 = CYLINDRICAL_SURFACE ( 'NONE', #8703, 0.09999999999999982514 ) ;
#6374 = CARTESIAN_POINT ( 'NONE',  ( 3.381276639815584240, 0.000000000000000000, 6.356542934606394191 ) ) ;
#6375 = PRESENTATION_LAYER_ASSIGNMENT (  '', '', ( #5868 ) ) ;
#6376 = PRESENTATION_STYLE_ASSIGNMENT (( #5419 ) ) ;
#6377 = ORIENTED_EDGE ( 'NONE', *, *, #8172, .T. ) ;
#6378 = DIRECTION ( 'NONE',  ( 0.000000000000000000, 0.000000000000000000, 1.000000000000000000 ) ) ;
#6379 = EDGE_CURVE ( 'NONE', #2303, #2600, #3056, .T. ) ;
#6380 =( NAMED_UNIT ( * ) PLANE_ANGLE_UNIT ( ) SI_UNIT ( $, .RADIAN. ) );
#6381 = DIRECTION ( 'NONE',  ( 0.000000000000000000, 0.000000000000000000, 1.000000000000000000 ) ) ;
#6382 = COLOUR_RGB ( '',1.000000000000000000, 1.000000000000000000, 1.000000000000000000 ) ;
#6383 = ORIENTED_EDGE ( 'NONE', *, *, #7878, .F. ) ;
#6384 = CARTESIAN_POINT ( 'NONE',  ( 4.723888281928616983, 7.000000000000000888, 2.531868201111808769 ) ) ;
#6385 = STYLED_ITEM ( 'NONE', ( #7812 ), #6019 ) ;
#6386 = SURFACE_STYLE_USAGE ( .BOTH. , #5709 ) ;
#6387 = UNCERTAINTY_MEASURE_WITH_UNIT (LENGTH_MEASURE( 1.000000000000000082E-05 ), #7665, 'distance_accuracy_value', 'NONE');
#6388 =( NAMED_UNIT ( * ) PLANE_ANGLE_UNIT ( ) SI_UNIT ( $, .RADIAN. ) );
#6389 =( LENGTH_UNIT ( ) NAMED_UNIT ( * ) SI_UNIT ( .MILLI., .METRE. ) );
#6390 = DIRECTION ( 'NONE',  ( 0.000000000000000000, 1.000000000000000000, 0.000000000000000000 ) ) ;
#6391 = AXIS2_PLACEMENT_3D ( 'NONE', #3421, #9144, #2077 ) ;
#6392 = EDGE_LOOP ( 'NONE', ( #6193, #8425, #790, #4737 ) ) ;
#6393 = STYLED_ITEM ( 'NONE', ( #4845 ), #7057 ) ;
#6394 = ORIENTED_EDGE ( 'NONE', *, *, #7517, .T. ) ;
#6395 = UNCERTAINTY_MEASURE_WITH_UNIT (LENGTH_MEASURE( 1.000000000000000082E-05 ), #5716, 'distance_accuracy_value', 'NONE');
#6396 = DIRECTION ( 'NONE',  ( 0.000000000000000000, 1.000000000000000000, 0.000000000000000000 ) ) ;
#6397 = CIRCLE ( 'NONE', #933, 0.8491910749241246004 ) ;
#6398 = LINE ( 'NONE', #2083, #6175 ) ;
#6399 = DIRECTION ( 'NONE',  ( -0.000000000000000000, -1.000000000000000000, -0.000000000000000000 ) ) ;
#6400 = SURFACE_SIDE_STYLE ('',( #6431 ) ) ;
#6401 = FILL_AREA_STYLE_COLOUR ( '', #367 ) ;
#6402 = ORIENTED_EDGE ( 'NONE', *, *, #126, .T. ) ;
#6403 = DIRECTION ( 'NONE',  ( -0.000000000000000000, -1.000000000000000000, -0.000000000000000000 ) ) ;
#6404 =( NAMED_UNIT ( * ) PLANE_ANGLE_UNIT ( ) SI_UNIT ( $, .RADIAN. ) );
#6405 = ORIENTED_EDGE ( 'NONE', *, *, #8746, .F. ) ;
#6406 = CARTESIAN_POINT ( 'NONE',  ( 7.041548310661132071, 0.000000000000000000, 0.3451048951048951152 ) ) ;
#6407 = ORIENTED_EDGE ( 'NONE', *, *, #8913, .T. ) ;
#6408 = SURFACE_STYLE_FILL_AREA ( #6192 ) ;
#6409 = PRESENTATION_STYLE_ASSIGNMENT (( #4245 ) ) ;
#6410 = AXIS2_PLACEMENT_3D ( 'NONE', #357, #8226, #388 ) ;
#6411 = MECHANICAL_DESIGN_GEOMETRIC_PRESENTATION_REPRESENTATION (  '', ( #3833 ), #4685 ) ;
#6412 = DIRECTION ( 'NONE',  ( 0.000000000000000000, 0.000000000000000000, 1.000000000000000000 ) ) ;
#6413 = ORIENTED_EDGE ( 'NONE', *, *, #7448, .F. ) ;
#6414 = ORIENTED_EDGE ( 'NONE', *, *, #8791, .F. ) ;
#6415 = ORIENTED_EDGE ( 'NONE', *, *, #4895, .T. ) ;
#6416 = COLOUR_RGB ( '',1.000000000000000000, 1.000000000000000000, 1.000000000000000000 ) ;
#6417 = AXIS2_PLACEMENT_3D ( 'NONE', #1337, #6312, #4060 ) ;
#6418 = VERTEX_POINT ( 'NONE', #3666 ) ;
#6419 = PLANE ( 'NONE',  #359 ) ;
#6420 = ORIENTED_EDGE ( 'NONE', *, *, #2358, .T. ) ;
#6421 = STYLED_ITEM ( 'NONE', ( #4154 ), #4630 ) ;
#6422 = ORIENTED_EDGE ( 'NONE', *, *, #5930, .F. ) ;
#6423 = EDGE_CURVE ( 'NONE', #8611, #8605, #1753, .T. ) ;
#6424 = CYLINDRICAL_SURFACE ( 'NONE', #1389, 8.500000000000000000 ) ;
#6425 = FILL_AREA_STYLE_COLOUR ( '', #231 ) ;
#6426 = CARTESIAN_POINT ( 'NONE',  ( -3.221904549199348544, 4.400000000000000355, -6.270712166560393541 ) ) ;
#6427 = ORIENTED_EDGE ( 'NONE', *, *, #5195, .F. ) ;
#6428 = CARTESIAN_POINT ( 'NONE',  ( 3.579326398285364252, 7.000000000000000888, -4.766153740576414499 ) ) ;
#6429 = CARTESIAN_POINT ( 'NONE',  ( 0.000000000000000000, 7.000000000000000888, -7.295565981523417065 ) ) ;
#6430 = FACE_OUTER_BOUND ( 'NONE', #4853, .T. ) ;
#6431 = SURFACE_STYLE_FILL_AREA ( #812 ) ;
#6432 = SURFACE_SIDE_STYLE ('',( #2396 ) ) ;
#6433 = AXIS2_PLACEMENT_3D ( 'NONE', #712, #107, #5656 ) ;
#6434 = FACE_BOUND ( 'NONE', #7440, .T. ) ;
#6435 = AXIS2_PLACEMENT_3D ( 'NONE', #5768, #2285, #3685 ) ;
#6436 = VERTEX_POINT ( 'NONE', #3002 ) ;
#6437 = UNCERTAINTY_MEASURE_WITH_UNIT (LENGTH_MEASURE( 1.000000000000000082E-05 ), #9076, 'distance_accuracy_value', 'NONE');
#6438 = EDGE_CURVE ( 'NONE', #5002, #2042, #2201, .T. ) ;
#6439 = DIRECTION ( 'NONE',  ( 0.000000000000000000, 0.000000000000000000, 1.000000000000000000 ) ) ;
#6440 = VECTOR ( 'NONE', #537, 1000.000000000000000 ) ;
#6441 =( NAMED_UNIT ( * ) PLANE_ANGLE_UNIT ( ) SI_UNIT ( $, .RADIAN. ) );
#6442 = CYLINDRICAL_SURFACE ( 'NONE', #5791, 7.295565981523417065 ) ;
#6443 = LINE ( 'NONE', #7881, #4565 ) ;
#6444 = SURFACE_STYLE_USAGE ( .BOTH. , #1469 ) ;
#6445 = FILL_AREA_STYLE ('',( #5005 ) ) ;
#6446 = AXIS2_PLACEMENT_3D ( 'NONE', #922, #293, #7326 ) ;
#6447 = MECHANICAL_DESIGN_GEOMETRIC_PRESENTATION_REPRESENTATION (  '', ( #694 ), #4840 ) ;
#6448 = UNCERTAINTY_MEASURE_WITH_UNIT (LENGTH_MEASURE( 1.000000000000000082E-05 ), #6471, 'distance_accuracy_value', 'NONE');
#6449 = ORIENTED_EDGE ( 'NONE', *, *, #2179, .F. ) ;
#6450 = SURFACE_STYLE_USAGE ( .BOTH. , #5765 ) ;
#6451 = MECHANICAL_DESIGN_GEOMETRIC_PRESENTATION_REPRESENTATION (  '', ( #2566 ), #3637 ) ;
#6452 = COLOUR_RGB ( '',0.2509803921568627416, 0.2509803921568627416, 0.2509803921568627416 ) ;
#6453 =( NAMED_UNIT ( * ) SI_UNIT ( $, .STERADIAN. ) SOLID_ANGLE_UNIT ( ) );
#6454 = PLANE ( 'NONE',  #2212 ) ;
#6455 = EDGE_CURVE ( 'NONE', #4755, #9066, #7669, .T. ) ;
#6456 = DIRECTION ( 'NONE',  ( -0.000000000000000000, -1.000000000000000000, -0.000000000000000000 ) ) ;
#6457 = CARTESIAN_POINT ( 'NONE',  ( -6.156542934606380690, 0.000000000000000000, -3.727686801329380462 ) ) ;
#6458 = ORIENTED_EDGE ( 'NONE', *, *, #5679, .T. ) ;
#6459 =( NAMED_UNIT ( * ) SI_UNIT ( $, .STERADIAN. ) SOLID_ANGLE_UNIT ( ) );
#6460 = EDGE_CURVE ( 'NONE', #2076, #1075, #7330, .T. ) ;
#6461 = CARTESIAN_POINT ( 'NONE',  ( 6.443145474984826038, 4.400000000000000355, 3.431276639815605378 ) ) ;
#6462 = AXIS2_PLACEMENT_3D ( 'NONE', #2849, #6316, #7877 ) ;
#6463 = DIRECTION ( 'NONE',  ( -0.000000000000000000, -1.000000000000000000, -0.000000000000000000 ) ) ;
#6464 = AXIS2_PLACEMENT_3D ( 'NONE', #4794, #7859, #2672 ) ;
#6465 = CARTESIAN_POINT ( 'NONE',  ( 2.582449919001661875, 6.950000000000000178, 4.304093053426401916 ) ) ;
#6466 = DIRECTION ( 'NONE',  ( -0.000000000000000000, -1.000000000000000000, -0.000000000000000000 ) ) ;
#6467 = VECTOR ( 'NONE', #6687, 1000.000000000000000 ) ;
#6468 = VERTEX_POINT ( 'NONE', #1001 ) ;
#6469 = LINE ( 'NONE', #8940, #2137 ) ;
#6470 = STYLED_ITEM ( 'NONE', ( #1039 ), #7714 ) ;
#6471 =( LENGTH_UNIT ( ) NAMED_UNIT ( * ) SI_UNIT ( .MILLI., .METRE. ) );
#6472 = VERTEX_POINT ( 'NONE', #2353 ) ;
#6473 = AXIS2_PLACEMENT_3D ( 'NONE', #648, #8442, #3437 ) ;
#6474 = EDGE_CURVE ( 'NONE', #1084, #856, #3168, .T. ) ;
#6475 = AXIS2_PLACEMENT_3D ( 'NONE', #5634, #2196, #7243 ) ;
#6476 =( NAMED_UNIT ( * ) PLANE_ANGLE_UNIT ( ) SI_UNIT ( $, .RADIAN. ) );
#6477 = CARTESIAN_POINT ( 'NONE',  ( -0.2974641686419179365, 6.950000000000000178, 2.743934908718901777 ) ) ;
#6478 =( NAMED_UNIT ( * ) PLANE_ANGLE_UNIT ( ) SI_UNIT ( $, .RADIAN. ) );
#6479 = FILL_AREA_STYLE_COLOUR ( '', #7458 ) ;
#6480 = FILL_AREA_STYLE_COLOUR ( '', #2491 ) ;
#6481 =( NAMED_UNIT ( * ) PLANE_ANGLE_UNIT ( ) SI_UNIT ( $, .RADIAN. ) );
#6482 = AXIS2_PLACEMENT_3D ( 'NONE', #8958, #6091, #8219 ) ;
#6483 = DIRECTION ( 'NONE',  ( 0.000000000000000000, 0.000000000000000000, -1.000000000000000000 ) ) ;
#6484 = PRESENTATION_STYLE_ASSIGNMENT (( #6370 ) ) ;
#6485 = EDGE_CURVE ( 'NONE', #6202, #6505, #8132, .T. ) ;
#6486 = CARTESIAN_POINT ( 'NONE',  ( -7.195565981523414756, 0.000000000000000000, -0.1500000000000000222 ) ) ;
#6487 = ORIENTED_EDGE ( 'NONE', *, *, #535, .F. ) ;
#6488 = DIRECTION ( 'NONE',  ( -0.000000000000000000, -0.000000000000000000, -1.000000000000000000 ) ) ;
#6489 = EDGE_CURVE ( 'NONE', #5300, #3940, #3511, .T. ) ;
#6490 = VECTOR ( 'NONE', #946, 1000.000000000000000 ) ;
#6491 = COLOUR_RGB ( '',0.9098039215686274384, 0.4431372549019607643, 0.03137254901960784270 ) ;
#6492 = SURFACE_STYLE_USAGE ( .BOTH. , #3704 ) ;
#6493 = CARTESIAN_POINT ( 'NONE',  ( -5.294273332394092257, 7.000000000000000888, 2.556508859764709207 ) ) ;
#6494 = ORIENTED_EDGE ( 'NONE', *, *, #6644, .F. ) ;
#6495 = UNCERTAINTY_MEASURE_WITH_UNIT (LENGTH_MEASURE( 1.000000000000000082E-05 ), #4694, 'distance_accuracy_value', 'NONE');
#6496 = AXIS2_PLACEMENT_3D ( 'NONE', #268, #5226, #5434 ) ;
#6497 = DIRECTION ( 'NONE',  ( 0.000000000000000000, 1.000000000000000000, 0.000000000000000000 ) ) ;
#6498 = FILL_AREA_STYLE ('',( #8641 ) ) ;
#6499 = DIRECTION ( 'NONE',  ( 0.000000000000000000, 0.000000000000000000, 1.000000000000000000 ) ) ;
#6500 = AXIS2_PLACEMENT_3D ( 'NONE', #8246, #8280, #8847 ) ;
#6501 = LINE ( 'NONE', #29, #2713 ) ;
#6502 = SURFACE_STYLE_FILL_AREA ( #840 ) ;
#6503 = VECTOR ( 'NONE', #2730, 1000.000000000000000 ) ;
#6504 = ORIENTED_EDGE ( 'NONE', *, *, #2334, .T. ) ;
#6505 = VERTEX_POINT ( 'NONE', #7342 ) ;
#6506 = CARTESIAN_POINT ( 'NONE',  ( -3.727686801329359145, 0.000000000000000000, 6.156542934606394901 ) ) ;
#6507 = VERTEX_POINT ( 'NONE', #4442 ) ;
#6508 = FILL_AREA_STYLE ('',( #7934 ) ) ;
#6509 = VECTOR ( 'NONE', #1574, 1000.000000000000000 ) ;
#6510 = FILL_AREA_STYLE ('',( #4931 ) ) ;
#6511 = LINE ( 'NONE', #7382, #4637 ) ;
#6512 = AXIS2_PLACEMENT_3D ( 'NONE', #7525, #3994, #2037 ) ;
#6513 = ORIENTED_EDGE ( 'NONE', *, *, #8004, .T. ) ;
#6514 = DIRECTION ( 'NONE',  ( 0.000000000000000000, -1.000000000000000000, 0.000000000000000000 ) ) ;
#6515 =( LENGTH_UNIT ( ) NAMED_UNIT ( * ) SI_UNIT ( .MILLI., .METRE. ) );
#6516 = ORIENTED_EDGE ( 'NONE', *, *, #864, .F. ) ;
#6517 =( LENGTH_UNIT ( ) NAMED_UNIT ( * ) SI_UNIT ( .MILLI., .METRE. ) );
#6518 = ORIENTED_EDGE ( 'NONE', *, *, #5027, .T. ) ;
#6519 = DIRECTION ( 'NONE',  ( -0.000000000000000000, -1.000000000000000000, -0.000000000000000000 ) ) ;
#6520 = EDGE_CURVE ( 'NONE', #5278, #9066, #9135, .T. ) ;
#6521 = ORIENTED_EDGE ( 'NONE', *, *, #2808, .F. ) ;
#6522 = DIRECTION ( 'NONE',  ( -0.000000000000000000, -1.000000000000000000, -0.000000000000000000 ) ) ;
#6523 = VECTOR ( 'NONE', #4250, 1000.000000000000114 ) ;
#6524 = FILL_AREA_STYLE_COLOUR ( '', #8085 ) ;
#6525 = VERTEX_POINT ( 'NONE', #3692 ) ;
#6526 = EDGE_CURVE ( 'NONE', #6507, #5175, #7108, .T. ) ;
#6527 = FILL_AREA_STYLE ('',( #8638 ) ) ;
#6528 = AXIS2_PLACEMENT_3D ( 'NONE', #1598, #6575, #3011 ) ;
#6529 = SURFACE_STYLE_USAGE ( .BOTH. , #981 ) ;
#6530 = ORIENTED_EDGE ( 'NONE', *, *, #3776, .F. ) ;
#6531 = LINE ( 'NONE', #8873, #3968 ) ;
#6532 = PRESENTATION_STYLE_ASSIGNMENT (( #311 ) ) ;
#6533 = VERTEX_POINT ( 'NONE', #6619 ) ;
#6534 = MECHANICAL_DESIGN_GEOMETRIC_PRESENTATION_REPRESENTATION (  '', ( #8316 ), #2364 ) ;
#6535 = SURFACE_SIDE_STYLE ('',( #2942 ) ) ;
#6536 = CARTESIAN_POINT ( 'NONE',  ( -5.588312836269678563, 7.000000000000000888, -3.319752949239375805 ) ) ;
#6537 = ORIENTED_EDGE ( 'NONE', *, *, #7375, .T. ) ;
#6538 = VERTEX_POINT ( 'NONE', #3030 ) ;
#6539 = ADVANCED_FACE ( 'NONE', ( #315 ), #6424, .T. ) ;
#6540 = ORIENTED_EDGE ( 'NONE', *, *, #6485, .F. ) ;
#6541 = PRESENTATION_STYLE_ASSIGNMENT (( #7673 ) ) ;
#6542 = PRESENTATION_STYLE_ASSIGNMENT (( #787 ) ) ;
#6543 =( NAMED_UNIT ( * ) PLANE_ANGLE_UNIT ( ) SI_UNIT ( $, .RADIAN. ) );
#6544 = VECTOR ( 'NONE', #7067, 1000.000000000000000 ) ;
#6545 = SURFACE_SIDE_STYLE ('',( #886 ) ) ;
#6546 = SURFACE_SIDE_STYLE ('',( #855 ) ) ;
#6547 = ORIENTED_EDGE ( 'NONE', *, *, #4218, .F. ) ;
#6548 = MECHANICAL_DESIGN_GEOMETRIC_PRESENTATION_REPRESENTATION (  '', ( #2082 ), #2550 ) ;
#6549 = CARTESIAN_POINT ( 'NONE',  ( 0.5764390718725083129, 6.950000000000000178, 2.743934908718901777 ) ) ;
#6550 = EDGE_CURVE ( 'NONE', #8136, #6080, #6656, .T. ) ;
#6551 = AXIS2_PLACEMENT_3D ( 'NONE', #7468, #407, #2506 ) ;
#6552 = COLOUR_RGB ( '',0.2509803921568627416, 0.2509803921568627416, 0.2509803921568627416 ) ;
#6553 = EDGE_CURVE ( 'NONE', #5893, #3013, #6868, .T. ) ;
#6554 = DIRECTION ( 'NONE',  ( 0.000000000000000000, 0.000000000000000000, -1.000000000000000000 ) ) ;
#6555 = FACE_OUTER_BOUND ( 'NONE', #498, .T. ) ;
#6556 = FILL_AREA_STYLE_COLOUR ( '', #5762 ) ;
#6557 = LINE ( 'NONE', #6870, #2216 ) ;
#6558 = DIRECTION ( 'NONE',  ( 0.000000000000000000, 0.000000000000000000, -1.000000000000000000 ) ) ;
#6559 = ORIENTED_EDGE ( 'NONE', *, *, #8092, .F. ) ;
#6560 = UNCERTAINTY_MEASURE_WITH_UNIT (LENGTH_MEASURE( 1.000000000000000082E-05 ), #2010, 'distance_accuracy_value', 'NONE');
#6561 = DIRECTION ( 'NONE',  ( -0.000000000000000000, -1.000000000000000000, -0.000000000000000000 ) ) ;
#6562 =( NAMED_UNIT ( * ) SI_UNIT ( $, .STERADIAN. ) SOLID_ANGLE_UNIT ( ) );
#6563 = EDGE_LOOP ( 'NONE', ( #5190, #1297, #4300, #2133 ) ) ;
#6564 = FACE_BOUND ( 'NONE', #3493, .T. ) ;
#6565 = MECHANICAL_DESIGN_GEOMETRIC_PRESENTATION_REPRESENTATION (  '', ( #6385 ), #2386 ) ;
#6566 = DIRECTION ( 'NONE',  ( 0.8660254037844382635, 0.000000000000000000, 0.5000000000000006661 ) ) ;
#6567 = SURFACE_STYLE_FILL_AREA ( #8992 ) ;
#6568 = EDGE_CURVE ( 'NONE', #6750, #7610, #8906, .T. ) ;
#6569 =( NAMED_UNIT ( * ) PLANE_ANGLE_UNIT ( ) SI_UNIT ( $, .RADIAN. ) );
#6570 = EDGE_CURVE ( 'NONE', #4084, #8242, #8365, .T. ) ;
#6571 =( LENGTH_UNIT ( ) NAMED_UNIT ( * ) SI_UNIT ( .MILLI., .METRE. ) );
#6572 = UNCERTAINTY_MEASURE_WITH_UNIT (LENGTH_MEASURE( 1.000000000000000082E-05 ), #7179, 'distance_accuracy_value', 'NONE');
#6573 = EDGE_LOOP ( 'NONE', ( #6093, #2929, #4572, #5921 ) ) ;
#6574 =( NAMED_UNIT ( * ) PLANE_ANGLE_UNIT ( ) SI_UNIT ( $, .RADIAN. ) );
#6575 = DIRECTION ( 'NONE',  ( -0.000000000000000000, -1.000000000000000000, -0.000000000000000000 ) ) ;
#6576 = AXIS2_PLACEMENT_3D ( 'NONE', #4703, #2458, #1749 ) ;
#6577 = AXIS2_PLACEMENT_3D ( 'NONE', #4713, #1081, #8879 ) ;
#6578 = FILL_AREA_STYLE ('',( #2897 ) ) ;
#6579 = SURFACE_STYLE_FILL_AREA ( #2403 ) ;
#6580 = ORIENTED_EDGE ( 'NONE', *, *, #8721, .T. ) ;
#6581 = PRESENTATION_LAYER_ASSIGNMENT (  '', '', ( #8862 ) ) ;
#6582 = CARTESIAN_POINT ( 'NONE',  ( 3.221904549199348544, 4.400000000000000355, -6.270712166560393541 ) ) ;
#6583 = LINE ( 'NONE', #9208, #3768 ) ;
#6584 = FILL_AREA_STYLE_COLOUR ( '', #2007 ) ;
#6585 = DIRECTION ( 'NONE',  ( 0.000000000000000000, 0.000000000000000000, -1.000000000000000000 ) ) ;
#6586 = ORIENTED_EDGE ( 'NONE', *, *, #8692, .T. ) ;
#6587 = DIRECTION ( 'NONE',  ( 0.000000000000000000, 0.000000000000000000, 1.000000000000000000 ) ) ;
#6588 =( LENGTH_UNIT ( ) NAMED_UNIT ( * ) SI_UNIT ( .MILLI., .METRE. ) );
#6589 = ORIENTED_EDGE ( 'NONE', *, *, #4379, .F. ) ;
#6590 = CARTESIAN_POINT ( 'NONE',  ( 3.267605322946856461, 4.400000000000000355, 6.359658438426497362 ) ) ;
#6591 = ADVANCED_FACE ( 'NONE', ( #1314 ), #4664, .T. ) ;
#6592 = PRESENTATION_LAYER_ASSIGNMENT (  '', '', ( #9005 ) ) ;
#6593 =( NAMED_UNIT ( * ) SI_UNIT ( $, .STERADIAN. ) SOLID_ANGLE_UNIT ( ) );
#6594 =( GEOMETRIC_REPRESENTATION_CONTEXT ( 3 ) GLOBAL_UNCERTAINTY_ASSIGNED_CONTEXT ( ( #8588 ) ) GLOBAL_UNIT_ASSIGNED_CONTEXT ( ( #3228, #5482, #7535 ) ) REPRESENTATION_CONTEXT ( 'NONE', 'WORKASPACE' ) );
#6595 = CARTESIAN_POINT ( 'NONE',  ( -5.976639124038715778, 0.000000000000000000, -3.739289341707823677 ) ) ;
#6596 = DIRECTION ( 'NONE',  ( -0.5000000000000006661, 0.000000000000000000, 0.8660254037844382635 ) ) ;
#6597 = FILL_AREA_STYLE_COLOUR ( '', #3018 ) ;
#6598 = ORIENTED_EDGE ( 'NONE', *, *, #2481, .F. ) ;
#6599 = DIRECTION ( 'NONE',  ( 0.000000000000000000, 0.000000000000000000, 1.000000000000000000 ) ) ;
#6600 = DIRECTION ( 'NONE',  ( 0.4999999999999980016, 0.000000000000000000, -0.8660254037844398178 ) ) ;
#6601 = FACE_OUTER_BOUND ( 'NONE', #3268, .T. ) ;
#6602 =( NAMED_UNIT ( * ) PLANE_ANGLE_UNIT ( ) SI_UNIT ( $, .RADIAN. ) );
#6603 = PRESENTATION_LAYER_ASSIGNMENT (  '', '', ( #102 ) ) ;
#6604 = COLOUR_RGB ( '',0.7921568627450980005, 0.8196078431372548767, 0.9333333333333333481 ) ;
#6605 = DIRECTION ( 'NONE',  ( -0.000000000000000000, -1.000000000000000000, -0.000000000000000000 ) ) ;
#6606 = MECHANICAL_DESIGN_GEOMETRIC_PRESENTATION_REPRESENTATION (  '', ( #4699 ), #7267 ) ;
#6607 = ORIENTED_EDGE ( 'NONE', *, *, #6570, .F. ) ;
#6608 = EDGE_CURVE ( 'NONE', #1134, #1846, #4547, .T. ) ;
#6609 =( LENGTH_UNIT ( ) NAMED_UNIT ( * ) SI_UNIT ( .MILLI., .METRE. ) );
#6610 = VECTOR ( 'NONE', #7980, 1000.000000000000000 ) ;
#6611 = AXIS2_PLACEMENT_3D ( 'NONE', #5269, #3171, #343 ) ;
#6612 = DIRECTION ( 'NONE',  ( 0.000000000000000000, 1.000000000000000000, 0.000000000000000000 ) ) ;
#6613 = VECTOR ( 'NONE', #7373, 1000.000000000000000 ) ;
#6614 = DIRECTION ( 'NONE',  ( -0.000000000000000000, -1.000000000000000000, -0.000000000000000000 ) ) ;
#6615 = UNCERTAINTY_MEASURE_WITH_UNIT (LENGTH_MEASURE( 1.000000000000000082E-05 ), #8128, 'distance_accuracy_value', 'NONE');
#6616 = DIRECTION ( 'NONE',  ( 0.000000000000000000, -0.000000000000000000, 1.000000000000000000 ) ) ;
#6617 =( GEOMETRIC_REPRESENTATION_CONTEXT ( 3 ) GLOBAL_UNCERTAINTY_ASSIGNED_CONTEXT ( ( #7487 ) ) GLOBAL_UNIT_ASSIGNED_CONTEXT ( ( #6571, #6602, #203 ) ) REPRESENTATION_CONTEXT ( 'NONE', 'WORKASPACE' ) );
#6618 = FILL_AREA_STYLE_COLOUR ( '', #725 ) ;
#6619 = CARTESIAN_POINT ( 'NONE',  ( 3.354207863325301631, 0.000000000000000000, -6.309658438426499316 ) ) ;
#6620 = ORIENTED_EDGE ( 'NONE', *, *, #2170, .T. ) ;
#6621 = DIRECTION ( 'NONE',  ( -0.000000000000000000, 1.000000000000000000, -0.000000000000000000 ) ) ;
#6622 =( LENGTH_UNIT ( ) NAMED_UNIT ( * ) SI_UNIT ( .MILLI., .METRE. ) );
#6623 = ORIENTED_EDGE ( 'NONE', *, *, #54, .T. ) ;
#6624 = UNCERTAINTY_MEASURE_WITH_UNIT (LENGTH_MEASURE( 1.000000000000000082E-05 ), #7920, 'distance_accuracy_value', 'NONE');
#6625 = CARTESIAN_POINT ( 'NONE',  ( -0.4326952959729711279, 7.000000000000000888, -3.633997430756096936 ) ) ;
#6626 = DIRECTION ( 'NONE',  ( -0.000000000000000000, -1.000000000000000000, -0.000000000000000000 ) ) ;
#6627 = SURFACE_SIDE_STYLE ('',( #9173 ) ) ;
#6628 = PRESENTATION_LAYER_ASSIGNMENT (  '', '', ( #7952 ) ) ;
#6629 = CARTESIAN_POINT ( 'NONE',  ( 3.777686801329358968, 4.400000000000000355, -6.243145474984839183 ) ) ;
#6630 = EDGE_LOOP ( 'NONE', ( #209, #2630, #6449, #6724, #3730, #20, #3175, #6325, #2460, #1582, #7839, #7080, #4172, #1072, #5031, #298, #1969, #7061, #6239, #245, #3962, #6658, #3191, #2885, #6905, #713, #1248, #6027, #5626, #9015, #5827, #7175, #1000, #5154, #1092, #6754, #1612, #4964, #14, #3850, #2596, #4309, #6361, #5975, #1666, #1343, #3848, #3179, #6910, #4818, #613, #1192, #3510, #4380, #8754, #4238, #2059, #6487, #4871, #5069, #9028, #8359, #450, #5529 ) ) ;
#6631 = DIRECTION ( 'NONE',  ( 0.8660254037844382635, 0.000000000000000000, 0.5000000000000006661 ) ) ;
#6632 = PRESENTATION_LAYER_ASSIGNMENT (  '', '', ( #9051 ) ) ;
#6633 = LINE ( 'NONE', #6780, #4952 ) ;
#6634 = ORIENTED_EDGE ( 'NONE', *, *, #4633, .T. ) ;
#6635 =( NAMED_UNIT ( * ) PLANE_ANGLE_UNIT ( ) SI_UNIT ( $, .RADIAN. ) );
#6636 = ADVANCED_FACE ( 'NONE', ( #2838 ), #9018, .T. ) ;
#6637 = EDGE_LOOP ( 'NONE', ( #6513, #3280, #6427, #624 ) ) ;
#6638 = CIRCLE ( 'NONE', #2173, 0.8422889805429378818 ) ;
#6639 = VECTOR ( 'NONE', #9166, 1000.000000000000000 ) ;
#6640 = ORIENTED_EDGE ( 'NONE', *, *, #7214, .F. ) ;
#6641 = CARTESIAN_POINT ( 'NONE',  ( -7.045565981523414401, 0.000000000000000000, 0.2500000000000000000 ) ) ;
#6642 = DIRECTION ( 'NONE',  ( 0.000000000000000000, 1.000000000000000000, 0.000000000000000000 ) ) ;
#6643 = ORIENTED_EDGE ( 'NONE', *, *, #4000, .T. ) ;
#6644 = EDGE_CURVE ( 'NONE', #2303, #5290, #9238, .T. ) ;
#6645 = LINE ( 'NONE', #3385, #871 ) ;
#6646 = EDGE_CURVE ( 'NONE', #1918, #1576, #5406, .T. ) ;
#6647 = ORIENTED_EDGE ( 'NONE', *, *, #1264, .T. ) ;
#6648 = STYLED_ITEM ( 'NONE', ( #2091 ), #8205 ) ;
#6649 = CARTESIAN_POINT ( 'NONE',  ( 0.000000000000000000, 7.000000000000000888, 0.000000000000000000 ) ) ;
#6650 = PRESENTATION_LAYER_ASSIGNMENT (  '', '', ( #578 ) ) ;
#6651 =( NAMED_UNIT ( * ) SI_UNIT ( $, .STERADIAN. ) SOLID_ANGLE_UNIT ( ) );
#6652 = ORIENTED_EDGE ( 'NONE', *, *, #8026, .T. ) ;
#6653 = EDGE_LOOP ( 'NONE', ( #8033, #7422, #2633, #8566 ) ) ;
#6654 = CARTESIAN_POINT ( 'NONE',  ( 0.000000000000000000, -2.049999999999999822, -8.500000000000000000 ) ) ;
#6655 = ORIENTED_EDGE ( 'NONE', *, *, #3675, .T. ) ;
#6656 = LINE ( 'NONE', #3196, #5071 ) ;
#6657 = FILL_AREA_STYLE ('',( #2955 ) ) ;
#6658 = ORIENTED_EDGE ( 'NONE', *, *, #6851, .F. ) ;
#6659 = PRESENTATION_LAYER_ASSIGNMENT (  '', '', ( #7815 ) ) ;
#6660 = PLANE ( 'NONE',  #5804 ) ;
#6661 = PRESENTATION_STYLE_ASSIGNMENT (( #1885 ) ) ;
#6662 = AXIS2_PLACEMENT_3D ( 'NONE', #7430, #2501, #6015 ) ;
#6663 = PRESENTATION_STYLE_ASSIGNMENT (( #215 ) ) ;
#6664 = SURFACE_SIDE_STYLE ('',( #2667 ) ) ;
#6665 = LINE ( 'NONE', #1313, #6769 ) ;
#6666 = STYLED_ITEM ( 'NONE', ( #967 ), #1170 ) ;
#6667 =( NAMED_UNIT ( * ) PLANE_ANGLE_UNIT ( ) SI_UNIT ( $, .RADIAN. ) );
#6668 =( LENGTH_UNIT ( ) NAMED_UNIT ( * ) SI_UNIT ( .MILLI., .METRE. ) );
#6669 = SURFACE_STYLE_USAGE ( .BOTH. , #427 ) ;
#6670 = EDGE_LOOP ( 'NONE', ( #1505, #7314, #1897, #4976 ) ) ;
#6671 =( GEOMETRIC_REPRESENTATION_CONTEXT ( 3 ) GLOBAL_UNCERTAINTY_ASSIGNED_CONTEXT ( ( #709 ) ) GLOBAL_UNIT_ASSIGNED_CONTEXT ( ( #133, #5920, #8735 ) ) REPRESENTATION_CONTEXT ( 'NONE', 'WORKASPACE' ) );
#6672 =( NAMED_UNIT ( * ) PLANE_ANGLE_UNIT ( ) SI_UNIT ( $, .RADIAN. ) );
#6673 = EDGE_CURVE ( 'NONE', #6206, #8772, #6197, .T. ) ;
#6674 = DIRECTION ( 'NONE',  ( -0.000000000000000000, -1.000000000000000000, -0.000000000000000000 ) ) ;
#6675 = FILL_AREA_STYLE ('',( #3530 ) ) ;
#6676 = CARTESIAN_POINT ( 'NONE',  ( 6.156542934606380690, 4.400000000000000355, -3.727686801329380462 ) ) ;
#6677 = ORIENTED_EDGE ( 'NONE', *, *, #5885, .T. ) ;
#6678 = EDGE_CURVE ( 'NONE', #5931, #7767, #3605, .T. ) ;
#6679 = SURFACE_STYLE_FILL_AREA ( #1563 ) ;
#6680 = ADVANCED_FACE ( 'NONE', ( #7425 ), #655, .T. ) ;
#6681 = CIRCLE ( 'NONE', #5253, 0.8491910749241246004 ) ;
#6682 = DIRECTION ( 'NONE',  ( 0.000000000000000000, 1.000000000000000000, 0.000000000000000000 ) ) ;
#6683 = MECHANICAL_DESIGN_GEOMETRIC_PRESENTATION_REPRESENTATION (  '', ( #3006 ), #1738 ) ;
#6684 = ORIENTED_EDGE ( 'NONE', *, *, #1063, .T. ) ;
#6685 = EDGE_CURVE ( 'NONE', #532, #8801, #8117, .T. ) ;
#6686 =( NAMED_UNIT ( * ) PLANE_ANGLE_UNIT ( ) SI_UNIT ( $, .RADIAN. ) );
#6687 = DIRECTION ( 'NONE',  ( -0.000000000000000000, -1.000000000000000000, -0.000000000000000000 ) ) ;
#6688 = CARTESIAN_POINT ( 'NONE',  ( -5.294203436405390484, 7.000000000000000888, -2.587794026416314175 ) ) ;
#6689 = FILL_AREA_STYLE_COLOUR ( '', #3716 ) ;
#6690 = CIRCLE ( 'NONE', #6482, 7.049999999999999822 ) ;
#6691 = ORIENTED_EDGE ( 'NONE', *, *, #8871, .T. ) ;
#6692 = FACE_BOUND ( 'NONE', #6630, .T. ) ;
#6693 = CYLINDRICAL_SURFACE ( 'NONE', #7511, 0.1000000000000000056 ) ;
#6694 = DIRECTION ( 'NONE',  ( 0.000000000000000000, 1.000000000000000000, 0.000000000000000000 ) ) ;
#6695 = ORIENTED_EDGE ( 'NONE', *, *, #2094, .T. ) ;
#6696 = CIRCLE ( 'NONE', #5619, 0.1000000000000002554 ) ;
#6697 = DIRECTION ( 'NONE',  ( -0.000000000000000000, -1.000000000000000000, -0.000000000000000000 ) ) ;
#6698 = CARTESIAN_POINT ( 'NONE',  ( -1.429515610800760728, 6.950000000000000178, 3.319667123390754426 ) ) ;
#6699 = AXIS2_PLACEMENT_3D ( 'NONE', #3461, #4890, #4971 ) ;
#6700 = VECTOR ( 'NONE', #8370, 1000.000000000000000 ) ;
#6701 = ORIENTED_EDGE ( 'NONE', *, *, #1431, .T. ) ;
#6702 = SURFACE_STYLE_USAGE ( .BOTH. , #8106 ) ;
#6703 = FILL_AREA_STYLE_COLOUR ( '', #4778 ) ;
#6704 = AXIS2_PLACEMENT_3D ( 'NONE', #1511, #2230, #722 ) ;
#6705 = CARTESIAN_POINT ( 'NONE',  ( 6.309658438426486882, 0.000000000000000000, 3.354207863325322947 ) ) ;
#6706 = CARTESIAN_POINT ( 'NONE',  ( -6.309658438426485105, 4.400000000000000355, -3.354207863325322059 ) ) ;
#6707 = DIRECTION ( 'NONE',  ( -0.000000000000000000, -1.000000000000000000, -0.000000000000000000 ) ) ;
#6708 = ORIENTED_EDGE ( 'NONE', *, *, #7091, .T. ) ;
#6709 = DIRECTION ( 'NONE',  ( -0.8660254037844380415, -0.000000000000000000, -0.5000000000000009992 ) ) ;
#6710 = CARTESIAN_POINT ( 'NONE',  ( 5.540228309825170783, 7.000000000000000888, -2.380333944477845964 ) ) ;
#6711 =( NAMED_UNIT ( * ) PLANE_ANGLE_UNIT ( ) SI_UNIT ( $, .RADIAN. ) );
#6712 = SURFACE_STYLE_FILL_AREA ( #5726 ) ;
#6713 =( NAMED_UNIT ( * ) SI_UNIT ( $, .STERADIAN. ) SOLID_ANGLE_UNIT ( ) );
#6714 = ADVANCED_FACE ( 'NONE', ( #5176 ), #3289, .F. ) ;
#6715 = MECHANICAL_DESIGN_GEOMETRIC_PRESENTATION_REPRESENTATION (  '', ( #2484 ), #4033 ) ;
#6716 = ORIENTED_EDGE ( 'NONE', *, *, #4285, .T. ) ;
#6717 = EDGE_CURVE ( 'NONE', #8864, #7830, #1417, .T. ) ;
#6718 = COLOUR_RGB ( '',0.2509803921568627416, 0.2509803921568627416, 0.2509803921568627416 ) ;
#6719 =( LENGTH_UNIT ( ) NAMED_UNIT ( * ) SI_UNIT ( .MILLI., .METRE. ) );
#6720 = CIRCLE ( 'NONE', #5199, 0.8491910749241532441 ) ;
#6721 = CARTESIAN_POINT ( 'NONE',  ( -5.531383964240385254, 7.000000000000000888, 3.413764994861879121 ) ) ;
#6722 = EDGE_LOOP ( 'NONE', ( #6931, #6634, #6853, #7896 ) ) ;
#6723 = CARTESIAN_POINT ( 'NONE',  ( -4.445012361338021023, 7.000000000000000888, -3.436973563545920651 ) ) ;
#6724 = ORIENTED_EDGE ( 'NONE', *, *, #5102, .F. ) ;
#6725 = PLANE ( 'NONE',  #6315 ) ;
#6726 = VERTEX_POINT ( 'NONE', #1976 ) ;
#6727 = PRESENTATION_LAYER_ASSIGNMENT (  '', '', ( #1198 ) ) ;
#6728 = VERTEX_POINT ( 'NONE', #2618 ) ;
#6729 =( NAMED_UNIT ( * ) PLANE_ANGLE_UNIT ( ) SI_UNIT ( $, .RADIAN. ) );
#6730 = LINE ( 'NONE', #7603, #1071 ) ;
#6731 = EDGE_CURVE ( 'NONE', #844, #8927, #2406, .T. ) ;
#6732 = CARTESIAN_POINT ( 'NONE',  ( 8.374621560222929436E-16, 7.050000000000000711, 6.838397459621555541 ) ) ;
#6733 = DIRECTION ( 'NONE',  ( 0.000000000000000000, 0.000000000000000000, 1.000000000000000000 ) ) ;
#6734 = LINE ( 'NONE', #4458, #8445 ) ;
#6735 = ORIENTED_EDGE ( 'NONE', *, *, #8394, .F. ) ;
#6736 = EDGE_CURVE ( 'NONE', #3956, #7617, #525, .T. ) ;
#6737 = CIRCLE ( 'NONE', #7931, 0.09999999999999982514 ) ;
#6738 = SURFACE_SIDE_STYLE ('',( #2796 ) ) ;
#6739 = ORIENTED_EDGE ( 'NONE', *, *, #6265, .T. ) ;
#6740 = ORIENTED_EDGE ( 'NONE', *, *, #3200, .T. ) ;
#6741 = CYLINDRICAL_SURFACE ( 'NONE', #1036, 0.1000000000000002554 ) ;
#6742 = EDGE_LOOP ( 'NONE', ( #6407, #6830, #503, #6017 ) ) ;
#6743 =( GEOMETRIC_REPRESENTATION_CONTEXT ( 3 ) GLOBAL_UNCERTAINTY_ASSIGNED_CONTEXT ( ( #6163 ) ) GLOBAL_UNIT_ASSIGNED_CONTEXT ( ( #8798, #261, #234 ) ) REPRESENTATION_CONTEXT ( 'NONE', 'WORKASPACE' ) );
#6744 = PRESENTATION_STYLE_ASSIGNMENT (( #1340 ) ) ;
#6745 = DIRECTION ( 'NONE',  ( 0.000000000000000000, -1.000000000000000000, 0.000000000000000000 ) ) ;
#6746 = DIRECTION ( 'NONE',  ( 0.9973262097036323937, 0.000000000000000000, 0.07307825557706128239 ) ) ;
#6747 = VECTOR ( 'NONE', #5599, 1000.000000000000000 ) ;
#6748 = ORIENTED_EDGE ( 'NONE', *, *, #7367, .T. ) ;
#6749 = DIRECTION ( 'NONE',  ( 0.000000000000000000, 0.000000000000000000, 1.000000000000000000 ) ) ;
#6750 = VERTEX_POINT ( 'NONE', #5509 ) ;
#6751 = VECTOR ( 'NONE', #188, 1000.000000000000000 ) ;
#6752 = EDGE_LOOP ( 'NONE', ( #8657, #1836, #1647, #2581 ) ) ;
#6753 = FILL_AREA_STYLE ('',( #3761 ) ) ;
#6754 = ORIENTED_EDGE ( 'NONE', *, *, #3270, .F. ) ;
#6755 = CARTESIAN_POINT ( 'NONE',  ( -3.787220565217520818, 0.000000000000000000, -6.059658438426500204 ) ) ;
#6756 = ORIENTED_EDGE ( 'NONE', *, *, #3278, .T. ) ;
#6757 = EDGE_CURVE ( 'NONE', #3757, #532, #200, .T. ) ;
#6758 = ADVANCED_FACE ( 'NONE', ( #7888 ), #3496, .T. ) ;
#6759 = EDGE_LOOP ( 'NONE', ( #4784, #1634, #8563, #3084 ) ) ;
#6760 = PRESENTATION_LAYER_ASSIGNMENT (  '', '', ( #4861 ) ) ;
#6761 =( LENGTH_UNIT ( ) NAMED_UNIT ( * ) SI_UNIT ( .MILLI., .METRE. ) );
#6762 = COLOUR_RGB ( '',1.000000000000000000, 1.000000000000000000, 1.000000000000000000 ) ;
#6763 = DIRECTION ( 'NONE',  ( 0.4999999999999983902, 0.000000000000000000, 0.8660254037844394848 ) ) ;
#6764 = ADVANCED_FACE ( 'NONE', ( #8341 ), #2075, .F. ) ;
#6765 =( GEOMETRIC_REPRESENTATION_CONTEXT ( 3 ) GLOBAL_UNCERTAINTY_ASSIGNED_CONTEXT ( ( #4741 ) ) GLOBAL_UNIT_ASSIGNED_CONTEXT ( ( #6014, #1727, #1023 ) ) REPRESENTATION_CONTEXT ( 'NONE', 'WORKASPACE' ) );
#6766 = DIRECTION ( 'NONE',  ( 0.000000000000000000, 1.000000000000000000, 0.000000000000000000 ) ) ;
#6767 = CARTESIAN_POINT ( 'NONE',  ( -7.041548310661132071, 4.400000000000000355, 0.3451048951048951152 ) ) ;
#6768 = CARTESIAN_POINT ( 'NONE',  ( -6.156542934606380690, 0.000000000000000000, 3.727686801329380462 ) ) ;
#6769 = VECTOR ( 'NONE', #4194, 1000.000000000000000 ) ;
#6770 = SURFACE_STYLE_USAGE ( .BOTH. , #6738 ) ;
#6771 = VECTOR ( 'NONE', #4444, 1000.000000000000000 ) ;
#6772 = AXIS2_PLACEMENT_3D ( 'NONE', #6888, #2590, #5422 ) ;
#6773 = SURFACE_STYLE_FILL_AREA ( #3225 ) ;
#6774 = EDGE_LOOP ( 'NONE', ( #8006, #3642, #2732, #5760 ) ) ;
#6775 = AXIS2_PLACEMENT_3D ( 'NONE', #3698, #8046, #8282 ) ;
#6776 = CARTESIAN_POINT ( 'NONE',  ( -2.426448254617682210, 6.950000000000000178, -5.160178399485061185 ) ) ;
#6777 = EDGE_CURVE ( 'NONE', #2246, #7791, #1629, .T. ) ;
#6778 = ORIENTED_EDGE ( 'NONE', *, *, #7461, .F. ) ;
#6779 =( GEOMETRIC_REPRESENTATION_CONTEXT ( 3 ) GLOBAL_UNCERTAINTY_ASSIGNED_CONTEXT ( ( #7801 ) ) GLOBAL_UNIT_ASSIGNED_CONTEXT ( ( #3822, #5294, #997 ) ) REPRESENTATION_CONTEXT ( 'NONE', 'WORKASPACE' ) );
#6780 = CARTESIAN_POINT ( 'NONE',  ( -3.595821286270651118, 6.950000000000000178, 3.836521063224087147 ) ) ;
#6781 = CARTESIAN_POINT ( 'NONE',  ( 2.730135323361210897, 6.950000000000000178, 4.304093053426401916 ) ) ;
#6782 = AXIS2_PLACEMENT_3D ( 'NONE', #6768, #5987, #8283 ) ;
#6783 = CYLINDRICAL_SURFACE ( 'NONE', #4096, 0.1599432929213547849 ) ;
#6784 = UNCERTAINTY_MEASURE_WITH_UNIT (LENGTH_MEASURE( 1.000000000000000082E-05 ), #5182, 'distance_accuracy_value', 'NONE');
#6785 = FACE_OUTER_BOUND ( 'NONE', #1911, .T. ) ;
#6786 = ORIENTED_EDGE ( 'NONE', *, *, #3162, .T. ) ;
#6787 = LINE ( 'NONE', #3752, #6357 ) ;
#6788 =( LENGTH_UNIT ( ) NAMED_UNIT ( * ) SI_UNIT ( .MILLI., .METRE. ) );
#6789 =( GEOMETRIC_REPRESENTATION_CONTEXT ( 3 ) GLOBAL_UNCERTAINTY_ASSIGNED_CONTEXT ( ( #3872 ) ) GLOBAL_UNIT_ASSIGNED_CONTEXT ( ( #569, #6288, #6902 ) ) REPRESENTATION_CONTEXT ( 'NONE', 'WORKASPACE' ) );
#6790 = LINE ( 'NONE', #4662, #4459 ) ;
#6791 = MECHANICAL_DESIGN_GEOMETRIC_PRESENTATION_REPRESENTATION (  '', ( #8912 ), #9213 ) ;
#6792 = ORIENTED_EDGE ( 'NONE', *, *, #5950, .F. ) ;
#6793 = CARTESIAN_POINT ( 'NONE',  ( -2.426448254617682210, 7.000000000000000888, -4.310987324483573246 ) ) ;
#6794 = EDGE_CURVE ( 'NONE', #3780, #8103, #7538, .T. ) ;
#6795 = ORIENTED_EDGE ( 'NONE', *, *, #2956, .T. ) ;
#6796 = DIRECTION ( 'NONE',  ( -0.000000000000000000, -1.000000000000000000, -0.000000000000000000 ) ) ;
#6797 = FILL_AREA_STYLE_COLOUR ( '', #7318 ) ;
#6798 = COLOUR_RGB ( '',0.2509803921568627416, 0.2509803921568627416, 0.2509803921568627416 ) ;
#6799 = CARTESIAN_POINT ( 'NONE',  ( 3.864289341707802805, 4.400000000000000355, 6.193145474984839360 ) ) ;
#6800 = VECTOR ( 'NONE', #9174, 1000.000000000000000 ) ;
#6801 = DIRECTION ( 'NONE',  ( 0.000000000000000000, -1.000000000000000000, 0.000000000000000000 ) ) ;
#6802 = MECHANICAL_DESIGN_GEOMETRIC_PRESENTATION_REPRESENTATION (  '', ( #4423 ), #8736 ) ;
#6803 = STYLED_ITEM ( 'NONE', ( #8444 ), #6971 ) ;
#6804 = DIRECTION ( 'NONE',  ( -0.000000000000000000, -1.000000000000000000, -0.000000000000000000 ) ) ;
#6805 = ORIENTED_EDGE ( 'NONE', *, *, #4141, .T. ) ;
#6806 = PLANE ( 'NONE',  #5113 ) ;
#6807 = SURFACE_SIDE_STYLE ('',( #153 ) ) ;
#6808 = VECTOR ( 'NONE', #3189, 1000.000000000000000 ) ;
#6809 = CARTESIAN_POINT ( 'NONE',  ( -5.477714872388455447, 7.000000000000000888, 3.417697553309438252 ) ) ;
#6810 = ADVANCED_FACE ( 'NONE', ( #7307 ), #3031, .T. ) ;
#6811 = ORIENTED_EDGE ( 'NONE', *, *, #8721, .F. ) ;
#6812 = AXIS2_PLACEMENT_3D ( 'NONE', #9247, #728, #7284 ) ;
#6813 = STYLED_ITEM ( 'NONE', ( #3689 ), #2964 ) ;
#6814 = CARTESIAN_POINT ( 'NONE',  ( -2.291217127286572897, 6.950000000000000178, -4.310987324483573246 ) ) ;
#6815 = SURFACE_STYLE_FILL_AREA ( #8962 ) ;
#6816 = ORIENTED_EDGE ( 'NONE', *, *, #4339, .T. ) ;
#6817 = CARTESIAN_POINT ( 'NONE',  ( 6.156542934606380690, 0.000000000000000000, 3.727686801329380462 ) ) ;
#6818 = DIRECTION ( 'NONE',  ( -0.000000000000000000, -1.000000000000000000, -0.000000000000000000 ) ) ;
#6819 = DIRECTION ( 'NONE',  ( -1.358706713052775562E-05, 0.000000000000000000, 0.9999999999076957247 ) ) ;
#6820 = CARTESIAN_POINT ( 'NONE',  ( 2.582449919001661875, 7.000000000000000888, 4.304093053426401916 ) ) ;
#6821 = AXIS2_PLACEMENT_3D ( 'NONE', #1490, #8669, #5112 ) ;
#6822 =( NAMED_UNIT ( * ) PLANE_ANGLE_UNIT ( ) SI_UNIT ( $, .RADIAN. ) );
#6823 = MECHANICAL_DESIGN_GEOMETRIC_PRESENTATION_REPRESENTATION (  '', ( #5686 ), #6180 ) ;
#6824 = DIRECTION ( 'NONE',  ( 0.000000000000000000, 0.000000000000000000, 1.000000000000000000 ) ) ;
#6825 = FACE_OUTER_BOUND ( 'NONE', #4273, .T. ) ;
#6826 = FILL_AREA_STYLE ('',( #5426 ) ) ;
#6827 = DIRECTION ( 'NONE',  ( 0.000000000000000000, 0.000000000000000000, 1.000000000000000000 ) ) ;
#6828 = ORIENTED_EDGE ( 'NONE', *, *, #4833, .F. ) ;
#6829 = FILL_AREA_STYLE ('',( #3264 ) ) ;
#6830 = ORIENTED_EDGE ( 'NONE', *, *, #7194, .T. ) ;
#6831 = FILL_AREA_STYLE ('',( #451 ) ) ;
#6832 = CYLINDRICAL_SURFACE ( 'NONE', #2970, 0.09999999999999999167 ) ;
#6833 = FACE_OUTER_BOUND ( 'NONE', #6306, .T. ) ;
#6834 = PRESENTATION_LAYER_ASSIGNMENT (  '', '', ( #606 ) ) ;
#6835 = CYLINDRICAL_SURFACE ( 'NONE', #9131, 0.3499999999999996447 ) ;
#6836 = EDGE_CURVE ( 'NONE', #6875, #2957, #417, .T. ) ;
#6837 = VERTEX_POINT ( 'NONE', #9225 ) ;
#6838 = CARTESIAN_POINT ( 'NONE',  ( 0.000000000000000000, 6.750000000000000888, 0.000000000000000000 ) ) ;
#6839 = UNCERTAINTY_MEASURE_WITH_UNIT (LENGTH_MEASURE( 1.000000000000000082E-05 ), #1740, 'distance_accuracy_value', 'NONE');
#6840 = ORIENTED_EDGE ( 'NONE', *, *, #1900, .F. ) ;
#6841 = ORIENTED_EDGE ( 'NONE', *, *, #8236, .F. ) ;
#6842 = COLOUR_RGB ( '',0.2509803921568627416, 0.2509803921568627416, 0.2509803921568627416 ) ;
#6843 = SURFACE_STYLE_FILL_AREA ( #7792 ) ;
#6844 = DIRECTION ( 'NONE',  ( -0.000000000000000000, -1.000000000000000000, -0.000000000000000000 ) ) ;
#6845 = DIRECTION ( 'NONE',  ( -0.9999999998916498933, 0.000000000000000000, 1.472073994866373248E-05 ) ) ;
#6846 = CYLINDRICAL_SURFACE ( 'NONE', #2598, 0.1000000000000000056 ) ;
#6847 = PRESENTATION_LAYER_ASSIGNMENT (  '', '', ( #7651 ) ) ;
#6848 = SURFACE_SIDE_STYLE ('',( #3426 ) ) ;
#6849 = ORIENTED_EDGE ( 'NONE', *, *, #3126, .T. ) ;
#6850 = DIRECTION ( 'NONE',  ( -0.000000000000000000, -1.000000000000000000, -0.000000000000000000 ) ) ;
#6851 = EDGE_CURVE ( 'NONE', #6080, #4994, #1302, .T. ) ;
#6852 = FILL_AREA_STYLE_COLOUR ( '', #7950 ) ;
#6853 = ORIENTED_EDGE ( 'NONE', *, *, #7021, .F. ) ;
#6854 = CARTESIAN_POINT ( 'NONE',  ( -3.727686801329359145, 4.400000000000000355, 6.156542934606394901 ) ) ;
#6855 = VECTOR ( 'NONE', #44, 1000.000000000000000 ) ;
#6856 = ORIENTED_EDGE ( 'NONE', *, *, #3436, .T. ) ;
#6857 = LINE ( 'NONE', #8547, #528 ) ;
#6858 = DIRECTION ( 'NONE',  ( 0.8660254037844398178, 0.000000000000000000, -0.4999999999999980016 ) ) ;
#6859 = EDGE_LOOP ( 'NONE', ( #780, #8221, #1278, #7052 ) ) ;
#6860 = DIRECTION ( 'NONE',  ( 0.000000000000000000, 0.000000000000000000, 1.000000000000000000 ) ) ;
#6861 = VERTEX_POINT ( 'NONE', #9264 ) ;
#6862 = DIRECTION ( 'NONE',  ( 0.8660254037844378194, 0.000000000000000000, -0.5000000000000013323 ) ) ;
#6863 = AXIS2_PLACEMENT_3D ( 'NONE', #6937, #2836, #1992 ) ;
#6864 = CARTESIAN_POINT ( 'NONE',  ( 6.059658438426485993, 0.000000000000000000, 3.787220565217541246 ) ) ;
#6865 = ORIENTED_EDGE ( 'NONE', *, *, #8304, .F. ) ;
#6866 = FACE_OUTER_BOUND ( 'NONE', #7995, .T. ) ;
#6867 = DIRECTION ( 'NONE',  ( 0.000000000000000000, 0.000000000000000000, 1.000000000000000000 ) ) ;
#6868 = LINE ( 'NONE', #1030, #6205 ) ;
#6869 = PRESENTATION_LAYER_ASSIGNMENT (  '', '', ( #5605 ) ) ;
#6870 = CARTESIAN_POINT ( 'NONE',  ( 4.428517473209517163, 7.000000000000000888, -3.916962665652260256 ) ) ;
#6871 = DIRECTION ( 'NONE',  ( 0.000000000000000000, 0.000000000000000000, 1.000000000000000000 ) ) ;
#6872 = SURFACE_STYLE_USAGE ( .BOTH. , #5398 ) ;
#6873 = FILL_AREA_STYLE_COLOUR ( '', #7874 ) ;
#6874 =( NAMED_UNIT ( * ) SI_UNIT ( $, .STERADIAN. ) SOLID_ANGLE_UNIT ( ) );
#6875 = VERTEX_POINT ( 'NONE', #7720 ) ;
#6876 = PRESENTATION_STYLE_ASSIGNMENT (( #830 ) ) ;
#6877 = COLOUR_RGB ( '',0.9098039215686274384, 0.4431372549019607643, 0.03137254901960784270 ) ;
#6878 = PRESENTATION_STYLE_ASSIGNMENT (( #567 ) ) ;
#6879 = LINE ( 'NONE', #6706, #1653 ) ;
#6880 = ORIENTED_EDGE ( 'NONE', *, *, #2829, .T. ) ;
#6881 = MECHANICAL_DESIGN_GEOMETRIC_PRESENTATION_REPRESENTATION (  '', ( #2416 ), #3336 ) ;
#6882 = PRESENTATION_LAYER_ASSIGNMENT (  '', '', ( #3407 ) ) ;
#6883 = CARTESIAN_POINT ( 'NONE',  ( 7.295565981523415289, 0.000000000000000000, -0.1500000000000000222 ) ) ;
#6884 = DIRECTION ( 'NONE',  ( 0.000000000000000000, 0.000000000000000000, 1.000000000000000000 ) ) ;
#6885 = FILL_AREA_STYLE_COLOUR ( '', #8354 ) ;
#6886 = CARTESIAN_POINT ( 'NONE',  ( 6.156542934606380690, 0.000000000000000000, 3.827686801329380106 ) ) ;
#6887 = SURFACE_STYLE_USAGE ( .BOTH. , #6084 ) ;
#6888 = CARTESIAN_POINT ( 'NONE',  ( -0.2974641686419178255, 7.000000000000000888, -2.784806355831972002 ) ) ;
#6889 = FILL_AREA_STYLE ('',( #377 ) ) ;
#6890 = SURFACE_SIDE_STYLE ('',( #42 ) ) ;
#6891 = ORIENTED_EDGE ( 'NONE', *, *, #8871, .F. ) ;
#6892 = CARTESIAN_POINT ( 'NONE',  ( 1.720804567049041278, 7.000000000000000888, 4.304093053426401916 ) ) ;
#6893 = CIRCLE ( 'NONE', #7571, 0.09999999999999982514 ) ;
#6894 = PRESENTATION_STYLE_ASSIGNMENT (( #4932 ) ) ;
#6895 = CARTESIAN_POINT ( 'NONE',  ( 6.226639124038715778, 4.400000000000000355, -3.306276639815604934 ) ) ;
#6896 = AXIS2_PLACEMENT_3D ( 'NONE', #9014, #1882, #492 ) ;
#6897 =( NAMED_UNIT ( * ) PLANE_ANGLE_UNIT ( ) SI_UNIT ( $, .RADIAN. ) );
#6898 = AXIS2_PLACEMENT_3D ( 'NONE', #3668, #5725, #1488 ) ;
#6899 = CARTESIAN_POINT ( 'NONE',  ( -6.009658438426486171, 4.400000000000000355, 3.873823105595984639 ) ) ;
#6900 = EDGE_CURVE ( 'NONE', #4169, #7521, #8770, .T. ) ;
#6901 = UNCERTAINTY_MEASURE_WITH_UNIT (LENGTH_MEASURE( 1.000000000000000082E-05 ), #6761, 'distance_accuracy_value', 'NONE');
#6902 =( NAMED_UNIT ( * ) SI_UNIT ( $, .STERADIAN. ) SOLID_ANGLE_UNIT ( ) );
#6903 =( NAMED_UNIT ( * ) SI_UNIT ( $, .STERADIAN. ) SOLID_ANGLE_UNIT ( ) );
#6904 =( NAMED_UNIT ( * ) SI_UNIT ( $, .STERADIAN. ) SOLID_ANGLE_UNIT ( ) );
#6905 = ORIENTED_EDGE ( 'NONE', *, *, #1973, .F. ) ;
#6906 = ADVANCED_FACE ( 'NONE', ( #5824 ), #714, .T. ) ;
#6907 = SURFACE_STYLE_FILL_AREA ( #1350 ) ;
#6908 =( NAMED_UNIT ( * ) PLANE_ANGLE_UNIT ( ) SI_UNIT ( $, .RADIAN. ) );
#6909 = COLOUR_RGB ( '',0.2509803921568627416, 0.2509803921568627416, 0.2509803921568627416 ) ;
#6910 = ORIENTED_EDGE ( 'NONE', *, *, #1874, .F. ) ;
#6911 = VECTOR ( 'NONE', #8691, 1000.000000000000000 ) ;
#6912 = MECHANICAL_DESIGN_GEOMETRIC_PRESENTATION_REPRESENTATION (  '', ( #62 ), #3063 ) ;
#6913 = PRESENTATION_LAYER_ASSIGNMENT (  '', '', ( #1074 ) ) ;
#6914 = LINE ( 'NONE', #8825, #7600 ) ;
#6915 = ORIENTED_EDGE ( 'NONE', *, *, #1786, .F. ) ;
#6916 =( NAMED_UNIT ( * ) PLANE_ANGLE_UNIT ( ) SI_UNIT ( $, .RADIAN. ) );
#6917 = SURFACE_STYLE_FILL_AREA ( #3198 ) ;
#6918 = FILL_AREA_STYLE_COLOUR ( '', #1234 ) ;
#6919 = VECTOR ( 'NONE', #2854, 1000.000000000000000 ) ;
#6920 = CARTESIAN_POINT ( 'NONE',  ( -6.009658438426486171, 0.000000000000000000, 3.873823105595984639 ) ) ;
#6921 = ORIENTED_EDGE ( 'NONE', *, *, #4177, .F. ) ;
#6922 = DIRECTION ( 'NONE',  ( 0.8660254037844380415, -0.000000000000000000, 0.5000000000000009992 ) ) ;
#6923 =( NAMED_UNIT ( * ) PLANE_ANGLE_UNIT ( ) SI_UNIT ( $, .RADIAN. ) );
#6924 = AXIS2_PLACEMENT_3D ( 'NONE', #2987, #3756, #986 ) ;
#6925 = CIRCLE ( 'NONE', #4024, 0.3499999999999996447 ) ;
#6926 = STYLED_ITEM ( 'NONE', ( #1395 ), #7290 ) ;
#6927 = CARTESIAN_POINT ( 'NONE',  ( 0.000000000000000000, 6.750000000000000888, 4.764999999999999680 ) ) ;
#6928 = SURFACE_SIDE_STYLE ('',( #8544 ) ) ;
#6929 = DIRECTION ( 'NONE',  ( 0.000000000000000000, 0.000000000000000000, 1.000000000000000000 ) ) ;
#6930 = LINE ( 'NONE', #6177, #7499 ) ;
#6931 = ORIENTED_EDGE ( 'NONE', *, *, #8010, .T. ) ;
#6932 = DIRECTION ( 'NONE',  ( -0.4999999999999979461, -0.000000000000000000, -0.8660254037844397068 ) ) ;
#6933 = EDGE_CURVE ( 'NONE', #8633, #5396, #2817, .T. ) ;
#6934 = DIRECTION ( 'NONE',  ( -0.8660254037844380415, 0.000000000000000000, -0.5000000000000009992 ) ) ;
#6935 = FILL_AREA_STYLE_COLOUR ( '', #4017 ) ;
#6936 = CIRCLE ( 'NONE', #7076, 0.09999999999999982514 ) ;
#6937 = CARTESIAN_POINT ( 'NONE',  ( 0.000000000000000000, 4.400000000000000355, 0.000000000000000000 ) ) ;
#6938 = DIRECTION ( 'NONE',  ( 0.000000000000000000, 1.000000000000000000, 0.000000000000000000 ) ) ;
#6939 = FACE_OUTER_BOUND ( 'NONE', #8986, .T. ) ;
#6940 = SURFACE_STYLE_USAGE ( .BOTH. , #640 ) ;
#6941 = STYLED_ITEM ( 'NONE', ( #6744 ), #8310 ) ;
#6942 = VERTEX_POINT ( 'NONE', #4361 ) ;
#6943 =( GEOMETRIC_REPRESENTATION_CONTEXT ( 3 ) GLOBAL_UNCERTAINTY_ASSIGNED_CONTEXT ( ( #5471 ) ) GLOBAL_UNIT_ASSIGNED_CONTEXT ( ( #4883, #1306, #4785 ) ) REPRESENTATION_CONTEXT ( 'NONE', 'WORKASPACE' ) );
#6944 =( LENGTH_UNIT ( ) NAMED_UNIT ( * ) SI_UNIT ( .MILLI., .METRE. ) );
#6945 = SURFACE_STYLE_FILL_AREA ( #6657 ) ;
#6946 = VERTEX_POINT ( 'NONE', #1542 ) ;
#6947 = CARTESIAN_POINT ( 'NONE',  ( 5.464635013455913182, 7.000000000000000888, -2.590140400704013857 ) ) ;
#6948 = CARTESIAN_POINT ( 'NONE',  ( -6.629903845456583511, 4.400000000000001243, -2.000000000000000000 ) ) ;
#6949 = AXIS2_PLACEMENT_3D ( 'NONE', #1247, #7660, #560 ) ;
#6950 = DIRECTION ( 'NONE',  ( 0.000000000000000000, 0.000000000000000000, 1.000000000000000000 ) ) ;
#6951 = SURFACE_STYLE_FILL_AREA ( #6527 ) ;
#6952 = SURFACE_SIDE_STYLE ('',( #4968 ) ) ;
#6953 = VECTOR ( 'NONE', #7916, 1000.000000000000000 ) ;
#6954 = MECHANICAL_DESIGN_GEOMETRIC_PRESENTATION_REPRESENTATION (  '', ( #105 ), #8312 ) ;
#6955 = CARTESIAN_POINT ( 'NONE',  ( 0.000000000000000000, 0.000000000000000000, 0.000000000000000000 ) ) ;
#6956 = PRESENTATION_STYLE_ASSIGNMENT (( #4228 ) ) ;
#6957 = PRESENTATION_LAYER_ASSIGNMENT (  '', '', ( #4699 ) ) ;
#6958 =( NAMED_UNIT ( * ) SI_UNIT ( $, .STERADIAN. ) SOLID_ANGLE_UNIT ( ) );
#6959 = UNCERTAINTY_MEASURE_WITH_UNIT (LENGTH_MEASURE( 1.000000000000000082E-05 ), #7381, 'distance_accuracy_value', 'NONE');
#6960 = ORIENTED_EDGE ( 'NONE', *, *, #7231, .T. ) ;
#6961 = CIRCLE ( 'NONE', #7880, 8.250000000000000000 ) ;
#6962 = EDGE_CURVE ( 'NONE', #1199, #1289, #6313, .T. ) ;
#6963 = ORIENTED_EDGE ( 'NONE', *, *, #1621, .T. ) ;
#6964 =( GEOMETRIC_REPRESENTATION_CONTEXT ( 3 ) GLOBAL_UNCERTAINTY_ASSIGNED_CONTEXT ( ( #2062 ) ) GLOBAL_UNIT_ASSIGNED_CONTEXT ( ( #2901, #114, #2284 ) ) REPRESENTATION_CONTEXT ( 'NONE', 'WORKASPACE' ) );
#6965 = DIRECTION ( 'NONE',  ( -0.8660254037844397068, -0.000000000000000000, -0.4999999999999979461 ) ) ;
#6966 = ORIENTED_EDGE ( 'NONE', *, *, #1533, .T. ) ;
#6967 = CIRCLE ( 'NONE', #7724, 0.1000000000000002554 ) ;
#6968 = PRESENTATION_STYLE_ASSIGNMENT (( #8918 ) ) ;
#6969 =( LENGTH_UNIT ( ) NAMED_UNIT ( * ) SI_UNIT ( .MILLI., .METRE. ) );
#6970 = VERTEX_POINT ( 'NONE', #6477 ) ;
#6971 = ADVANCED_FACE ( 'NONE', ( #4858 ), #1618, .F. ) ;
#6972 = CARTESIAN_POINT ( 'NONE',  ( 2.434764514642112410, 7.000000000000000888, 4.304093053426401916 ) ) ;
#6973 = DIRECTION ( 'NONE',  ( -0.000000000000000000, 1.000000000000000000, -0.000000000000000000 ) ) ;
#6974 = UNCERTAINTY_MEASURE_WITH_UNIT (LENGTH_MEASURE( 1.000000000000000082E-05 ), #9219, 'distance_accuracy_value', 'NONE');
#6975 = ORIENTED_EDGE ( 'NONE', *, *, #964, .T. ) ;
#6976 = AXIS2_PLACEMENT_3D ( 'NONE', #1010, #5960, #1824 ) ;
#6977 = CARTESIAN_POINT ( 'NONE',  ( 0.000000000000000000, -1.549999999999999378, 5.114999999999999325 ) ) ;
#6978 = VERTEX_POINT ( 'NONE', #7177 ) ;
#6980 = AXIS2_PLACEMENT_3D ( 'NONE', #8704, #3609, #2266 ) ;
#6979 = PRESENTATION_STYLE_ASSIGNMENT (( #8225 ) ) ;
#6981 = COLOUR_RGB ( '',0.2509803921568627416, 0.2509803921568627416, 0.2509803921568627416 ) ;
#6982 = ORIENTED_EDGE ( 'NONE', *, *, #8913, .F. ) ;
#6983 = EDGE_CURVE ( 'NONE', #4084, #1876, #4634, .T. ) ;
#6984 = PRESENTATION_STYLE_ASSIGNMENT (( #3220 ) ) ;
#6985 = PRESENTATION_STYLE_ASSIGNMENT (( #8594 ) ) ;
#6986 = EDGE_CURVE ( 'NONE', #4874, #2935, #3708, .T. ) ;
#6987 = ORIENTED_EDGE ( 'NONE', *, *, #500, .F. ) ;
#6988 = ORIENTED_EDGE ( 'NONE', *, *, #5536, .F. ) ;
#6989 = ADVANCED_FACE ( 'NONE', ( #8997 ), #5388, .T. ) ;
#6990 = EDGE_LOOP ( 'NONE', ( #5691, #7664, #6049, #1742 ) ) ;
#6991 = SURFACE_SIDE_STYLE ('',( #1534 ) ) ;
#6992 = LINE ( 'NONE', #7938, #7317 ) ;
#6993 = VERTEX_POINT ( 'NONE', #799 ) ;
#6994 = PRESENTATION_LAYER_ASSIGNMENT (  '', '', ( #3558 ) ) ;
#6995 = CIRCLE ( 'NONE', #1047, 0.09999999999999982514 ) ;
#6996 = MECHANICAL_DESIGN_GEOMETRIC_PRESENTATION_REPRESENTATION (  '', ( #2338 ), #5183 ) ;
#6997 = CARTESIAN_POINT ( 'NONE',  ( -3.777686801329358968, 4.400000000000000355, 6.243145474984839183 ) ) ;
#6998 = DIRECTION ( 'NONE',  ( 0.000000000000000000, 1.000000000000000000, 0.000000000000000000 ) ) ;
#6999 = EDGE_CURVE ( 'NONE', #8012, #1601, #1733, .T. ) ;
#7000 = CARTESIAN_POINT ( 'NONE',  ( 4.286263797015736595E-17, 0.000000000000000000, -5.114999999999998437 ) ) ;
#7001 = STYLED_ITEM ( 'NONE', ( #4112 ), #170 ) ;
#7002 = ORIENTED_EDGE ( 'NONE', *, *, #1372, .F. ) ;
#7003 = CARTESIAN_POINT ( 'NONE',  ( 4.428517473209517163, 7.000000000000000888, 2.531868201111808769 ) ) ;
#7004 = DIRECTION ( 'NONE',  ( 1.000000000000000000, 0.000000000000000000, 0.000000000000000000 ) ) ;
#7005 = ORIENTED_EDGE ( 'NONE', *, *, #8968, .T. ) ;
#7006 = SURFACE_STYLE_FILL_AREA ( #4990 ) ;
#7007 = DIRECTION ( 'NONE',  ( 0.000000000000000000, 0.000000000000000000, -1.000000000000000000 ) ) ;
#7008 = DIRECTION ( 'NONE',  ( -0.000000000000000000, -1.000000000000000000, -0.000000000000000000 ) ) ;
#7009 = ADVANCED_FACE ( 'NONE', ( #176 ), #7529, .F. ) ;
#7010 = DIRECTION ( 'NONE',  ( -0.8660254037844397068, -0.000000000000000000, -0.4999999999999979461 ) ) ;
#7011 = FILL_AREA_STYLE ('',( #5611 ) ) ;
#7013 = CIRCLE ( 'NONE', #3233, 7.049999999999999822 ) ;
#7012 = MECHANICAL_DESIGN_GEOMETRIC_PRESENTATION_REPRESENTATION (  '', ( #7805 ), #6223 ) ;
#7014 = SURFACE_STYLE_USAGE ( .BOTH. , #7764 ) ;
#7015 =( LENGTH_UNIT ( ) NAMED_UNIT ( * ) SI_UNIT ( .MILLI., .METRE. ) );
#7016 = SURFACE_STYLE_USAGE ( .BOTH. , #6291 ) ;
#7017 = CARTESIAN_POINT ( 'NONE',  ( -6.009658438426486171, 0.000000000000000000, 3.873823105595984639 ) ) ;
#7018 = DIRECTION ( 'NONE',  ( -0.000000000000000000, -1.000000000000000000, -0.000000000000000000 ) ) ;
#7019 = SURFACE_STYLE_FILL_AREA ( #4554 ) ;
#7020 = VERTEX_POINT ( 'NONE', #472 ) ;
#7021 = EDGE_CURVE ( 'NONE', #914, #61, #1949, .T. ) ;
#7022 = ORIENTED_EDGE ( 'NONE', *, *, #8004, .F. ) ;
#7023 = CARTESIAN_POINT ( 'NONE',  ( 3.873823105595965099, 4.400000000000000355, 6.009658438426501270 ) ) ;
#7024 = AXIS2_PLACEMENT_3D ( 'NONE', #3166, #3929, #8951 ) ;
#7025 = COLOUR_RGB ( '',0.9098039215686274384, 0.4431372549019607643, 0.03137254901960784270 ) ;
#7026 = EDGE_CURVE ( 'NONE', #3489, #1535, #5815, .T. ) ;
#7027 = AXIS2_PLACEMENT_3D ( 'NONE', #8861, #1068, #1102 ) ;
#7028 = SURFACE_STYLE_USAGE ( .BOTH. , #6991 ) ;
#7029 =( GEOMETRIC_REPRESENTATION_CONTEXT ( 3 ) GLOBAL_UNCERTAINTY_ASSIGNED_CONTEXT ( ( #8020 ) ) GLOBAL_UNIT_ASSIGNED_CONTEXT ( ( #1579, #2375, #6651 ) ) REPRESENTATION_CONTEXT ( 'NONE', 'WORKASPACE' ) );
#7030 = LINE ( 'NONE', #5194, #4678 ) ;
#7031 = ORIENTED_EDGE ( 'NONE', *, *, #8105, .T. ) ;
#7032 =( NAMED_UNIT ( * ) PLANE_ANGLE_UNIT ( ) SI_UNIT ( $, .RADIAN. ) );
#7033 =( NAMED_UNIT ( * ) SI_UNIT ( $, .STERADIAN. ) SOLID_ANGLE_UNIT ( ) );
#7034 = LINE ( 'NONE', #7259, #1240 ) ;
#7035 = CARTESIAN_POINT ( 'NONE',  ( -3.873823105595965099, 4.400000000000000355, -6.009658438426500382 ) ) ;
#7036 = DIRECTION ( 'NONE',  ( 0.000000000000000000, 0.000000000000000000, -1.000000000000000000 ) ) ;
#7037 = UNCERTAINTY_MEASURE_WITH_UNIT (LENGTH_MEASURE( 1.000000000000000082E-05 ), #3300, 'distance_accuracy_value', 'NONE');
#7038 = DIRECTION ( 'NONE',  ( -0.000000000000000000, -1.000000000000000000, -0.000000000000000000 ) ) ;
#7039 = CARTESIAN_POINT ( 'NONE',  ( -4.309781233941029299, 6.950000000000000178, 3.836521063224087147 ) ) ;
#7040 = EDGE_LOOP ( 'NONE', ( #6840, #7500, #7247, #2570 ) ) ;
#7041 = CARTESIAN_POINT ( 'NONE',  ( 7.195565981523414756, 0.000000000000000000, 0.1499999999999999667 ) ) ;
#7042 = AXIS2_PLACEMENT_3D ( 'NONE', #7369, #4543, #5807 ) ;
#7043 = DIRECTION ( 'NONE',  ( 0.000000000000000000, 1.000000000000000000, 0.000000000000000000 ) ) ;
#7044 = EDGE_CURVE ( 'NONE', #8413, #9159, #5501, .T. ) ;
#7045 = STYLED_ITEM ( 'NONE', ( #3108 ), #999 ) ;
#7046 = PLANE ( 'NONE',  #5593 ) ;
#7047 = CARTESIAN_POINT ( 'NONE',  ( -6.393145474984826215, 0.000000000000000000, -3.517879180194049216 ) ) ;
#7048 = DIRECTION ( 'NONE',  ( -0.000000000000000000, -1.000000000000000000, -0.000000000000000000 ) ) ;
#7049 = EDGE_CURVE ( 'NONE', #1310, #3495, #297, .T. ) ;
#7050 = LINE ( 'NONE', #3139, #6467 ) ;
#7051 = DIRECTION ( 'NONE',  ( 0.5000000000000014433, 0.000000000000000000, -0.8660254037844379305 ) ) ;
#7052 = ORIENTED_EDGE ( 'NONE', *, *, #3532, .F. ) ;
#7053 =( GEOMETRIC_REPRESENTATION_CONTEXT ( 3 ) GLOBAL_UNCERTAINTY_ASSIGNED_CONTEXT ( ( #3626 ) ) GLOBAL_UNIT_ASSIGNED_CONTEXT ( ( #6351, #2086, #3394 ) ) REPRESENTATION_CONTEXT ( 'NONE', 'WORKASPACE' ) );
#7054 = EDGE_CURVE ( 'NONE', #547, #6538, #8652, .T. ) ;
#7055 = ORIENTED_EDGE ( 'NONE', *, *, #7858, .T. ) ;
#7056 = EDGE_CURVE ( 'NONE', #2649, #6111, #6730, .T. ) ;
#7057 = ADVANCED_FACE ( 'NONE', ( #7762 ), #7404, .F. ) ;
#7058 = PRESENTATION_STYLE_ASSIGNMENT (( #5365 ) ) ;
#7059 = SURFACE_SIDE_STYLE ('',( #7223 ) ) ;
#7060 = MECHANICAL_DESIGN_GEOMETRIC_PRESENTATION_REPRESENTATION (  '', ( #2453 ), #7542 ) ;
#7061 = ORIENTED_EDGE ( 'NONE', *, *, #7615, .F. ) ;
#7062 = AXIS2_PLACEMENT_3D ( 'NONE', #113, #8598, #1474 ) ;
#7063 = SURFACE_STYLE_USAGE ( .BOTH. , #3598 ) ;
#7064 = FACE_OUTER_BOUND ( 'NONE', #6166, .T. ) ;
#7065 = CARTESIAN_POINT ( 'NONE',  ( 7.195565981523414756, 0.000000000000000000, 0.2499999999999999445 ) ) ;
#7066 = FILL_AREA_STYLE ('',( #1348 ) ) ;
#7067 = DIRECTION ( 'NONE',  ( 0.000000000000000000, 1.000000000000000000, 0.000000000000000000 ) ) ;
#7068 = CARTESIAN_POINT ( 'NONE',  ( 6.106542934606381756, 0.000000000000000000, -3.814289341707823855 ) ) ;
#7069 =( NAMED_UNIT ( * ) SI_UNIT ( $, .STERADIAN. ) SOLID_ANGLE_UNIT ( ) );
#7070 = PRESENTATION_STYLE_ASSIGNMENT (( #5875 ) ) ;
#7071 = CARTESIAN_POINT ( 'NONE',  ( -6.156542934606380690, 4.400000000000000355, 3.727686801329380462 ) ) ;
#7072 = SURFACE_STYLE_FILL_AREA ( #2145 ) ;
#7073 = EDGE_CURVE ( 'NONE', #5893, #3043, #4945, .T. ) ;
#7074 = ORIENTED_EDGE ( 'NONE', *, *, #788, .T. ) ;
#7075 = CIRCLE ( 'NONE', #2996, 0.1000000000000002554 ) ;
#7076 = AXIS2_PLACEMENT_3D ( 'NONE', #1775, #3074, #5271 ) ;
#7077 = ORIENTED_EDGE ( 'NONE', *, *, #6608, .F. ) ;
#7078 = DIRECTION ( 'NONE',  ( 0.000000000000000000, 0.000000000000000000, 1.000000000000000000 ) ) ;
#7079 = CARTESIAN_POINT ( 'NONE',  ( 0.000000000000000000, 4.400000000000000355, 0.000000000000000000 ) ) ;
#7080 = ORIENTED_EDGE ( 'NONE', *, *, #2655, .F. ) ;
#7081 = COLOUR_RGB ( '',1.000000000000000000, 1.000000000000000000, 1.000000000000000000 ) ;
#7082 = SURFACE_STYLE_FILL_AREA ( #6221 ) ;
#7083 = COLOUR_RGB ( '',0.2509803921568627416, 0.2509803921568627416, 0.2509803921568627416 ) ;
#7084 = ORIENTED_EDGE ( 'NONE', *, *, #6170, .F. ) ;
#7085 = MECHANICAL_DESIGN_GEOMETRIC_PRESENTATION_REPRESENTATION (  '', ( #102 ), #5788 ) ;
#7086 = DIRECTION ( 'NONE',  ( 0.000000000000000000, 0.000000000000000000, 1.000000000000000000 ) ) ;
#7087 = ORIENTED_EDGE ( 'NONE', *, *, #4984, .F. ) ;
#7088 = SURFACE_SIDE_STYLE ('',( #5997 ) ) ;
#7089 = AXIS2_PLACEMENT_3D ( 'NONE', #7079, #4205, #17 ) ;
#7090 = DIRECTION ( 'NONE',  ( -0.000000000000000000, -1.000000000000000000, -0.000000000000000000 ) ) ;
#7091 = EDGE_CURVE ( 'NONE', #4093, #6321, #8869, .T. ) ;
#7092 = DIRECTION ( 'NONE',  ( -0.000000000000000000, -1.000000000000000000, -0.000000000000000000 ) ) ;
#7093 = CARTESIAN_POINT ( 'NONE',  ( -5.531383964240385254, 7.000000000000000888, 3.413764994861879121 ) ) ;
#7094 = VERTEX_POINT ( 'NONE', #3979 ) ;
#7095 = UNCERTAINTY_MEASURE_WITH_UNIT (LENGTH_MEASURE( 1.000000000000000082E-05 ), #6146, 'distance_accuracy_value', 'NONE');
#7096 = AXIS2_PLACEMENT_3D ( 'NONE', #4506, #884, #5809 ) ;
#7097 = ORIENTED_EDGE ( 'NONE', *, *, #6285, .F. ) ;
#7098 = DIRECTION ( 'NONE',  ( -0.000000000000000000, -1.000000000000000000, -0.000000000000000000 ) ) ;
#7099 = ORIENTED_EDGE ( 'NONE', *, *, #8714, .T. ) ;
#7100 = DIRECTION ( 'NONE',  ( 0.000000000000000000, 0.000000000000000000, -1.000000000000000000 ) ) ;
#7101 = ORIENTED_EDGE ( 'NONE', *, *, #8260, .T. ) ;
#7102 = VECTOR ( 'NONE', #2985, 1000.000000000000000 ) ;
#7103 = VERTEX_POINT ( 'NONE', #566 ) ;
#7104 = PRESENTATION_LAYER_ASSIGNMENT (  '', '', ( #7397 ) ) ;
#7105 = EDGE_LOOP ( 'NONE', ( #5902, #3616, #1131, #5141 ) ) ;
#7106 = EDGE_CURVE ( 'NONE', #6726, #2451, #8552, .T. ) ;
#7107 = ORIENTED_EDGE ( 'NONE', *, *, #4077, .T. ) ;
#7108 = LINE ( 'NONE', #7366, #7439 ) ;
#7109 = EDGE_CURVE ( 'NONE', #3960, #5411, #3253, .T. ) ;
#7110 = CARTESIAN_POINT ( 'NONE',  ( -0.4326952959729711279, 7.000000000000000888, -2.784806355831972446 ) ) ;
#7111 = PRESENTATION_STYLE_ASSIGNMENT (( #1210 ) ) ;
#7112 = AXIS2_PLACEMENT_3D ( 'NONE', #4072, #1895, #1318 ) ;
#7113 = AXIS2_PLACEMENT_3D ( 'NONE', #6820, #4058, #9047 ) ;
#7114 = CYLINDRICAL_SURFACE ( 'NONE', #3150, 0.3499999999999996447 ) ;
#7115 = CARTESIAN_POINT ( 'NONE',  ( 5.925607271455487712, 4.400000000000000355, -3.819643761461775533 ) ) ;
#7116 =( LENGTH_UNIT ( ) NAMED_UNIT ( * ) SI_UNIT ( .MILLI., .METRE. ) );
#7117 = VECTOR ( 'NONE', #375, 1000.000000000000000 ) ;
#7118 = ORIENTED_EDGE ( 'NONE', *, *, #851, .T. ) ;
#7119 = CARTESIAN_POINT ( 'NONE',  ( -3.267605322946856461, 0.000000000000000000, 6.259658438426496829 ) ) ;
#7120 = ORIENTED_EDGE ( 'NONE', *, *, #1431, .F. ) ;
#7121 = SURFACE_STYLE_FILL_AREA ( #6829 ) ;
#7122 = DIRECTION ( 'NONE',  ( 0.4999999999999979461, 0.000000000000000000, -0.8660254037844397068 ) ) ;
#7123 = DIRECTION ( 'NONE',  ( 0.000000000000000000, 1.000000000000000000, 0.000000000000000000 ) ) ;
#7124 = COLOUR_RGB ( '',0.2509803921568627416, 0.2509803921568627416, 0.2509803921568627416 ) ;
#7125 = PRESENTATION_STYLE_ASSIGNMENT (( #4396 ) ) ;
#7126 = DIRECTION ( 'NONE',  ( 0.000000000000000000, 1.000000000000000000, 0.000000000000000000 ) ) ;
#7127 = EDGE_CURVE ( 'NONE', #145, #3132, #2909, .T. ) ;
#7128 = DIRECTION ( 'NONE',  ( -0.5000000000000009992, -0.000000000000000000, -0.8660254037844380415 ) ) ;
#7129 = STYLED_ITEM ( 'NONE', ( #4198 ), #8267 ) ;
#7130 = STYLED_ITEM ( 'NONE', ( #1930 ), #3001 ) ;
#7131 = PRESENTATION_STYLE_ASSIGNMENT (( #6251 ) ) ;
#7132 = DIRECTION ( 'NONE',  ( -0.000000000000000000, 1.000000000000000000, -0.000000000000000000 ) ) ;
#7133 = ORIENTED_EDGE ( 'NONE', *, *, #7386, .T. ) ;
#7134 = LINE ( 'NONE', #4514, #4896 ) ;
#7135 = DIRECTION ( 'NONE',  ( -0.000000000000000000, 1.000000000000000000, -0.000000000000000000 ) ) ;
#7136 = VECTOR ( 'NONE', #4834, 1000.000000000000114 ) ;
#7137 = EDGE_CURVE ( 'NONE', #5608, #1833, #4621, .T. ) ;
#7138 = UNCERTAINTY_MEASURE_WITH_UNIT (LENGTH_MEASURE( 1.000000000000000082E-05 ), #1589, 'distance_accuracy_value', 'NONE');
#7139 = CARTESIAN_POINT ( 'NONE',  ( 1.450342312386934340, 6.950000000000000178, 2.743934908718901777 ) ) ;
#7140 = EDGE_CURVE ( 'NONE', #530, #26, #8216, .T. ) ;
#7141 = CARTESIAN_POINT ( 'NONE',  ( 6.359658438426485816, 4.400000000000000355, -3.267605322946878221 ) ) ;
#7142 = COLOUR_RGB ( '',0.9098039215686274384, 0.4431372549019607643, 0.03137254901960784270 ) ;
#7143 = AXIS2_PLACEMENT_3D ( 'NONE', #8942, #1844, #3957 ) ;
#7144 = ORIENTED_EDGE ( 'NONE', *, *, #3420, .T. ) ;
#7145 = MECHANICAL_DESIGN_GEOMETRIC_PRESENTATION_REPRESENTATION (  '', ( #7815 ), #589 ) ;
#7146 = DIRECTION ( 'NONE',  ( -0.000000000000000000, -1.000000000000000000, -0.000000000000000000 ) ) ;
#7147 = EDGE_LOOP ( 'NONE', ( #6647, #4035, #1073, #7120 ) ) ;
#7148 = STYLED_ITEM ( 'NONE', ( #2556 ), #3963 ) ;
#7149 = UNCERTAINTY_MEASURE_WITH_UNIT (LENGTH_MEASURE( 1.000000000000000082E-05 ), #4013, 'distance_accuracy_value', 'NONE');
#7150 = AXIS2_PLACEMENT_3D ( 'NONE', #8774, #8232, #8135 ) ;
#7151 = DIRECTION ( 'NONE',  ( -0.000000000000000000, -1.000000000000000000, -0.000000000000000000 ) ) ;
#7152 = CIRCLE ( 'NONE', #4283, 0.1000000000000002554 ) ;
#7153 = VERTEX_POINT ( 'NONE', #6283 ) ;
#7154 = DIRECTION ( 'NONE',  ( 0.000000000000000000, 1.000000000000000000, 0.000000000000000000 ) ) ;
#7155 = DIRECTION ( 'NONE',  ( 0.000000000000000000, 0.000000000000000000, 1.000000000000000000 ) ) ;
#7156 = CARTESIAN_POINT ( 'NONE',  ( 3.873823105595965099, 4.400000000000000355, -6.009658438426500382 ) ) ;
#7157 = DIRECTION ( 'NONE',  ( -0.000000000000000000, -1.000000000000000000, -0.000000000000000000 ) ) ;
#7158 = SURFACE_STYLE_USAGE ( .BOTH. , #2229 ) ;
#7159 = DIRECTION ( 'NONE',  ( -0.000000000000000000, -1.000000000000000000, -0.000000000000000000 ) ) ;
#7160 =( GEOMETRIC_REPRESENTATION_CONTEXT ( 3 ) GLOBAL_UNCERTAINTY_ASSIGNED_CONTEXT ( ( #7900 ) ) GLOBAL_UNIT_ASSIGNED_CONTEXT ( ( #8837, #5257, #1788 ) ) REPRESENTATION_CONTEXT ( 'NONE', 'WORKASPACE' ) );
#7161 = VERTEX_POINT ( 'NONE', #699 ) ;
#7162 = DIRECTION ( 'NONE',  ( 0.000000000000000000, -1.000000000000000000, 0.000000000000000000 ) ) ;
#7163 = EDGE_CURVE ( 'NONE', #3435, #8577, #7641, .T. ) ;
#7164 = CYLINDRICAL_SURFACE ( 'NONE', #2900, 0.1000000000000002554 ) ;
#7165 = FILL_AREA_STYLE ('',( #6524 ) ) ;
#7166 = EDGE_CURVE ( 'NONE', #7378, #3489, #3581, .T. ) ;
#7167 = VECTOR ( 'NONE', #1299, 1000.000000000000000 ) ;
#7168 = LINE ( 'NONE', #2144, #265 ) ;
#7169 = CARTESIAN_POINT ( 'NONE',  ( -6.356542934606381756, 0.000000000000000000, 3.381276639815605556 ) ) ;
#7170 = DIRECTION ( 'NONE',  ( -0.000000000000000000, -1.000000000000000000, -0.000000000000000000 ) ) ;
#7171 = DIRECTION ( 'NONE',  ( 0.5000000000000009992, -0.000000000000000000, 0.8660254037844380415 ) ) ;
#7172 = FACE_OUTER_BOUND ( 'NONE', #3881, .T. ) ;
#7173 = AXIS2_PLACEMENT_3D ( 'NONE', #5586, #6324, #6255 ) ;
#7174 = DIRECTION ( 'NONE',  ( -0.000000000000000000, -1.000000000000000000, -0.000000000000000000 ) ) ;
#7175 = ORIENTED_EDGE ( 'NONE', *, *, #2568, .F. ) ;
#7176 = CARTESIAN_POINT ( 'NONE',  ( 3.864289341707802805, 0.000000000000000000, 6.193145474984839360 ) ) ;
#7177 = CARTESIAN_POINT ( 'NONE',  ( 6.393145474984826215, 4.400000000000000355, 3.517879180194048772 ) ) ;
#7178 = PLANE ( 'NONE',  #3182 ) ;
#7179 =( LENGTH_UNIT ( ) NAMED_UNIT ( * ) SI_UNIT ( .MILLI., .METRE. ) );
#7180 = DIRECTION ( 'NONE',  ( -0.000000000000000000, -1.000000000000000000, -0.000000000000000000 ) ) ;
#7181 = ORIENTED_EDGE ( 'NONE', *, *, #1786, .T. ) ;
#7182 = CYLINDRICAL_SURFACE ( 'NONE', #3356, 0.09999999999999982514 ) ;
#7183 = PRESENTATION_LAYER_ASSIGNMENT (  '', '', ( #1401 ) ) ;
#7184 = VERTEX_POINT ( 'NONE', #5643 ) ;
#7185 = DIRECTION ( 'NONE',  ( 0.000000000000000000, 0.000000000000000000, -1.000000000000000000 ) ) ;
#7186 = CARTESIAN_POINT ( 'NONE',  ( 3.727686801329359145, 0.000000000000000000, -6.156542934606394901 ) ) ;
#7187 = SURFACE_STYLE_FILL_AREA ( #1378 ) ;
#7188 = CARTESIAN_POINT ( 'NONE',  ( 6.193145474984825150, 4.400000000000000355, -3.864289341707824121 ) ) ;
#7189 = ORIENTED_EDGE ( 'NONE', *, *, #2554, .F. ) ;
#7190 = SURFACE_SIDE_STYLE ('',( #6158 ) ) ;
#7191 = EDGE_LOOP ( 'NONE', ( #1501, #5724, #2752, #4920 ) ) ;
#7192 = SURFACE_SIDE_STYLE ('',( #6712 ) ) ;
#7193 = ORIENTED_EDGE ( 'NONE', *, *, #1606, .F. ) ;
#7194 = EDGE_CURVE ( 'NONE', #5082, #6198, #4510, .T. ) ;
#7195 =( NAMED_UNIT ( * ) SI_UNIT ( $, .STERADIAN. ) SOLID_ANGLE_UNIT ( ) );
#7196 = AXIS2_PLACEMENT_3D ( 'NONE', #8531, #4939, #3400 ) ;
#7197 = VECTOR ( 'NONE', #6938, 1000.000000000000000 ) ;
#7198 = AXIS2_PLACEMENT_3D ( 'NONE', #8334, #5447, #9138 ) ;
#7199 = UNCERTAINTY_MEASURE_WITH_UNIT (LENGTH_MEASURE( 1.000000000000000082E-05 ), #3534, 'distance_accuracy_value', 'NONE');
#7200 = CARTESIAN_POINT ( 'NONE',  ( 3.814289341707803427, 0.000000000000000000, 6.106542934606395079 ) ) ;
#7201 = ORIENTED_EDGE ( 'NONE', *, *, #391, .T. ) ;
#7202 = DIRECTION ( 'NONE',  ( -0.000000000000000000, -0.000000000000000000, 1.000000000000000000 ) ) ;
#7203 = ORIENTED_EDGE ( 'NONE', *, *, #2644, .T. ) ;
#7204 = ORIENTED_EDGE ( 'NONE', *, *, #7897, .F. ) ;
#7205 = VECTOR ( 'NONE', #24, 1000.000000000000000 ) ;
#7206 = ORIENTED_EDGE ( 'NONE', *, *, #5323, .T. ) ;
#7207 = COLOUR_RGB ( '',0.2509803921568627416, 0.2509803921568627416, 0.2509803921568627416 ) ;
#7208 = ORIENTED_EDGE ( 'NONE', *, *, #4731, .F. ) ;
#7209 = DIRECTION ( 'NONE',  ( 0.000000000000000000, -1.000000000000000000, 0.000000000000000000 ) ) ;
#7210 = ORIENTED_EDGE ( 'NONE', *, *, #5087, .T. ) ;
#7211 = AXIS2_PLACEMENT_3D ( 'NONE', #423, #2517, #2489 ) ;
#7212 = SURFACE_STYLE_USAGE ( .BOTH. , #2903 ) ;
#7213 = ORIENTED_EDGE ( 'NONE', *, *, #3904, .F. ) ;
#7214 = EDGE_CURVE ( 'NONE', #1053, #2642, #838, .T. ) ;
#7215 =( GEOMETRIC_REPRESENTATION_CONTEXT ( 3 ) GLOBAL_UNCERTAINTY_ASSIGNED_CONTEXT ( ( #5306 ) ) GLOBAL_UNIT_ASSIGNED_CONTEXT ( ( #2027, #2057, #5053 ) ) REPRESENTATION_CONTEXT ( 'NONE', 'WORKASPACE' ) );
#7216 = CIRCLE ( 'NONE', #3679, 0.1000000000000002554 ) ;
#7217 = VECTOR ( 'NONE', #2331, 1000.000000000000000 ) ;
#7218 = ORIENTED_EDGE ( 'NONE', *, *, #2296, .F. ) ;
#7219 = EDGE_CURVE ( 'NONE', #7319, #8724, #1057, .T. ) ;
#7220 = SURFACE_STYLE_FILL_AREA ( #3307 ) ;
#7221 =( NAMED_UNIT ( * ) PLANE_ANGLE_UNIT ( ) SI_UNIT ( $, .RADIAN. ) );
#7222 = DIRECTION ( 'NONE',  ( -0.000000000000000000, -1.000000000000000000, -0.000000000000000000 ) ) ;
#7223 = SURFACE_STYLE_FILL_AREA ( #4907 ) ;
#7224 = FILL_AREA_STYLE ('',( #3570 ) ) ;
#7225 = CYLINDRICAL_SURFACE ( 'NONE', #8415, 0.1353067852383595393 ) ;
#7226 = STYLED_ITEM ( 'NONE', ( #6129 ), #5526 ) ;
#7227 =( NAMED_UNIT ( * ) PLANE_ANGLE_UNIT ( ) SI_UNIT ( $, .RADIAN. ) );
#7228 = ORIENTED_EDGE ( 'NONE', *, *, #7533, .F. ) ;
#7229 =( NAMED_UNIT ( * ) SI_UNIT ( $, .STERADIAN. ) SOLID_ANGLE_UNIT ( ) );
#7230 = EDGE_CURVE ( 'NONE', #9178, #3306, #4388, .T. ) ;
#7231 = EDGE_CURVE ( 'NONE', #3944, #2600, #5496, .T. ) ;
#7232 = DIRECTION ( 'NONE',  ( 0.000000000000000000, 0.000000000000000000, 1.000000000000000000 ) ) ;
#7233 = LINE ( 'NONE', #7634, #7807 ) ;
#7234 = DIRECTION ( 'NONE',  ( -0.5000000000000009992, -0.000000000000000000, -0.8660254037844380415 ) ) ;
#7235 = CIRCLE ( 'NONE', #3718, 0.3499999999999996447 ) ;
#7236 = FACE_OUTER_BOUND ( 'NONE', #5307, .T. ) ;
#7237 = CARTESIAN_POINT ( 'NONE',  ( 6.059658438426485993, 4.400000000000000355, 3.787220565217541246 ) ) ;
#7238 = STYLED_ITEM ( 'NONE', ( #8893 ), #2521 ) ;
#7239 = EDGE_CURVE ( 'NONE', #8508, #7527, #6398, .T. ) ;
#7240 = AXIS2_PLACEMENT_3D ( 'NONE', #2874, #5621, #7324 ) ;
#7241 = EDGE_LOOP ( 'NONE', ( #7203, #853, #5096, #6778 ) ) ;
#7242 = CARTESIAN_POINT ( 'NONE',  ( 3.467879180194027633, 4.400000000000000355, 6.406542934606394013 ) ) ;
#7243 = DIRECTION ( 'NONE',  ( 0.000000000000000000, 0.000000000000000000, 1.000000000000000000 ) ) ;
#7244 = CIRCLE ( 'NONE', #3908, 0.09999999999999982514 ) ;
#7245 = LINE ( 'NONE', #6892, #8935 ) ;
#7246 = DIRECTION ( 'NONE',  ( 0.000000000000000000, 0.000000000000000000, 1.000000000000000000 ) ) ;
#7247 = ORIENTED_EDGE ( 'NONE', *, *, #6460, .F. ) ;
#7248 = SURFACE_STYLE_USAGE ( .BOTH. , #1454 ) ;
#7249 = EDGE_CURVE ( 'NONE', #2941, #4417, #507, .T. ) ;
#7250 = PRESENTATION_STYLE_ASSIGNMENT (( #1818 ) ) ;
#7251 = CARTESIAN_POINT ( 'NONE',  ( 3.739289341707803249, 4.400000000000000355, -5.976639124038729101 ) ) ;
#7252 = AXIS2_PLACEMENT_3D ( 'NONE', #3299, #7444, #5432 ) ;
#7253 =( LENGTH_UNIT ( ) NAMED_UNIT ( * ) SI_UNIT ( .MILLI., .METRE. ) );
#7254 = MECHANICAL_DESIGN_GEOMETRIC_PRESENTATION_REPRESENTATION (  '', ( #4861 ), #8240 ) ;
#7255 = VECTOR ( 'NONE', #6862, 1000.000000000000227 ) ;
#7256 = ORIENTED_EDGE ( 'NONE', *, *, #491, .F. ) ;
#7257 = CIRCLE ( 'NONE', #162, 0.3499999999999996447 ) ;
#7258 =( LENGTH_UNIT ( ) NAMED_UNIT ( * ) SI_UNIT ( .MILLI., .METRE. ) );
#7259 = CARTESIAN_POINT ( 'NONE',  ( 5.976639124038715778, 4.400000000000000355, 3.739289341707823677 ) ) ;
#7260 = EDGE_CURVE ( 'NONE', #5616, #2451, #7972, .T. ) ;
#7261 = CARTESIAN_POINT ( 'NONE',  ( 6.106542934606381756, 0.000000000000000000, 3.814289341707823855 ) ) ;
#7262 = UNCERTAINTY_MEASURE_WITH_UNIT (LENGTH_MEASURE( 1.000000000000000082E-05 ), #7015, 'distance_accuracy_value', 'NONE');
#7263 =( NAMED_UNIT ( * ) SI_UNIT ( $, .STERADIAN. ) SOLID_ANGLE_UNIT ( ) );
#7264 = ORIENTED_CLOSED_SHELL ( 'NONE', *, #2183, .F. );
#7265 = DIRECTION ( 'NONE',  ( -8.673617379884051249E-15, 0.000000000000000000, 1.000000000000000000 ) ) ;
#7266 = ORIENTED_EDGE ( 'NONE', *, *, #1644, .T. ) ;
#7267 =( GEOMETRIC_REPRESENTATION_CONTEXT ( 3 ) GLOBAL_UNCERTAINTY_ASSIGNED_CONTEXT ( ( #4453 ) ) GLOBAL_UNIT_ASSIGNED_CONTEXT ( ( #5705, #6441, #4386 ) ) REPRESENTATION_CONTEXT ( 'NONE', 'WORKASPACE' ) );
#7268 = EDGE_CURVE ( 'NONE', #5300, #6233, #4282, .T. ) ;
#7269 = FACE_OUTER_BOUND ( 'NONE', #3914, .T. ) ;
#7270 = CARTESIAN_POINT ( 'NONE',  ( 1.720804567049041278, 7.000000000000000888, -3.375547973270169866 ) ) ;
#7271 =( LENGTH_UNIT ( ) NAMED_UNIT ( * ) SI_UNIT ( .MILLI., .METRE. ) );
#7272 = SURFACE_STYLE_USAGE ( .BOTH. , #7298 ) ;
#7273 = CYLINDRICAL_SURFACE ( 'NONE', #2583, 0.8491910749241536882 ) ;
#7274 = DIRECTION ( 'NONE',  ( 0.000000000000000000, 1.000000000000000000, 0.000000000000000000 ) ) ;
#7275 =( NAMED_UNIT ( * ) SI_UNIT ( $, .STERADIAN. ) SOLID_ANGLE_UNIT ( ) );
#7276 =( NAMED_UNIT ( * ) SI_UNIT ( $, .STERADIAN. ) SOLID_ANGLE_UNIT ( ) );
#7277 =( GEOMETRIC_REPRESENTATION_CONTEXT ( 3 ) GLOBAL_UNCERTAINTY_ASSIGNED_CONTEXT ( ( #2227 ) ) GLOBAL_UNIT_ASSIGNED_CONTEXT ( ( #2096, #8955, #7229 ) ) REPRESENTATION_CONTEXT ( 'NONE', 'WORKASPACE' ) );
#7278 = DIRECTION ( 'NONE',  ( -0.000000000000000000, 1.000000000000000000, -0.000000000000000000 ) ) ;
#7279 = CARTESIAN_POINT ( 'NONE',  ( 7.041548310661132071, 4.400000000000000355, 0.3451048951048951152 ) ) ;
#7280 = EDGE_CURVE ( 'NONE', #321, #139, #2388, .T. ) ;
#7281 = CARTESIAN_POINT ( 'NONE',  ( 0.000000000000000000, 7.450000000000000178, 8.250000000000000000 ) ) ;
#7282 = STYLED_ITEM ( 'NONE', ( #3502 ), #612 ) ;
#7283 = FACE_OUTER_BOUND ( 'NONE', #1402, .T. ) ;
#7284 = DIRECTION ( 'NONE',  ( 0.000000000000000000, 0.000000000000000000, 1.000000000000000000 ) ) ;
#7285 = AXIS2_PLACEMENT_3D ( 'NONE', #3357, #7607, #9034 ) ;
#7286 = CARTESIAN_POINT ( 'NONE',  ( 3.517879180194027455, 0.000000000000000000, 6.393145474984837762 ) ) ;
#7287 = AXIS2_PLACEMENT_3D ( 'NONE', #5739, #7209, #5034 ) ;
#7288 = LINE ( 'NONE', #5838, #2159 ) ;
#7289 = CARTESIAN_POINT ( 'NONE',  ( -3.777686801329358524, 4.400000000000000355, -6.243145474984839183 ) ) ;
#7290 = ADVANCED_FACE ( 'NONE', ( #6833 ), #8643, .T. ) ;
#7291 = COLOUR_RGB ( '',0.2509803921568627416, 0.2509803921568627416, 0.2509803921568627416 ) ;
#7292 = VERTEX_POINT ( 'NONE', #149 ) ;
#7293 = COLOUR_RGB ( '',0.2509803921568627416, 0.2509803921568627416, 0.2509803921568627416 ) ;
#7294 = VERTEX_POINT ( 'NONE', #4345 ) ;
#7295 = EDGE_LOOP ( 'NONE', ( #5970, #4765, #8715, #6516 ) ) ;
#7296 = CYLINDRICAL_SURFACE ( 'NONE', #756, 6.924999999999999822 ) ;
#7297 = FILL_AREA_STYLE ('',( #6584 ) ) ;
#7298 = SURFACE_SIDE_STYLE ('',( #3413 ) ) ;
#7299 = CIRCLE ( 'NONE', #5140, 8.500000000000000000 ) ;
#7300 = AXIS2_PLACEMENT_3D ( 'NONE', #3748, #256, #5274 ) ;
#7301 = ORIENTED_EDGE ( 'NONE', *, *, #7611, .F. ) ;
#7302 = AXIS2_PLACEMENT_3D ( 'NONE', #7071, #2176, #3575 ) ;
#7303 = DIRECTION ( 'NONE',  ( -1.000000000000000000, 0.000000000000000000, -4.336808689942013792E-16 ) ) ;
#7304 = ORIENTED_EDGE ( 'NONE', *, *, #3607, .T. ) ;
#7305 =( LENGTH_UNIT ( ) NAMED_UNIT ( * ) SI_UNIT ( .MILLI., .METRE. ) );
#7306 = ORIENTED_EDGE ( 'NONE', *, *, #405, .T. ) ;
#7307 = FACE_OUTER_BOUND ( 'NONE', #125, .T. ) ;
#7308 = EDGE_CURVE ( 'NONE', #7628, #4650, #1939, .T. ) ;
#7309 = CARTESIAN_POINT ( 'NONE',  ( -5.447796256939350101, 7.000000000000000888, 2.704364753403770472 ) ) ;
#7310 = CARTESIAN_POINT ( 'NONE',  ( -3.381276639815584240, 4.400000000000000355, 6.356542934606394191 ) ) ;
#7311 = UNCERTAINTY_MEASURE_WITH_UNIT (LENGTH_MEASURE( 1.000000000000000082E-05 ), #5571, 'distance_accuracy_value', 'NONE');
#7312 = ORIENTED_EDGE ( 'NONE', *, *, #4936, .T. ) ;
#7313 = COLOUR_RGB ( '',0.9098039215686274384, 0.4431372549019607643, 0.03137254901960784270 ) ;
#7314 = ORIENTED_EDGE ( 'NONE', *, *, #5781, .T. ) ;
#7315 = AXIS2_PLACEMENT_3D ( 'NONE', #3004, #225, #5237 ) ;
#7316 = ORIENTED_EDGE ( 'NONE', *, *, #8145, .F. ) ;
#7317 = VECTOR ( 'NONE', #5012, 1000.000000000000114 ) ;
#7318 = COLOUR_RGB ( '',0.9098039215686274384, 0.4431372549019607643, 0.03137254901960784270 ) ;
#7319 = VERTEX_POINT ( 'NONE', #5047 ) ;
#7320 = DIRECTION ( 'NONE',  ( 0.000000000000000000, 1.000000000000000000, 0.000000000000000000 ) ) ;
#7321 = PRESENTATION_LAYER_ASSIGNMENT (  '', '', ( #657 ) ) ;
#7322 = DIRECTION ( 'NONE',  ( 0.8660254037844400399, -0.000000000000000000, 0.4999999999999976130 ) ) ;
#7323 = SURFACE_STYLE_FILL_AREA ( #341 ) ;
#7324 = DIRECTION ( 'NONE',  ( 0.000000000000000000, 0.000000000000000000, -1.000000000000000000 ) ) ;
#7325 = ORIENTED_EDGE ( 'NONE', *, *, #9195, .T. ) ;
#7326 = DIRECTION ( 'NONE',  ( 0.000000000000000000, 0.000000000000000000, -1.000000000000000000 ) ) ;
#7327 = EDGE_LOOP ( 'NONE', ( #3789, #8503, #1794, #7863 ) ) ;
#7328 = ORIENTED_EDGE ( 'NONE', *, *, #5950, .T. ) ;
#7329 = VECTOR ( 'NONE', #7692, 1000.000000000000000 ) ;
#7330 = CIRCLE ( 'NONE', #4901, 0.09999999999999999167 ) ;
#7331 = SURFACE_SIDE_STYLE ('',( #3089 ) ) ;
#7332 = MECHANICAL_DESIGN_GEOMETRIC_PRESENTATION_REPRESENTATION (  '', ( #5868 ), #7160 ) ;
#7333 = DIRECTION ( 'NONE',  ( -0.000000000000000000, 1.000000000000000000, -0.000000000000000000 ) ) ;
#7334 = CIRCLE ( 'NONE', #4684, 0.1352311273311096185 ) ;
#7335 = EDGE_CURVE ( 'NONE', #1754, #358, #5272, .T. ) ;
#7336 = SURFACE_STYLE_FILL_AREA ( #6096 ) ;
#7337 =( NAMED_UNIT ( * ) SI_UNIT ( $, .STERADIAN. ) SOLID_ANGLE_UNIT ( ) );
#7338 = SURFACE_STYLE_FILL_AREA ( #5254 ) ;
#7339 = FILL_AREA_STYLE_COLOUR ( '', #3690 ) ;
#7340 = ADVANCED_FACE ( 'NONE', ( #3937 ), #2277, .F. ) ;
#7341 = ORIENTED_EDGE ( 'NONE', *, *, #4550, .F. ) ;
#7342 = CARTESIAN_POINT ( 'NONE',  ( 3.517879180194027455, 0.000000000000000000, -6.393145474984837762 ) ) ;
#7343 = ORIENTED_EDGE ( 'NONE', *, *, #2956, .F. ) ;
#7344 =( GEOMETRIC_REPRESENTATION_CONTEXT ( 3 ) GLOBAL_UNCERTAINTY_ASSIGNED_CONTEXT ( ( #8258 ) ) GLOBAL_UNIT_ASSIGNED_CONTEXT ( ( #352, #5313, #1807 ) ) REPRESENTATION_CONTEXT ( 'NONE', 'WORKASPACE' ) );
#7345 = CARTESIAN_POINT ( 'NONE',  ( -3.595821286270651118, 6.950000000000000178, 3.836521063224087147 ) ) ;
#7346 = CARTESIAN_POINT ( 'NONE',  ( -3.435730307944910411, 7.000000000000000888, 3.836521063224087147 ) ) ;
#7347 = CARTESIAN_POINT ( 'NONE',  ( 6.443145474984826038, 0.000000000000000000, 3.431276639815605378 ) ) ;
#7348 = ORIENTED_EDGE ( 'NONE', *, *, #672, .F. ) ;
#7349 = VECTOR ( 'NONE', #2394, 1000.000000000000000 ) ;
#7350 = DIRECTION ( 'NONE',  ( 1.771721881397102929E-17, 0.000000000000000000, 1.000000000000000000 ) ) ;
#7351 = DIRECTION ( 'NONE',  ( 0.8660254037844380415, -0.000000000000000000, 0.5000000000000009992 ) ) ;
#7352 = LINE ( 'NONE', #3190, #2771 ) ;
#7353 = FACE_OUTER_BOUND ( 'NONE', #2319, .T. ) ;
#7354 = CIRCLE ( 'NONE', #2182, 0.3499999999999996447 ) ;
#7355 = AXIS2_PLACEMENT_3D ( 'NONE', #8140, #369, #3156 ) ;
#7356 = AXIS2_PLACEMENT_3D ( 'NONE', #5108, #2910, #3664 ) ;
#7357 = CARTESIAN_POINT ( 'NONE',  ( 0.000000000000000000, -28.50000000000000000, -4.764999999999998792 ) ) ;
#7358 = ORIENTED_EDGE ( 'NONE', *, *, #2334, .F. ) ;
#7359 = DIRECTION ( 'NONE',  ( -1.000000000000000000, 0.000000000000000000, -4.336808689942013299E-16 ) ) ;
#7360 = CARTESIAN_POINT ( 'NONE',  ( 2.582449919001661875, 6.950000000000000178, 4.304093053426401916 ) ) ;
#7361 = VERTEX_POINT ( 'NONE', #8578 ) ;
#7362 = UNCERTAINTY_MEASURE_WITH_UNIT (LENGTH_MEASURE( 1.000000000000000082E-05 ), #4371, 'distance_accuracy_value', 'NONE');
#7363 = CIRCLE ( 'NONE', #7150, 0.8491910751457537598 ) ;
#7364 = CARTESIAN_POINT ( 'NONE',  ( 5.462990107813245899, 7.000000000000000888, -2.590150399517246793 ) ) ;
#7365 = VERTEX_POINT ( 'NONE', #8812 ) ;
#7366 = CARTESIAN_POINT ( 'NONE',  ( -6.309658438426486882, 0.000000000000000000, 3.354207863325322947 ) ) ;
#7367 = EDGE_CURVE ( 'NONE', #8633, #5289, #7288, .T. ) ;
#7368 = MECHANICAL_DESIGN_GEOMETRIC_PRESENTATION_REPRESENTATION (  '', ( #4323 ), #7860 ) ;
#7369 = CARTESIAN_POINT ( 'NONE',  ( 7.141428428542850426, 0.000000000000000000, -0.3499999999999999778 ) ) ;
#7370 = DIRECTION ( 'NONE',  ( 0.000000000000000000, 1.000000000000000000, 0.000000000000000000 ) ) ;
#7371 = VECTOR ( 'NONE', #5229, 1000.000000000000000 ) ;
#7372 = AXIS2_PLACEMENT_3D ( 'NONE', #7629, #1887, #1215 ) ;
#7373 = DIRECTION ( 'NONE',  ( 6.724953374561312560E-17, 0.000000000000000000, 1.000000000000000000 ) ) ;
#7374 = UNCERTAINTY_MEASURE_WITH_UNIT (LENGTH_MEASURE( 1.000000000000000082E-05 ), #5767, 'distance_accuracy_value', 'NONE');
#7375 = EDGE_CURVE ( 'NONE', #2757, #2033, #2377, .T. ) ;
#7376 = FACE_OUTER_BOUND ( 'NONE', #9130, .T. ) ;
#7377 =( NAMED_UNIT ( * ) PLANE_ANGLE_UNIT ( ) SI_UNIT ( $, .RADIAN. ) );
#7378 = VERTEX_POINT ( 'NONE', #8146 ) ;
#7379 = DIRECTION ( 'NONE',  ( 0.000000000000000000, 0.000000000000000000, 1.000000000000000000 ) ) ;
#7380 =( LENGTH_UNIT ( ) NAMED_UNIT ( * ) SI_UNIT ( .MILLI., .METRE. ) );
#7381 =( LENGTH_UNIT ( ) NAMED_UNIT ( * ) SI_UNIT ( .MILLI., .METRE. ) );
#7382 = CARTESIAN_POINT ( 'NONE',  ( -7.195565981523414756, 0.000000000000000000, -0.2500000000000000000 ) ) ;
#7383 = ADVANCED_FACE ( 'NONE', ( #2056 ), #3474, .T. ) ;
#7384 = PRESENTATION_LAYER_ASSIGNMENT (  '', '', ( #1184 ) ) ;
#7385 = ORIENTED_EDGE ( 'NONE', *, *, #6265, .F. ) ;
#7386 = EDGE_CURVE ( 'NONE', #139, #5959, #8329, .T. ) ;
#7387 = EDGE_CURVE ( 'NONE', #2397, #5633, #496, .T. ) ;
#7388 = PRESENTATION_STYLE_ASSIGNMENT (( #6770 ) ) ;
#7389 = PRESENTATION_STYLE_ASSIGNMENT (( #7402 ) ) ;
#7390 = SURFACE_SIDE_STYLE ('',( #6579 ) ) ;
#7391 = DIRECTION ( 'NONE',  ( 0.000000000000000000, 0.000000000000000000, 1.000000000000000000 ) ) ;
#7392 = AXIS2_PLACEMENT_3D ( 'NONE', #6793, #1933, #7649 ) ;
#7393 = COLOUR_RGB ( '',0.9098039215686274384, 0.4431372549019607643, 0.03137254901960784270 ) ;
#7394 = DIRECTION ( 'NONE',  ( 0.000000000000000000, 0.000000000000000000, -1.000000000000000000 ) ) ;
#7395 = CARTESIAN_POINT ( 'NONE',  ( 0.000000000000000000, -28.50000000000000000, 4.764999999999999680 ) ) ;
#7396 = CYLINDRICAL_SURFACE ( 'NONE', #6277, 8.250000000000000000 ) ;
#7397 = STYLED_ITEM ( 'NONE', ( #8295 ), #5451 ) ;
#7398 = DIRECTION ( 'NONE',  ( 0.000000000000000000, 1.000000000000000000, 0.000000000000000000 ) ) ;
#7399 = ORIENTED_EDGE ( 'NONE', *, *, #1187, .T. ) ;
#7400 = DIRECTION ( 'NONE',  ( 1.472072980428399961E-05, 0.000000000000000000, 0.9999999998916501154 ) ) ;
#7401 = DIRECTION ( 'NONE',  ( 0.000000000000000000, 1.000000000000000000, 0.000000000000000000 ) ) ;
#7402 = SURFACE_STYLE_USAGE ( .BOTH. , #2384 ) ;
#7403 = EDGE_CURVE ( 'NONE', #6321, #481, #8083, .T. ) ;
#7404 = CYLINDRICAL_SURFACE ( 'NONE', #3880, 0.1473495860432410265 ) ;
#7405 = CARTESIAN_POINT ( 'NONE',  ( 0.000000000000000000, 7.450000000000000178, 0.000000000000000000 ) ) ;
#7406 = VECTOR ( 'NONE', #3516, 1000.000000000000000 ) ;
#7407 = PLANE ( 'NONE',  #6976 ) ;
#7408 = AXIS2_PLACEMENT_3D ( 'NONE', #1761, #4623, #8510 ) ;
#7409 = ORIENTED_EDGE ( 'NONE', *, *, #152, .T. ) ;
#7410 = ADVANCED_FACE ( 'NONE', ( #7752 ), #7396, .F. ) ;
#7411 = SURFACE_STYLE_USAGE ( .BOTH. , #6664 ) ;
#7412 = AXIS2_PLACEMENT_3D ( 'NONE', #1514, #811, #6558 ) ;
#7413 = ORIENTED_EDGE ( 'NONE', *, *, #92, .F. ) ;
#7414 = DIRECTION ( 'NONE',  ( 0.000000000000000000, 0.000000000000000000, 1.000000000000000000 ) ) ;
#7415 = DIRECTION ( 'NONE',  ( 1.000000000000000000, -0.000000000000000000, 0.000000000000000000 ) ) ;
#7416 = VERTEX_POINT ( 'NONE', #1641 ) ;
#7417 = CIRCLE ( 'NONE', #39, 0.8613095337795619866 ) ;
#7418 = EDGE_CURVE ( 'NONE', #1181, #8103, #47, .T. ) ;
#7419 = VERTEX_POINT ( 'NONE', #971 ) ;
#7420 = DIRECTION ( 'NONE',  ( -0.000000000000000000, -1.000000000000000000, -0.000000000000000000 ) ) ;
#7421 = CARTESIAN_POINT ( 'NONE',  ( 0.7363823647938630979, 6.950000000000000178, 2.743934908718901777 ) ) ;
#7422 = ORIENTED_EDGE ( 'NONE', *, *, #4951, .T. ) ;
#7423 = EDGE_CURVE ( 'NONE', #8244, #8255, #3812, .T. ) ;
#7424 = EDGE_CURVE ( 'NONE', #2941, #4691, #274, .T. ) ;
#7425 = FACE_OUTER_BOUND ( 'NONE', #7899, .T. ) ;
#7426 = ORIENTED_EDGE ( 'NONE', *, *, #6359, .T. ) ;
#7427 = PRESENTATION_LAYER_ASSIGNMENT (  '', '', ( #6941 ) ) ;
#7428 = FILL_AREA_STYLE ('',( #3096 ) ) ;
#7429 = PRESENTATION_LAYER_ASSIGNMENT (  '', '', ( #637 ) ) ;
#7430 = CARTESIAN_POINT ( 'NONE',  ( 2.582449919001661875, 7.000000000000000888, 4.304093053426401916 ) ) ;
#7431 = VERTEX_POINT ( 'NONE', #5983 ) ;
#7432 = SURFACE_SIDE_STYLE ('',( #1610 ) ) ;
#7433 = ORIENTED_EDGE ( 'NONE', *, *, #2535, .F. ) ;
#7434 = ADVANCED_FACE ( 'NONE', ( #951 ), #8976, .T. ) ;
#7435 = DIRECTION ( 'NONE',  ( 0.000000000000000000, 0.000000000000000000, -1.000000000000000000 ) ) ;
#7436 = CARTESIAN_POINT ( 'NONE',  ( -3.777686801329358524, 0.000000000000000000, -6.243145474984839183 ) ) ;
#7437 = ORIENTED_EDGE ( 'NONE', *, *, #5228, .F. ) ;
#7438 = CARTESIAN_POINT ( 'NONE',  ( 0.000000000000000000, 7.050000000000000711, -6.838397459621555541 ) ) ;
#7439 = VECTOR ( 'NONE', #250, 1000.000000000000000 ) ;
#7440 = EDGE_LOOP ( 'NONE', ( #1850, #5677 ) ) ;
#7441 = CARTESIAN_POINT ( 'NONE',  ( 7.141428428542849538, 4.400000000000000355, 0.3499999999999999223 ) ) ;
#7442 = DIRECTION ( 'NONE',  ( 0.000000000000000000, 0.000000000000000000, 1.000000000000000000 ) ) ;
#7443 = PRESENTATION_LAYER_ASSIGNMENT (  '', '', ( #2660 ) ) ;
#7444 = DIRECTION ( 'NONE',  ( -0.000000000000000000, -1.000000000000000000, -0.000000000000000000 ) ) ;
#7445 = CARTESIAN_POINT ( 'NONE',  ( 4.428517473209517163, 6.950000000000000178, -3.916962665652260256 ) ) ;
#7446 = CIRCLE ( 'NONE', #414, 7.049999999999999822 ) ;
#7447 = PRESENTATION_LAYER_ASSIGNMENT (  '', '', ( #8720 ) ) ;
#7448 = EDGE_CURVE ( 'NONE', #856, #9061, #8636, .T. ) ;
#7449 = DIRECTION ( 'NONE',  ( 0.000000000000000000, 0.000000000000000000, -1.000000000000000000 ) ) ;
#7450 = FILL_AREA_STYLE ('',( #4723 ) ) ;
#7451 = STYLED_ITEM ( 'NONE', ( #8659 ), #1220 ) ;
#7452 = CARTESIAN_POINT ( 'NONE',  ( 3.267605322946856461, 0.000000000000000000, 6.259658438426496829 ) ) ;
#7453 = LINE ( 'NONE', #1281, #2847 ) ;
#7454 = FILL_AREA_STYLE ('',( #1831 ) ) ;
#7455 = CARTESIAN_POINT ( 'NONE',  ( 6.156542934606380690, 0.000000000000000000, 3.727686801329380462 ) ) ;
#7456 = LINE ( 'NONE', #6536, #4105 ) ;
#7457 = ADVANCED_FACE ( 'NONE', ( #2490 ), #4116, .T. ) ;
#7458 = COLOUR_RGB ( '',0.9098039215686274384, 0.4431372549019607643, 0.03137254901960784270 ) ;
#7459 = FACE_OUTER_BOUND ( 'NONE', #3966, .T. ) ;
#7460 = STYLED_ITEM ( 'NONE', ( #8039 ), #5358 ) ;
#7461 = EDGE_CURVE ( 'NONE', #3155, #7883, #4997, .T. ) ;
#7462 = DIRECTION ( 'NONE',  ( 0.000000000000000000, 0.000000000000000000, -1.000000000000000000 ) ) ;
#7463 =( LENGTH_UNIT ( ) NAMED_UNIT ( * ) SI_UNIT ( .MILLI., .METRE. ) );
#7464 = EDGE_LOOP ( 'NONE', ( #679, #7328, #8231, #7055 ) ) ;
#7465 = EDGE_CURVE ( 'NONE', #6233, #7661, #4005, .T. ) ;
#7466 =( NAMED_UNIT ( * ) PLANE_ANGLE_UNIT ( ) SI_UNIT ( $, .RADIAN. ) );
#7467 = CARTESIAN_POINT ( 'NONE',  ( 7.141428428542849538, 4.400000000000000355, 0.2499999999999999445 ) ) ;
#7468 = CARTESIAN_POINT ( 'NONE',  ( -3.467879180194027633, 0.000000000000000000, 6.306542934606394368 ) ) ;
#7469 = COLOUR_RGB ( '',0.9098039215686274384, 0.4431372549019607643, 0.03137254901960784270 ) ;
#7470 = DIRECTION ( 'NONE',  ( -1.358706713849480183E-05, 0.000000000000000000, 0.9999999999076957247 ) ) ;
#7471 = DIRECTION ( 'NONE',  ( -0.000000000000000000, -1.000000000000000000, -0.000000000000000000 ) ) ;
#7472 = MECHANICAL_DESIGN_GEOMETRIC_PRESENTATION_REPRESENTATION (  '', ( #3558 ), #5817 ) ;
#7473 = AXIS2_PLACEMENT_3D ( 'NONE', #3869, #2476, #2505 ) ;
#7474 = TOROIDAL_SURFACE ( 'NONE', #6435, 7.195565981523416532, 0.1000000000000000056 ) ;
#7475 = ORIENTED_EDGE ( 'NONE', *, *, #8606, .T. ) ;
#7476 = SURFACE_STYLE_USAGE ( .BOTH. , #6028 ) ;
#7477 = DIRECTION ( 'NONE',  ( -1.472073994866373079E-05, -0.000000000000000000, -0.9999999998916498933 ) ) ;
#7478 = FILL_AREA_STYLE_COLOUR ( '', #6382 ) ;
#7479 = FILL_AREA_STYLE_COLOUR ( '', #1661 ) ;
#7480 = CIRCLE ( 'NONE', #5694, 0.3499999999999996447 ) ;
#7481 = CARTESIAN_POINT ( 'NONE',  ( 0.000000000000000000, 4.400000000000000355, 0.000000000000000000 ) ) ;
#7482 = EDGE_LOOP ( 'NONE', ( #6805, #1300, #4279, #8360 ) ) ;
#7483 = ADVANCED_FACE ( 'NONE', ( #3646 ), #3927, .F. ) ;
#7484 = VECTOR ( 'NONE', #7008, 1000.000000000000000 ) ;
#7485 = VERTEX_POINT ( 'NONE', #1795 ) ;
#7486 =( GEOMETRIC_REPRESENTATION_CONTEXT ( 3 ) GLOBAL_UNCERTAINTY_ASSIGNED_CONTEXT ( ( #5842 ) ) GLOBAL_UNIT_ASSIGNED_CONTEXT ( ( #5331, #8243, #4607 ) ) REPRESENTATION_CONTEXT ( 'NONE', 'WORKASPACE' ) );
#7487 = UNCERTAINTY_MEASURE_WITH_UNIT (LENGTH_MEASURE( 1.000000000000000082E-05 ), #6571, 'distance_accuracy_value', 'NONE');
#7488 = CARTESIAN_POINT ( 'NONE',  ( -4.309781233941029299, 6.950000000000000178, -2.587784325794568296 ) ) ;
#7489 = CARTESIAN_POINT ( 'NONE',  ( 0.000000000000000000, 6.900000000000000355, 0.000000000000000000 ) ) ;
#7490 = VECTOR ( 'NONE', #691, 1000.000000000000000 ) ;
#7491 = ORIENTED_EDGE ( 'NONE', *, *, #2149, .T. ) ;
#7492 = EDGE_CURVE ( 'NONE', #3940, #7661, #8160, .T. ) ;
#7493 = PLANE ( 'NONE',  #157 ) ;
#7494 = SURFACE_SIDE_STYLE ('',( #458 ) ) ;
#7495 = FILL_AREA_STYLE_COLOUR ( '', #6491 ) ;
#7496 = SURFACE_STYLE_FILL_AREA ( #1820 ) ;
#7497 = EDGE_CURVE ( 'NONE', #2202, #4596, #8934, .T. ) ;
#7498 = PRESENTATION_LAYER_ASSIGNMENT (  '', '', ( #465 ) ) ;
#7499 = VECTOR ( 'NONE', #9048, 1000.000000000000114 ) ;
#7500 = ORIENTED_EDGE ( 'NONE', *, *, #181, .F. ) ;
#7501 = CARTESIAN_POINT ( 'NONE',  ( 0.000000000000000000, 6.950000000000000178, 5.114999999999999325 ) ) ;
#7502 = PRESENTATION_LAYER_ASSIGNMENT (  '', '', ( #3471 ) ) ;
#7503 = CARTESIAN_POINT ( 'NONE',  ( -5.294203436405390484, 6.950000000000000178, -2.587794026416314175 ) ) ;
#7504 = CARTESIAN_POINT ( 'NONE',  ( -6.106542934606381756, 0.000000000000000000, 3.814289341707823855 ) ) ;
#7505 = COLOUR_RGB ( '',0.9098039215686274384, 0.4431372549019607643, 0.03137254901960784270 ) ;
#7506 = ORIENTED_EDGE ( 'NONE', *, *, #5639, .T. ) ;
#7507 = DIRECTION ( 'NONE',  ( 0.000000000000000000, 0.000000000000000000, 1.000000000000000000 ) ) ;
#7508 = CARTESIAN_POINT ( 'NONE',  ( -6.243145474984824972, 0.000000000000000000, 3.777686801329380728 ) ) ;
#7509 = DIRECTION ( 'NONE',  ( 7.086887525588412948E-17, 0.000000000000000000, -1.000000000000000000 ) ) ;
#7510 = LINE ( 'NONE', #977, #6613 ) ;
#7511 = AXIS2_PLACEMENT_3D ( 'NONE', #6486, #7890, #7974 ) ;
#7512 = EDGE_CURVE ( 'NONE', #542, #3318, #3087, .T. ) ;
#7513 = AXIS2_PLACEMENT_3D ( 'NONE', #3802, #5945, #9049 ) ;
#7514 = EDGE_CURVE ( 'NONE', #4169, #6993, #791, .T. ) ;
#7515 = EDGE_LOOP ( 'NONE', ( #5883, #7343, #1275, #4418 ) ) ;
#7516 = DIRECTION ( 'NONE',  ( -0.000000000000000000, -1.000000000000000000, -0.000000000000000000 ) ) ;
#7517 = EDGE_CURVE ( 'NONE', #4247, #4496, #4232, .T. ) ;
#7518 = PLANE ( 'NONE',  #8390 ) ;
#7519 = ORIENTED_EDGE ( 'NONE', *, *, #2535, .T. ) ;
#7520 = PLANE ( 'NONE',  #841 ) ;
#7521 = VERTEX_POINT ( 'NONE', #2712 ) ;
#7522 =( NAMED_UNIT ( * ) SI_UNIT ( $, .STERADIAN. ) SOLID_ANGLE_UNIT ( ) );
#7523 = ORIENTED_EDGE ( 'NONE', *, *, #8887, .T. ) ;
#7524 =( GEOMETRIC_REPRESENTATION_CONTEXT ( 3 ) GLOBAL_UNCERTAINTY_ASSIGNED_CONTEXT ( ( #9162 ) ) GLOBAL_UNIT_ASSIGNED_CONTEXT ( ( #3117, #6056, #1746 ) ) REPRESENTATION_CONTEXT ( 'NONE', 'WORKASPACE' ) );
#7525 = CARTESIAN_POINT ( 'NONE',  ( 0.000000000000000000, 6.750000000000000888, 0.000000000000000000 ) ) ;
#7526 = ADVANCED_FACE ( 'NONE', ( #7353 ), #1114, .T. ) ;
#7527 = VERTEX_POINT ( 'NONE', #6997 ) ;
#7528 = CARTESIAN_POINT ( 'NONE',  ( 0.000000000000000000, -1.549999999999999822, 0.000000000000000000 ) ) ;
#7529 = TOROIDAL_SURFACE ( 'NONE', #4493, 6.838397459621555541, 0.1000000000000000056 ) ;
#7530 = VECTOR ( 'NONE', #3788, 1000.000000000000000 ) ;
#7531 = DIRECTION ( 'NONE',  ( -0.000000000000000000, -1.000000000000000000, -0.000000000000000000 ) ) ;
#7532 = ORIENTED_EDGE ( 'NONE', *, *, #8192, .F. ) ;
#7533 = EDGE_CURVE ( 'NONE', #3213, #6525, #1670, .T. ) ;
#7534 = CYLINDRICAL_SURFACE ( 'NONE', #6417, 0.1478492195922209429 ) ;
#7535 =( NAMED_UNIT ( * ) SI_UNIT ( $, .STERADIAN. ) SOLID_ANGLE_UNIT ( ) );
#7536 = ORIENTED_EDGE ( 'NONE', *, *, #8194, .F. ) ;
#7537 = VECTOR ( 'NONE', #1471, 1000.000000000000000 ) ;
#7538 = LINE ( 'NONE', #5597, #7205 ) ;
#7539 = VERTEX_POINT ( 'NONE', #5544 ) ;
#7540 = CARTESIAN_POINT ( 'NONE',  ( -6.009658438426486171, 4.400000000000000355, 3.773823105595984995 ) ) ;
#7541 = UNCERTAINTY_MEASURE_WITH_UNIT (LENGTH_MEASURE( 1.000000000000000082E-05 ), #4672, 'distance_accuracy_value', 'NONE');
#7542 =( GEOMETRIC_REPRESENTATION_CONTEXT ( 3 ) GLOBAL_UNCERTAINTY_ASSIGNED_CONTEXT ( ( #3229 ) ) GLOBAL_UNIT_ASSIGNED_CONTEXT ( ( #1125, #6127, #477 ) ) REPRESENTATION_CONTEXT ( 'NONE', 'WORKASPACE' ) );
#7543 = DIRECTION ( 'NONE',  ( -0.8660254037844380415, -0.000000000000000000, 0.5000000000000009992 ) ) ;
#7544 = LINE ( 'NONE', #2111, #4412 ) ;
#7545 = MECHANICAL_DESIGN_GEOMETRIC_PRESENTATION_REPRESENTATION (  '', ( #8859 ), #1153 ) ;
#7546 = ORIENTED_EDGE ( 'NONE', *, *, #3532, .T. ) ;
#7547 = FILL_AREA_STYLE ('',( #6689 ) ) ;
#7548 = CARTESIAN_POINT ( 'NONE',  ( -7.195565981523414756, 0.000000000000000000, 0.1499999999999999667 ) ) ;
#7549 = VERTEX_POINT ( 'NONE', #4870 ) ;
#7550 = ORIENTED_EDGE ( 'NONE', *, *, #4656, .T. ) ;
#7551 = PRESENTATION_STYLE_ASSIGNMENT (( #8540 ) ) ;
#7552 = UNCERTAINTY_MEASURE_WITH_UNIT (LENGTH_MEASURE( 1.000000000000000082E-05 ), #5023, 'distance_accuracy_value', 'NONE');
#7553 = FACE_OUTER_BOUND ( 'NONE', #8939, .T. ) ;
#7554 = ORIENTED_EDGE ( 'NONE', *, *, #460, .T. ) ;
#7555 =( NAMED_UNIT ( * ) SI_UNIT ( $, .STERADIAN. ) SOLID_ANGLE_UNIT ( ) );
#7556 = MECHANICAL_DESIGN_GEOMETRIC_PRESENTATION_REPRESENTATION (  '', ( #8044 ), #5566 ) ;
#7557 = EDGE_LOOP ( 'NONE', ( #2175, #4772, #1948, #4456 ) ) ;
#7558 = CARTESIAN_POINT ( 'NONE',  ( 3.714557525616446032, 7.000000000000000888, -3.916962665652260256 ) ) ;
#7559 = CYLINDRICAL_SURFACE ( 'NONE', #7112, 0.09999999999999982514 ) ;
#7560 = VECTOR ( 'NONE', #7128, 1000.000000000000000 ) ;
#7561 =( GEOMETRIC_REPRESENTATION_CONTEXT ( 3 ) GLOBAL_UNCERTAINTY_ASSIGNED_CONTEXT ( ( #1778 ) ) GLOBAL_UNIT_ASSIGNED_CONTEXT ( ( #5701, #1460, #8022 ) ) REPRESENTATION_CONTEXT ( 'NONE', 'WORKASPACE' ) );
#7562 =( NAMED_UNIT ( * ) PLANE_ANGLE_UNIT ( ) SI_UNIT ( $, .RADIAN. ) );
#7563 = CARTESIAN_POINT ( 'NONE',  ( -3.306276639815583618, 4.400000000000000355, 6.226639124038727324 ) ) ;
#7564 = DIRECTION ( 'NONE',  ( 1.472072980428399453E-05, 0.000000000000000000, 0.9999999998916501154 ) ) ;
#7565 = CARTESIAN_POINT ( 'NONE',  ( 5.462990107813245899, 7.000000000000000888, -2.590150399517246793 ) ) ;
#7566 = CARTESIAN_POINT ( 'NONE',  ( -4.580313372439055897, 7.000000000000000888, 2.555614419895396505 ) ) ;
#7567 = VECTOR ( 'NONE', #6932, 1000.000000000000114 ) ;
#7568 = FILL_AREA_STYLE_COLOUR ( '', #5020 ) ;
#7569 = VERTEX_POINT ( 'NONE', #7652 ) ;
#7570 = CARTESIAN_POINT ( 'NONE',  ( -0.5679264233040245413, 7.000000000000000888, 3.319679806621155915 ) ) ;
#7571 = AXIS2_PLACEMENT_3D ( 'NONE', #4535, #3797, #8241 ) ;
#7572 = CARTESIAN_POINT ( 'NONE',  ( 6.243145474984824972, 0.000000000000000000, -3.777686801329381172 ) ) ;
#7573 = EDGE_CURVE ( 'NONE', #8730, #7361, #5333, .T. ) ;
#7574 = CARTESIAN_POINT ( 'NONE',  ( -7.045565981523414401, 0.000000000000000000, -0.2500000000000000000 ) ) ;
#7575 =( LENGTH_UNIT ( ) NAMED_UNIT ( * ) SI_UNIT ( .MILLI., .METRE. ) );
#7576 = EDGE_CURVE ( 'NONE', #4742, #8577, #6681, .T. ) ;
#7577 = VERTEX_POINT ( 'NONE', #1332 ) ;
#7578 = FACE_OUTER_BOUND ( 'NONE', #1193, .T. ) ;
#7579 = DIRECTION ( 'NONE',  ( 0.000000000000000000, 0.000000000000000000, 1.000000000000000000 ) ) ;
#7580 =( GEOMETRIC_REPRESENTATION_CONTEXT ( 3 ) GLOBAL_UNCERTAINTY_ASSIGNED_CONTEXT ( ( #1098 ) ) GLOBAL_UNIT_ASSIGNED_CONTEXT ( ( #9142, #6923, #6958 ) ) REPRESENTATION_CONTEXT ( 'NONE', 'WORKASPACE' ) );
#7581 = ADVANCED_FACE ( 'NONE', ( #5663 ), #6004, .T. ) ;
#7582 = ORIENTED_EDGE ( 'NONE', *, *, #6047, .F. ) ;
#7583 = FILL_AREA_STYLE_COLOUR ( '', #8787 ) ;
#7584 = DIRECTION ( 'NONE',  ( 0.000000000000000000, 1.000000000000000000, 0.000000000000000000 ) ) ;
#7585 = LINE ( 'NONE', #3879, #1113 ) ;
#7586 = DIRECTION ( 'NONE',  ( 0.000000000000000000, 0.000000000000000000, 1.000000000000000000 ) ) ;
#7587 = MECHANICAL_DESIGN_GEOMETRIC_PRESENTATION_REPRESENTATION (  '', ( #5298 ), #8558 ) ;
#7588 = ADVANCED_FACE ( 'NONE', ( #4574 ), #784, .T. ) ;
#7589 =( LENGTH_UNIT ( ) NAMED_UNIT ( * ) SI_UNIT ( .MILLI., .METRE. ) );
#7590 = CARTESIAN_POINT ( 'NONE',  ( 6.356542934606381756, 0.000000000000000000, 3.381276639815605556 ) ) ;
#7591 = ORIENTED_EDGE ( 'NONE', *, *, #6159, .F. ) ;
#7592 = FILL_AREA_STYLE ('',( #4780 ) ) ;
#7593 = SURFACE_STYLE_FILL_AREA ( #1513 ) ;
#7594 =( LENGTH_UNIT ( ) NAMED_UNIT ( * ) SI_UNIT ( .MILLI., .METRE. ) );
#7595 = VECTOR ( 'NONE', #5872, 1000.000000000000000 ) ;
#7596 = STYLED_ITEM ( 'NONE', ( #4980 ), #1908 ) ;
#7597 = MECHANICAL_DESIGN_GEOMETRIC_PRESENTATION_REPRESENTATION (  '', ( #9051 ), #2509 ) ;
#7598 = LINE ( 'NONE', #3630, #6911 ) ;
#7599 = DIRECTION ( 'NONE',  ( 0.000000000000000000, 0.000000000000000000, -1.000000000000000000 ) ) ;
#7600 = VECTOR ( 'NONE', #1060, 1000.000000000000000 ) ;
#7601 = ORIENTED_EDGE ( 'NONE', *, *, #159, .T. ) ;
#7602 = DIRECTION ( 'NONE',  ( -1.000000000000000000, 0.000000000000000000, 0.000000000000000000 ) ) ;
#7603 = CARTESIAN_POINT ( 'NONE',  ( -7.041548310661132071, 4.400000000000000355, -0.3451048951048950597 ) ) ;
#7604 = DIRECTION ( 'NONE',  ( 0.000000000000000000, 1.000000000000000000, 0.000000000000000000 ) ) ;
#7605 =( NAMED_UNIT ( * ) PLANE_ANGLE_UNIT ( ) SI_UNIT ( $, .RADIAN. ) );
#7606 = UNCERTAINTY_MEASURE_WITH_UNIT (LENGTH_MEASURE( 1.000000000000000082E-05 ), #5524, 'distance_accuracy_value', 'NONE');
#7607 = DIRECTION ( 'NONE',  ( 0.8660254037844380415, -0.000000000000000000, 0.5000000000000009992 ) ) ;
#7608 = DIRECTION ( 'NONE',  ( 0.000000000000000000, 0.000000000000000000, -1.000000000000000000 ) ) ;
#7609 = CIRCLE ( 'NONE', #7042, 0.09999999999999999167 ) ;
#7610 = VERTEX_POINT ( 'NONE', #8621 ) ;
#7611 = EDGE_CURVE ( 'NONE', #2527, #2088, #1662, .T. ) ;
#7612 = EDGE_CURVE ( 'NONE', #7853, #5175, #4989, .T. ) ;
#7613 = STYLED_ITEM ( 'NONE', ( #6218 ), #7867 ) ;
#7614 = MECHANICAL_DESIGN_GEOMETRIC_PRESENTATION_REPRESENTATION (  '', ( #7130 ), #8937 ) ;
#7615 = EDGE_CURVE ( 'NONE', #5059, #4742, #8385, .T. ) ;
#7616 = ADVANCED_FACE ( 'NONE', ( #5211 ), #452, .F. ) ;
#7617 = VERTEX_POINT ( 'NONE', #7242 ) ;
#7618 = CARTESIAN_POINT ( 'NONE',  ( 3.444095270954282473, 7.000000000000000888, 4.304093053426401916 ) ) ;
#7619 =( NAMED_UNIT ( * ) SI_UNIT ( $, .STERADIAN. ) SOLID_ANGLE_UNIT ( ) );
#7620 = LINE ( 'NONE', #5846, #6610 ) ;
#7621 = ADVANCED_FACE ( 'NONE', ( #2659 ), #7814, .T. ) ;
#7622 = EDGE_CURVE ( 'NONE', #2433, #4076, #4449, .T. ) ;
#7623 = STYLED_ITEM ( 'NONE', ( #2262 ), #1118 ) ;
#7624 = ADVANCED_FACE ( 'NONE', ( #2335 ), #1632, .F. ) ;
#7625 = STYLED_ITEM ( 'NONE', ( #7058 ), #9250 ) ;
#7626 = SURFACE_STYLE_USAGE ( .BOTH. , #2620 ) ;
#7627 =( GEOMETRIC_REPRESENTATION_CONTEXT ( 3 ) GLOBAL_UNCERTAINTY_ASSIGNED_CONTEXT ( ( #6784 ) ) GLOBAL_UNIT_ASSIGNED_CONTEXT ( ( #5182, #326, #3010 ) ) REPRESENTATION_CONTEXT ( 'NONE', 'WORKASPACE' ) );
#7628 = VERTEX_POINT ( 'NONE', #1570 ) ;
#7629 = CARTESIAN_POINT ( 'NONE',  ( 5.462990107813245899, 6.950000000000000178, -2.454843614278887198 ) ) ;
#7630 = STYLED_ITEM ( 'NONE', ( #4244 ), #1268 ) ;
#7631 = DIRECTION ( 'NONE',  ( 0.000000000000000000, 0.000000000000000000, 1.000000000000000000 ) ) ;
#7632 = DIRECTION ( 'NONE',  ( -0.000000000000000000, -1.000000000000000000, -0.000000000000000000 ) ) ;
#7633 = EDGE_LOOP ( 'NONE', ( #2288, #4138, #400, #2114, #8625, #7491, #1323, #7206, #3837, #7201, #4610, #8785, #1637, #3176, #3456, #8368, #4697, #9221, #6856, #4841, #4303, #6701, #2151, #7554, #6284, #2966, #3976, #7325, #1873, #2498, #2393, #8274, #6182, #1720, #8405, #6168, #7107, #4679, #313, #3015, #163, #3618, #6073, #4809, #2735, #2339, #7782, #7810, #9023, #7601, #9129, #2177, #6220, #950, #172, #7181, #4540, #5873, #6083, #7993, #4801, #187, #510, #5911 ) ) ;
#7634 = CARTESIAN_POINT ( 'NONE',  ( 0.000000000000000000, 6.750000000000000888, 5.114999999999999325 ) ) ;
#7635 = CARTESIAN_POINT ( 'NONE',  ( -5.531383964240385254, 6.950000000000000178, 3.413764994861876900 ) ) ;
#7636 = ORIENTED_EDGE ( 'NONE', *, *, #491, .T. ) ;
#7637 = ORIENTED_EDGE ( 'NONE', *, *, #8251, .F. ) ;
#7638 = DIRECTION ( 'NONE',  ( -0.000000000000000000, -1.000000000000000000, -0.000000000000000000 ) ) ;
#7639 = CARTESIAN_POINT ( 'NONE',  ( -5.925607271455487712, 4.400000000000000355, -3.819643761461775533 ) ) ;
#7640 = CYLINDRICAL_SURFACE ( 'NONE', #3767, 0.8616453519526203753 ) ;
#7641 = LINE ( 'NONE', #10, #2715 ) ;
#7642 = AXIS2_PLACEMENT_3D ( 'NONE', #7489, #333, #3187 ) ;
#7643 = ORIENTED_EDGE ( 'NONE', *, *, #3278, .F. ) ;
#7644 = CIRCLE ( 'NONE', #536, 0.1000000000000002554 ) ;
#7645 = ORIENTED_EDGE ( 'NONE', *, *, #8092, .T. ) ;
#7646 = ORIENTED_EDGE ( 'NONE', *, *, #3305, .F. ) ;
#7647 = ADVANCED_FACE ( 'NONE', ( #3755 ), #7114, .T. ) ;
#7648 = SURFACE_STYLE_FILL_AREA ( #8612 ) ;
#7649 = DIRECTION ( 'NONE',  ( 0.000000000000000000, 0.000000000000000000, -1.000000000000000000 ) ) ;
#7650 = DIRECTION ( 'NONE',  ( -0.000000000000000000, -1.000000000000000000, -0.000000000000000000 ) ) ;
#7651 = STYLED_ITEM ( 'NONE', ( #6542 ), #6157 ) ;
#7652 = CARTESIAN_POINT ( 'NONE',  ( 6.009658438426486171, 0.000000000000000000, 3.773823105595984995 ) ) ;
#7653 = VERTEX_POINT ( 'NONE', #543 ) ;
#7654 = DIRECTION ( 'NONE',  ( 0.000000000000000000, 0.000000000000000000, 1.000000000000000000 ) ) ;
#7655 = VERTEX_POINT ( 'NONE', #2180 ) ;
#7656 = PLANE ( 'NONE',  #2191 ) ;
#7657 =( NAMED_UNIT ( * ) SI_UNIT ( $, .STERADIAN. ) SOLID_ANGLE_UNIT ( ) );
#7658 = SURFACE_SIDE_STYLE ('',( #3335 ) ) ;
#7659 = LINE ( 'NONE', #4086, #5964 ) ;
#7660 = DIRECTION ( 'NONE',  ( 0.000000000000000000, 1.000000000000000000, 0.000000000000000000 ) ) ;
#7661 = VERTEX_POINT ( 'NONE', #4234 ) ;
#7662 = CARTESIAN_POINT ( 'NONE',  ( 7.141428428542849538, 0.000000000000000000, 0.2499999999999999445 ) ) ;
#7663 = DIRECTION ( 'NONE',  ( 5.647150270261412548E-17, -0.000000000000000000, -1.000000000000000000 ) ) ;
#7664 = ORIENTED_EDGE ( 'NONE', *, *, #9148, .T. ) ;
#7665 =( LENGTH_UNIT ( ) NAMED_UNIT ( * ) SI_UNIT ( .MILLI., .METRE. ) );
#7666 = VERTEX_POINT ( 'NONE', #4263 ) ;
#7667 = VECTOR ( 'NONE', #597, 1000.000000000000000 ) ;
#7668 = CARTESIAN_POINT ( 'NONE',  ( -7.141428428542850426, 0.000000000000000000, -0.2500000000000000000 ) ) ;
#7669 = CIRCLE ( 'NONE', #5543, 0.3499999999999996447 ) ;
#7670 = ORIENTED_EDGE ( 'NONE', *, *, #1808, .F. ) ;
#7671 = MECHANICAL_DESIGN_GEOMETRIC_PRESENTATION_REPRESENTATION (  '', ( #5557 ), #9240 ) ;
#7672 = CARTESIAN_POINT ( 'NONE',  ( -6.356542934606381756, 0.000000000000000000, 3.381276639815605556 ) ) ;
#7673 = SURFACE_STYLE_USAGE ( .BOTH. , #1957 ) ;
#7674 = FACE_OUTER_BOUND ( 'NONE', #5177, .T. ) ;
#7675 = CARTESIAN_POINT ( 'NONE',  ( 0.000000000000000000, 7.000000000000000888, 0.000000000000000000 ) ) ;
#7676 = PLANE ( 'NONE',  #1645 ) ;
#7677 = ADVANCED_FACE ( 'NONE', ( #7236 ), #1994, .F. ) ;
#7678 = DIRECTION ( 'NONE',  ( 0.000000000000000000, 0.000000000000000000, 1.000000000000000000 ) ) ;
#7679 = STYLED_ITEM ( 'NONE', ( #963 ), #8903 ) ;
#7680 = LINE ( 'NONE', #9255, #9150 ) ;
#7681 = STYLED_ITEM ( 'NONE', ( #5562 ), #3772 ) ;
#7682 = DIRECTION ( 'NONE',  ( 0.000000000000000000, 1.000000000000000000, 0.000000000000000000 ) ) ;
#7683 = FACE_OUTER_BOUND ( 'NONE', #4628, .T. ) ;
#7684 = FILL_AREA_STYLE ('',( #518 ) ) ;
#7685 = PRESENTATION_STYLE_ASSIGNMENT (( #6529 ) ) ;
#7686 = DIRECTION ( 'NONE',  ( 0.000000000000000000, 1.000000000000000000, 0.000000000000000000 ) ) ;
#7687 = CIRCLE ( 'NONE', #2511, 0.8491910749241246004 ) ;
#7688 = CARTESIAN_POINT ( 'NONE',  ( 3.267605322946857349, 4.400000000000000355, -6.359658438426499139 ) ) ;
#7689 =( LENGTH_UNIT ( ) NAMED_UNIT ( * ) SI_UNIT ( .MILLI., .METRE. ) );
#7690 = CYLINDRICAL_SURFACE ( 'NONE', #5847, 0.1353067852383595393 ) ;
#7691 = DIRECTION ( 'NONE',  ( 0.000000000000000000, 0.000000000000000000, 1.000000000000000000 ) ) ;
#7692 = DIRECTION ( 'NONE',  ( -0.000000000000000000, -1.000000000000000000, -0.000000000000000000 ) ) ;
#7693 = ORIENTED_EDGE ( 'NONE', *, *, #4267, .F. ) ;
#7694 = DIRECTION ( 'NONE',  ( -0.000000000000000000, -1.000000000000000000, -0.000000000000000000 ) ) ;
#7695 =( NAMED_UNIT ( * ) PLANE_ANGLE_UNIT ( ) SI_UNIT ( $, .RADIAN. ) );
#7696 = ADVANCED_FACE ( 'NONE', ( #9263 ), #3296, .T. ) ;
#7697 = COLOUR_RGB ( '',0.2509803921568627416, 0.2509803921568627416, 0.2509803921568627416 ) ;
#7698 = FILL_AREA_STYLE ('',( #1249 ) ) ;
#7699 = CIRCLE ( 'NONE', #766, 0.09999999999999982514 ) ;
#7700 = PRESENTATION_LAYER_ASSIGNMENT (  '', '', ( #6421 ) ) ;
#7701 = SURFACE_SIDE_STYLE ('',( #4208 ) ) ;
#7702 = CARTESIAN_POINT ( 'NONE',  ( -3.819643761461755993, 4.400000000000000355, -5.925607271455500147 ) ) ;
#7703 = FILL_AREA_STYLE ('',( #3329 ) ) ;
#7704 = FILL_AREA_STYLE_COLOUR ( '', #2504 ) ;
#7705 = PRESENTATION_STYLE_ASSIGNMENT (( #8971 ) ) ;
#7706 = VERTEX_POINT ( 'NONE', #1186 ) ;
#7707 = EDGE_CURVE ( 'NONE', #5223, #2807, #447, .T. ) ;
#7708 = SURFACE_STYLE_FILL_AREA ( #6498 ) ;
#7709 = CARTESIAN_POINT ( 'NONE',  ( 3.444095270954282473, 7.000000000000000888, -3.916962665652260256 ) ) ;
#7710 = DIRECTION ( 'NONE',  ( -0.000000000000000000, -1.000000000000000000, -0.000000000000000000 ) ) ;
#7711 = MECHANICAL_DESIGN_GEOMETRIC_PRESENTATION_REPRESENTATION (  '', ( #1074 ), #4995 ) ;
#7712 = ORIENTED_EDGE ( 'NONE', *, *, #7239, .T. ) ;
#7713 = DIRECTION ( 'NONE',  ( -1.000000000000000000, 0.000000000000000000, 0.000000000000000000 ) ) ;
#7714 = ADVANCED_BREP_SHAPE_REPRESENTATION ( 'NORPS-12', ( #1722, #1367 ), #285 ) ;
#7715 = VECTOR ( 'NONE', #782, 1000.000000000000000 ) ;
#7716 = CARTESIAN_POINT ( 'NONE',  ( 0.000000000000000000, 4.400000000000000355, 0.000000000000000000 ) ) ;
#7717 = SURFACE_SIDE_STYLE ('',( #8960 ) ) ;
#7718 = EDGE_CURVE ( 'NONE', #573, #3597, #8484, .T. ) ;
#7719 = CARTESIAN_POINT ( 'NONE',  ( 0.000000000000000000, 6.850000000000001421, 7.195565981523416532 ) ) ;
#7720 = CARTESIAN_POINT ( 'NONE',  ( -3.221904549199348544, 0.000000000000000000, -6.270712166560393541 ) ) ;
#7721 = CARTESIAN_POINT ( 'NONE',  ( -0.4326952959729711279, 6.950000000000000178, -3.633997430756096936 ) ) ;
#7722 = ORIENTED_EDGE ( 'NONE', *, *, #674, .F. ) ;
#7723 = DIRECTION ( 'NONE',  ( -0.000000000000000000, -1.000000000000000000, -0.000000000000000000 ) ) ;
#7724 = AXIS2_PLACEMENT_3D ( 'NONE', #4763, #505, #4824 ) ;
#7725 = PRESENTATION_LAYER_ASSIGNMENT (  '', '', ( #6097 ) ) ;
#7726 = UNCERTAINTY_MEASURE_WITH_UNIT (LENGTH_MEASURE( 1.000000000000000082E-05 ), #4551, 'distance_accuracy_value', 'NONE');
#7727 = DIRECTION ( 'NONE',  ( 0.000000000000000000, 1.000000000000000000, 0.000000000000000000 ) ) ;
#7728 = MECHANICAL_DESIGN_GEOMETRIC_PRESENTATION_REPRESENTATION (  '', ( #1040 ), #8227 ) ;
#7729 =( LENGTH_UNIT ( ) NAMED_UNIT ( * ) SI_UNIT ( .MILLI., .METRE. ) );
#7730 = ORIENTED_EDGE ( 'NONE', *, *, #7335, .F. ) ;
#7731 = CARTESIAN_POINT ( 'NONE',  ( 0.000000000000000000, -28.50000000000000000, -4.764999999999998792 ) ) ;
#7732 = CARTESIAN_POINT ( 'NONE',  ( 3.727686801329359145, 0.000000000000000000, 6.156542934606394901 ) ) ;
#7733 =( NAMED_UNIT ( * ) PLANE_ANGLE_UNIT ( ) SI_UNIT ( $, .RADIAN. ) );
#7734 = CARTESIAN_POINT ( 'NONE',  ( 4.576202877569066629, 7.000000000000000888, 2.531868201111808769 ) ) ;
#7735 = VECTOR ( 'NONE', #887, 1000.000000000000000 ) ;
#7736 = VECTOR ( 'NONE', #1821, 1000.000000000000000 ) ;
#7737 = FILL_AREA_STYLE_COLOUR ( '', #2276 ) ;
#7738 = EDGE_CURVE ( 'NONE', #8927, #8633, #3416, .T. ) ;
#7739 = EDGE_CURVE ( 'NONE', #3989, #2303, #3988, .T. ) ;
#7740 = AXIS2_PLACEMENT_3D ( 'NONE', #7806, #3487, #4225 ) ;
#7741 = CIRCLE ( 'NONE', #5100, 0.09999999999999982514 ) ;
#7742 = DIRECTION ( 'NONE',  ( 0.000000000000000000, 0.000000000000000000, 1.000000000000000000 ) ) ;
#7743 = ORIENTED_EDGE ( 'NONE', *, *, #9235, .T. ) ;
#7744 = MECHANICAL_DESIGN_GEOMETRIC_PRESENTATION_REPRESENTATION (  '', ( #2423 ), #3700 ) ;
#7745 = COLOUR_RGB ( '',0.9098039215686274384, 0.4431372549019607643, 0.03137254901960784270 ) ;
#7746 = CYLINDRICAL_SURFACE ( 'NONE', #7315, 0.1000000000000002554 ) ;
#7747 = ORIENTED_EDGE ( 'NONE', *, *, #896, .F. ) ;
#7748 = CARTESIAN_POINT ( 'NONE',  ( 0.000000000000000000, 7.950000000000000178, -8.500000000000000000 ) ) ;
#7749 = EDGE_CURVE ( 'NONE', #8675, #2928, #6879, .T. ) ;
#7750 = LINE ( 'NONE', #2643, #4940 ) ;
#7751 = FILL_AREA_STYLE ('',( #3252 ) ) ;
#7752 = FACE_OUTER_BOUND ( 'NONE', #4649, .T. ) ;
#7753 = STYLED_ITEM ( 'NONE', ( #900 ), #4111 ) ;
#7754 =( NAMED_UNIT ( * ) PLANE_ANGLE_UNIT ( ) SI_UNIT ( $, .RADIAN. ) );
#7755 = ORIENTED_EDGE ( 'NONE', *, *, #2844, .T. ) ;
#7756 = EDGE_CURVE ( 'NONE', #3522, #3854, #104, .T. ) ;
#7757 =( NAMED_UNIT ( * ) PLANE_ANGLE_UNIT ( ) SI_UNIT ( $, .RADIAN. ) );
#7758 = ORIENTED_EDGE ( 'NONE', *, *, #1874, .T. ) ;
#7759 = AXIS2_PLACEMENT_3D ( 'NONE', #5978, #6697, #2440 ) ;
#7760 = CARTESIAN_POINT ( 'NONE',  ( -6.306542934606381934, 0.000000000000000000, -3.467879180194048949 ) ) ;
#7761 = VERTEX_POINT ( 'NONE', #9056 ) ;
#7762 = FACE_OUTER_BOUND ( 'NONE', #1238, .T. ) ;
#7763 = COLOUR_RGB ( '',0.9098039215686274384, 0.4431372549019607643, 0.03137254901960784270 ) ;
#7764 = SURFACE_SIDE_STYLE ('',( #8917 ) ) ;
#7765 = ORIENTED_EDGE ( 'NONE', *, *, #3009, .F. ) ;
#7766 = SURFACE_STYLE_USAGE ( .BOTH. , #3431 ) ;
#7767 = VERTEX_POINT ( 'NONE', #7635 ) ;
#7768 = PRESENTATION_LAYER_ASSIGNMENT (  '', '', ( #7226 ) ) ;
#7769 = FILL_AREA_STYLE_COLOUR ( '', #273 ) ;
#7770 = EDGE_LOOP ( 'NONE', ( #5614, #5129, #2934, #5287 ) ) ;
#7771 = ORIENTED_EDGE ( 'NONE', *, *, #6087, .F. ) ;
#7772 = ADVANCED_FACE ( 'NONE', ( #5322 ), #7225, .F. ) ;
#7773 = CYLINDRICAL_SURFACE ( 'NONE', #3032, 0.1352311273310532469 ) ;
#7774 = FILL_AREA_STYLE_COLOUR ( '', #5415 ) ;
#7775 = EDGE_CURVE ( 'NONE', #8487, #5172, #6557, .T. ) ;
#7776 = EDGE_LOOP ( 'NONE', ( #4722, #8782, #206, #4397 ) ) ;
#7777 = CARTESIAN_POINT ( 'NONE',  ( -6.243145474984824972, 4.400000000000000355, 3.777686801329380728 ) ) ;
#7778 = CARTESIAN_POINT ( 'NONE',  ( 0.000000000000000000, 6.750000000000000888, 0.000000000000000000 ) ) ;
#7779 = EDGE_LOOP ( 'NONE', ( #6695, #3067, #2293, #6002 ) ) ;
#7780 = MECHANICAL_DESIGN_GEOMETRIC_PRESENTATION_REPRESENTATION (  '', ( #7282 ), #915 ) ;
#7781 = CARTESIAN_POINT ( 'NONE',  ( 3.467879180194027633, 0.000000000000000000, -6.306542934606394368 ) ) ;
#7782 = ORIENTED_EDGE ( 'NONE', *, *, #2774, .T. ) ;
#7783 = DIRECTION ( 'NONE',  ( 0.000000000000000000, 0.000000000000000000, 1.000000000000000000 ) ) ;
#7784 = CIRCLE ( 'NONE', #1981, 0.1352311274094740168 ) ;
#7785 = ORIENTED_EDGE ( 'NONE', *, *, #7249, .T. ) ;
#7786 = UNCERTAINTY_MEASURE_WITH_UNIT (LENGTH_MEASURE( 1.000000000000000082E-05 ), #5042, 'distance_accuracy_value', 'NONE');
#7787 = MECHANICAL_DESIGN_GEOMETRIC_PRESENTATION_REPRESENTATION (  '', ( #7596 ), #5054 ) ;
#7788 = PRESENTATION_LAYER_ASSIGNMENT (  '', '', ( #6803 ) ) ;
#7789 = ADVANCED_FACE ( 'NONE', ( #5982 ), #1985, .F. ) ;
#7790 = LINE ( 'NONE', #7818, #5836 ) ;
#7791 = VERTEX_POINT ( 'NONE', #4758 ) ;
#7792 = FILL_AREA_STYLE ('',( #5661 ) ) ;
#7793 = FILL_AREA_STYLE_COLOUR ( '', #927 ) ;
#7794 = ORIENTED_EDGE ( 'NONE', *, *, #788, .F. ) ;
#7795 = CARTESIAN_POINT ( 'NONE',  ( -6.359658438426485816, 0.000000000000000000, -3.267605322946878221 ) ) ;
#7796 = CARTESIAN_POINT ( 'NONE',  ( 0.000000000000000000, 4.400000000000000355, -7.049999999999999822 ) ) ;
#7797 = ORIENTED_EDGE ( 'NONE', *, *, #5156, .F. ) ;
#7798 = PRESENTATION_STYLE_ASSIGNMENT (( #6289 ) ) ;
#7799 = CYLINDRICAL_SURFACE ( 'NONE', #3993, 0.09999999999999982514 ) ;
#7800 = LINE ( 'NONE', #6190, #6544 ) ;
#7801 = UNCERTAINTY_MEASURE_WITH_UNIT (LENGTH_MEASURE( 1.000000000000000082E-05 ), #3822, 'distance_accuracy_value', 'NONE');
#7802 = DIRECTION ( 'NONE',  ( -0.000000000000000000, -1.000000000000000000, -0.000000000000000000 ) ) ;
#7803 = EDGE_CURVE ( 'NONE', #3569, #5346, #7800, .T. ) ;
#7804 =( LENGTH_UNIT ( ) NAMED_UNIT ( * ) SI_UNIT ( .MILLI., .METRE. ) );
#7805 = STYLED_ITEM ( 'NONE', ( #8710 ), #7624 ) ;
#7806 = CARTESIAN_POINT ( 'NONE',  ( 3.727686801329359145, 0.000000000000000000, 6.156542934606394901 ) ) ;
#7807 = VECTOR ( 'NONE', #6222, 1000.000000000000000 ) ;
#7808 = LINE ( 'NONE', #5947, #4209 ) ;
#7809 = STYLED_ITEM ( 'NONE', ( #1050 ), #3081 ) ;
#7810 = ORIENTED_EDGE ( 'NONE', *, *, #8298, .T. ) ;
#7811 = ORIENTED_EDGE ( 'NONE', *, *, #8296, .F. ) ;
#7812 = PRESENTATION_STYLE_ASSIGNMENT (( #6095 ) ) ;
#7813 = STYLED_ITEM ( 'NONE', ( #3892 ), #9 ) ;
#7814 = CYLINDRICAL_SURFACE ( 'NONE', #4134, 0.1000000000000002554 ) ;
#7815 = STYLED_ITEM ( 'NONE', ( #3576 ), #8995 ) ;
#7816 = CARTESIAN_POINT ( 'NONE',  ( 1.450342312386934562, 7.000000000000000888, 2.743934908718901777 ) ) ;
#7817 = CARTESIAN_POINT ( 'NONE',  ( 1.720804567049041278, 7.000000000000000888, -3.375547973270169866 ) ) ;
#7818 = CARTESIAN_POINT ( 'NONE',  ( 3.739289341707803249, 0.000000000000000000, -5.976639124038729101 ) ) ;
#7819 = VERTEX_POINT ( 'NONE', #2089 ) ;
#7820 = SURFACE_SIDE_STYLE ('',( #5617 ) ) ;
#7821 = COLOUR_RGB ( '',0.2509803921568627416, 0.2509803921568627416, 0.2509803921568627416 ) ;
#7822 = SURFACE_SIDE_STYLE ('',( #4609 ) ) ;
#7823 = ORIENTED_EDGE ( 'NONE', *, *, #5985, .F. ) ;
#7824 = DIRECTION ( 'NONE',  ( -0.000000000000000000, -1.000000000000000000, -0.000000000000000000 ) ) ;
#7825 = DIRECTION ( 'NONE',  ( 0.000000000000000000, 0.000000000000000000, -1.000000000000000000 ) ) ;
#7826 = ORIENTED_EDGE ( 'NONE', *, *, #7775, .F. ) ;
#7827 = PRESENTATION_LAYER_ASSIGNMENT (  '', '', ( #3984 ) ) ;
#7828 = COLOUR_RGB ( '',0.9098039215686274384, 0.4431372549019607643, 0.03137254901960784270 ) ;
#7829 = FILL_AREA_STYLE_COLOUR ( '', #1763 ) ;
#7830 = VERTEX_POINT ( 'NONE', #1921 ) ;
#7831 = EDGE_CURVE ( 'NONE', #3435, #1053, #4881, .T. ) ;
#7832 = DIRECTION ( 'NONE',  ( 0.000000000000000000, 1.000000000000000000, 0.000000000000000000 ) ) ;
#7833 = DIRECTION ( 'NONE',  ( 0.000000000000000000, 0.000000000000000000, 1.000000000000000000 ) ) ;
#7834 = EDGE_LOOP ( 'NONE', ( #1158, #801, #729, #4830 ) ) ;
#7835 = UNCERTAINTY_MEASURE_WITH_UNIT (LENGTH_MEASURE( 1.000000000000000082E-05 ), #2648, 'distance_accuracy_value', 'NONE');
#7836 = FACE_BOUND ( 'NONE', #4544, .T. ) ;
#7837 = PRESENTATION_STYLE_ASSIGNMENT (( #4626 ) ) ;
#7838 = DIRECTION ( 'NONE',  ( 0.000000000000000000, 1.000000000000000000, 0.000000000000000000 ) ) ;
#7839 = ORIENTED_EDGE ( 'NONE', *, *, #1237, .F. ) ;
#7840 = DIRECTION ( 'NONE',  ( -0.000000000000000000, 1.000000000000000000, 0.000000000000000000 ) ) ;
#7841 = SURFACE_STYLE_FILL_AREA ( #2348 ) ;
#7842 = CARTESIAN_POINT ( 'NONE',  ( 4.576202877569066629, 6.950000000000000178, 2.531868201111808769 ) ) ;
#7843 = FACE_OUTER_BOUND ( 'NONE', #905, .T. ) ;
#7844 = CARTESIAN_POINT ( 'NONE',  ( -2.426448254617682210, 6.950000000000000178, -4.310987324483573246 ) ) ;
#7845 = AXIS2_PLACEMENT_3D ( 'NONE', #218, #2378, #1702 ) ;
#7846 = FACE_OUTER_BOUND ( 'NONE', #3902, .T. ) ;
#7847 = DIRECTION ( 'NONE',  ( 0.000000000000000000, 0.000000000000000000, -1.000000000000000000 ) ) ;
#7848 = FILL_AREA_STYLE ('',( #2822 ) ) ;
#7849 = CARTESIAN_POINT ( 'NONE',  ( -0.2974641686419178255, 7.000000000000000888, -2.784806355831972002 ) ) ;
#7850 = CARTESIAN_POINT ( 'NONE',  ( 0.000000000000000000, 7.950000000000000178, 0.000000000000000000 ) ) ;
#7851 = DIRECTION ( 'NONE',  ( -0.000000000000000000, -1.000000000000000000, -0.000000000000000000 ) ) ;
#7852 = CARTESIAN_POINT ( 'NONE',  ( -4.580243488735012747, 6.950000000000000178, -2.587784325794568296 ) ) ;
#7853 = VERTEX_POINT ( 'NONE', #7672 ) ;
#7854 = CARTESIAN_POINT ( 'NONE',  ( 0.4164957789511533615, 6.950000000000000178, 2.743934908718901777 ) ) ;
#7855 = DIRECTION ( 'NONE',  ( 0.000000000000000000, 0.000000000000000000, 1.000000000000000000 ) ) ;
#7856 = PRESENTATION_STYLE_ASSIGNMENT (( #5138 ) ) ;
#7857 = CARTESIAN_POINT ( 'NONE',  ( -6.156542934606380690, 0.000000000000000000, 3.827686801329380106 ) ) ;
#7858 = EDGE_CURVE ( 'NONE', #7577, #6343, #7453, .T. ) ;
#7859 = DIRECTION ( 'NONE',  ( -0.8660254037844398178, 0.000000000000000000, 0.4999999999999980016 ) ) ;
#7860 =( GEOMETRIC_REPRESENTATION_CONTEXT ( 3 ) GLOBAL_UNCERTAINTY_ASSIGNED_CONTEXT ( ( #5901 ) ) GLOBAL_UNIT_ASSIGNED_CONTEXT ( ( #4110, #4044, #1865 ) ) REPRESENTATION_CONTEXT ( 'NONE', 'WORKASPACE' ) );
#7861 = VERTEX_POINT ( 'NONE', #3397 ) ;
#7862 =( GEOMETRIC_REPRESENTATION_CONTEXT ( 3 ) GLOBAL_UNCERTAINTY_ASSIGNED_CONTEXT ( ( #5783 ) ) GLOBAL_UNIT_ASSIGNED_CONTEXT ( ( #5383, #2684, #7619 ) ) REPRESENTATION_CONTEXT ( 'NONE', 'WORKASPACE' ) );
#7863 = ORIENTED_EDGE ( 'NONE', *, *, #1331, .F. ) ;
#7864 = DIRECTION ( 'NONE',  ( -0.000000000000000000, -1.000000000000000000, -0.000000000000000000 ) ) ;
#7865 = CARTESIAN_POINT ( 'NONE',  ( 6.270712166560382883, 4.400000000000000355, 3.221904549199371193 ) ) ;
#7866 = PRESENTATION_STYLE_ASSIGNMENT (( #3806 ) ) ;
#7867 = ADVANCED_FACE ( 'NONE', ( #327 ), #4848, .T. ) ;
#7868 = DIRECTION ( 'NONE',  ( 0.000000000000000000, 0.000000000000000000, 1.000000000000000000 ) ) ;
#7869 = CARTESIAN_POINT ( 'NONE',  ( 4.286263797015731048E-17, -28.50000000000000000, 4.415000000000000036 ) ) ;
#7870 = LINE ( 'NONE', #4167, #3583 ) ;
#7871 = EDGE_LOOP ( 'NONE', ( #8549, #2122, #7670, #5813 ) ) ;
#7872 = DIRECTION ( 'NONE',  ( 0.4999999999999980016, -0.000000000000000000, 0.8660254037844398178 ) ) ;
#7873 = ORIENTED_EDGE ( 'NONE', *, *, #594, .T. ) ;
#7874 = COLOUR_RGB ( '',1.000000000000000000, 1.000000000000000000, 1.000000000000000000 ) ;
#7875 = PRESENTATION_LAYER_ASSIGNMENT (  '', '', ( #6063 ) ) ;
#7876 = DIRECTION ( 'NONE',  ( -0.000000000000000000, -1.000000000000000000, -0.000000000000000000 ) ) ;
#7877 = DIRECTION ( 'NONE',  ( 0.000000000000000000, 0.000000000000000000, 1.000000000000000000 ) ) ;
#7878 = EDGE_CURVE ( 'NONE', #8303, #2088, #1101, .T. ) ;
#7879 = VECTOR ( 'NONE', #1126, 1000.000000000000000 ) ;
#7880 = AXIS2_PLACEMENT_3D ( 'NONE', #737, #6403, #9241 ) ;
#7881 = CARTESIAN_POINT ( 'NONE',  ( -3.306276639815583618, 0.000000000000000000, -6.226639124038727324 ) ) ;
#7882 = CARTESIAN_POINT ( 'NONE',  ( 3.777686801329358968, 4.400000000000000355, 6.243145474984839183 ) ) ;
#7883 = VERTEX_POINT ( 'NONE', #2637 ) ;
#7884 = SURFACE_STYLE_USAGE ( .BOTH. , #4314 ) ;
#7885 = ORIENTED_EDGE ( 'NONE', *, *, #5119, .T. ) ;
#7886 = CIRCLE ( 'NONE', #4671, 0.1000000000000002554 ) ;
#7887 = PLANE ( 'NONE',  #8925 ) ;
#7888 = FACE_OUTER_BOUND ( 'NONE', #6774, .T. ) ;
#7889 = ORIENTED_EDGE ( 'NONE', *, *, #7949, .F. ) ;
#7890 = DIRECTION ( 'NONE',  ( 0.000000000000000000, 1.000000000000000000, 0.000000000000000000 ) ) ;
#7891 = VECTOR ( 'NONE', #4615, 1000.000000000000000 ) ;
#7892 =( LENGTH_UNIT ( ) NAMED_UNIT ( * ) SI_UNIT ( .MILLI., .METRE. ) );
#7893 = AXIS2_PLACEMENT_3D ( 'NONE', #9122, #8556, #5646 ) ;
#7894 = ORIENTED_EDGE ( 'NONE', *, *, #3763, .F. ) ;
#7895 = PRESENTATION_LAYER_ASSIGNMENT (  '', '', ( #3866 ) ) ;
#7896 = ORIENTED_EDGE ( 'NONE', *, *, #1463, .T. ) ;
#7897 = EDGE_CURVE ( 'NONE', #4596, #542, #4771, .T. ) ;
#7898 = ORIENTED_EDGE ( 'NONE', *, *, #8307, .F. ) ;
#7899 = EDGE_LOOP ( 'NONE', ( #1259, #5116, #3247, #7437 ) ) ;
#7900 = UNCERTAINTY_MEASURE_WITH_UNIT (LENGTH_MEASURE( 1.000000000000000082E-05 ), #8837, 'distance_accuracy_value', 'NONE');
#7901 = FILL_AREA_STYLE_COLOUR ( '', #1972 ) ;
#7902 = VECTOR ( 'NONE', #6497, 1000.000000000000000 ) ;
#7903 = EDGE_CURVE ( 'NONE', #5616, #8662, #5086, .T. ) ;
#7904 = DIRECTION ( 'NONE',  ( 0.8660254037844380415, 0.000000000000000000, -0.5000000000000009992 ) ) ;
#7905 = ORIENTED_EDGE ( 'NONE', *, *, #9033, .F. ) ;
#7906 = CARTESIAN_POINT ( 'NONE',  ( -5.925607271455486824, 0.000000000000000000, -3.819643761461775533 ) ) ;
#7907 = SURFACE_SIDE_STYLE ('',( #6077 ) ) ;
#7908 =( GEOMETRIC_REPRESENTATION_CONTEXT ( 3 ) GLOBAL_UNCERTAINTY_ASSIGNED_CONTEXT ( ( #5355 ) ) GLOBAL_UNIT_ASSIGNED_CONTEXT ( ( #1443, #9258, #4946 ) ) REPRESENTATION_CONTEXT ( 'NONE', 'WORKASPACE' ) );
#7909 = AXIS2_PLACEMENT_3D ( 'NONE', #2018, #9209, #3428 ) ;
#7910 = FILL_AREA_STYLE ('',( #46 ) ) ;
#7911 = FILL_AREA_STYLE ('',( #3591 ) ) ;
#7912 = DIRECTION ( 'NONE',  ( 0.000000000000000000, 0.000000000000000000, -1.000000000000000000 ) ) ;
#7913 = EDGE_CURVE ( 'NONE', #635, #4561, #6098, .T. ) ;
#7914 = CARTESIAN_POINT ( 'NONE',  ( -0.4326952959729711279, 7.000000000000000888, -2.784806355831972446 ) ) ;
#7915 = FILL_AREA_STYLE ('',( #4281 ) ) ;
#7916 = DIRECTION ( 'NONE',  ( -0.000000000000000000, -1.000000000000000000, -0.000000000000000000 ) ) ;
#7917 = DIRECTION ( 'NONE',  ( 0.000000000000000000, 1.000000000000000000, 0.000000000000000000 ) ) ;
#7918 =( GEOMETRIC_REPRESENTATION_CONTEXT ( 3 ) GLOBAL_UNCERTAINTY_ASSIGNED_CONTEXT ( ( #469 ) ) GLOBAL_UNIT_ASSIGNED_CONTEXT ( ( #8763, #5784, #4454 ) ) REPRESENTATION_CONTEXT ( 'NONE', 'WORKASPACE' ) );
#7919 = DIRECTION ( 'NONE',  ( -0.000000000000000000, -1.000000000000000000, -0.000000000000000000 ) ) ;
#7920 =( LENGTH_UNIT ( ) NAMED_UNIT ( * ) SI_UNIT ( .MILLI., .METRE. ) );
#7921 = CARTESIAN_POINT ( 'NONE',  ( 0.000000000000000000, 6.750000000000000888, -4.764999999999998792 ) ) ;
#7922 = EDGE_LOOP ( 'NONE', ( #1572, #173, #6201, #1392 ) ) ;
#7923 = CARTESIAN_POINT ( 'NONE',  ( -7.141428428542850426, 4.400000000000000355, -0.3499999999999999778 ) ) ;
#7924 = MECHANICAL_DESIGN_GEOMETRIC_PRESENTATION_REPRESENTATION (  '', ( #3109 ), #5506 ) ;
#7925 = ORIENTED_EDGE ( 'NONE', *, *, #2932, .F. ) ;
#7926 = CIRCLE ( 'NONE', #8273, 0.1000000000000002554 ) ;
#7927 = PRESENTATION_LAYER_ASSIGNMENT (  '', '', ( #6470 ) ) ;
#7928 =( NAMED_UNIT ( * ) SI_UNIT ( $, .STERADIAN. ) SOLID_ANGLE_UNIT ( ) );
#7929 = ORIENTED_EDGE ( 'NONE', *, *, #4739, .F. ) ;
#7930 = PRESENTATION_LAYER_ASSIGNMENT (  '', '', ( #7753 ) ) ;
#7931 = AXIS2_PLACEMENT_3D ( 'NONE', #3654, #6612, #5829 ) ;
#7932 = DIRECTION ( 'NONE',  ( 0.000000000000000000, 0.000000000000000000, -1.000000000000000000 ) ) ;
#7933 = STYLED_ITEM ( 'NONE', ( #3378 ), #1692 ) ;
#7934 = FILL_AREA_STYLE_COLOUR ( '', #6762 ) ;
#7935 = SURFACE_SIDE_STYLE ('',( #6339 ) ) ;
#7936 = PRESENTATION_STYLE_ASSIGNMENT (( #1484 ) ) ;
#7937 = VECTOR ( 'NONE', #4527, 1000.000000000000114 ) ;
#7938 = CARTESIAN_POINT ( 'NONE',  ( -5.588188014247830182, 6.950000000000000178, 2.705895310040738355 ) ) ;
#7939 = SURFACE_STYLE_USAGE ( .BOTH. , #2906 ) ;
#7940 = CYLINDRICAL_SURFACE ( 'NONE', #7096, 0.8491910749241536882 ) ;
#7941 = SURFACE_STYLE_USAGE ( .BOTH. , #5045 ) ;
#7942 = STYLED_ITEM ( 'NONE', ( #7705 ), #5402 ) ;
#7943 = ORIENTED_EDGE ( 'NONE', *, *, #3659, .F. ) ;
#7944 =( GEOMETRIC_REPRESENTATION_CONTEXT ( 3 ) GLOBAL_UNCERTAINTY_ASSIGNED_CONTEXT ( ( #3935 ) ) GLOBAL_UNIT_ASSIGNED_CONTEXT ( ( #1489, #2209, #8149 ) ) REPRESENTATION_CONTEXT ( 'NONE', 'WORKASPACE' ) );
#7945 = UNCERTAINTY_MEASURE_WITH_UNIT (LENGTH_MEASURE( 1.000000000000000082E-05 ), #5262, 'distance_accuracy_value', 'NONE');
#7946 = DIRECTION ( 'NONE',  ( -0.000000000000000000, -1.000000000000000000, -0.000000000000000000 ) ) ;
#7947 = FACE_OUTER_BOUND ( 'NONE', #1354, .T. ) ;
#7948 = CARTESIAN_POINT ( 'NONE',  ( 3.381276639815584240, 0.000000000000000000, 6.356542934606394191 ) ) ;
#7949 = EDGE_CURVE ( 'NONE', #7292, #8548, #5316, .T. ) ;
#7950 = COLOUR_RGB ( '',0.2509803921568627416, 0.2509803921568627416, 0.2509803921568627416 ) ;
#7951 = ORIENTED_EDGE ( 'NONE', *, *, #7423, .F. ) ;
#7952 = STYLED_ITEM ( 'NONE', ( #8131 ), #2031 ) ;
#7953 = CARTESIAN_POINT ( 'NONE',  ( -3.467879180194027633, 4.400000000000000355, -6.306542934606394368 ) ) ;
#7954 = FILL_AREA_STYLE_COLOUR ( '', #1104 ) ;
#7955 = AXIS2_PLACEMENT_3D ( 'NONE', #7528, #3897, #5360 ) ;
#7956 = UNCERTAINTY_MEASURE_WITH_UNIT (LENGTH_MEASURE( 1.000000000000000082E-05 ), #8808, 'distance_accuracy_value', 'NONE');
#7957 = CARTESIAN_POINT ( 'NONE',  ( 1.450342312386934562, 7.000000000000000888, 2.743934908718901777 ) ) ;
#7958 = CARTESIAN_POINT ( 'NONE',  ( 3.873823105595965099, 4.400000000000000355, 6.009658438426501270 ) ) ;
#7959 = FACE_OUTER_BOUND ( 'NONE', #193, .T. ) ;
#7960 = VERTEX_POINT ( 'NONE', #2700 ) ;
#7961 = SURFACE_SIDE_STYLE ('',( #229 ) ) ;
#7962 = CIRCLE ( 'NONE', #4068, 0.3499999999999996447 ) ;
#7963 =( NAMED_UNIT ( * ) SI_UNIT ( $, .STERADIAN. ) SOLID_ANGLE_UNIT ( ) );
#7964 = CARTESIAN_POINT ( 'NONE',  ( 3.306276639815583618, 4.400000000000000355, -6.226639124038727324 ) ) ;
#7965 =( NAMED_UNIT ( * ) PLANE_ANGLE_UNIT ( ) SI_UNIT ( $, .RADIAN. ) );
#7966 =( LENGTH_UNIT ( ) NAMED_UNIT ( * ) SI_UNIT ( .MILLI., .METRE. ) );
#7967 = ORIENTED_EDGE ( 'NONE', *, *, #1317, .T. ) ;
#7968 = PRESENTATION_LAYER_ASSIGNMENT (  '', '', ( #5557 ) ) ;
#7969 = DIRECTION ( 'NONE',  ( 0.000000000000000000, 0.000000000000000000, 1.000000000000000000 ) ) ;
#7970 = FILL_AREA_STYLE ('',( #5665 ) ) ;
#7971 =( GEOMETRIC_REPRESENTATION_CONTEXT ( 3 ) GLOBAL_UNCERTAINTY_ASSIGNED_CONTEXT ( ( #5855 ) ) GLOBAL_UNIT_ASSIGNED_CONTEXT ( ( #9124, #6908, #3402 ) ) REPRESENTATION_CONTEXT ( 'NONE', 'WORKASPACE' ) );
#7972 = LINE ( 'NONE', #5016, #9107 ) ;
#7973 = EDGE_CURVE ( 'NONE', #7020, #4863, #1326, .T. ) ;
#7974 = DIRECTION ( 'NONE',  ( 0.000000000000000000, 0.000000000000000000, 1.000000000000000000 ) ) ;
#7975 = VERTEX_POINT ( 'NONE', #6582 ) ;
#7976 =( NAMED_UNIT ( * ) PLANE_ANGLE_UNIT ( ) SI_UNIT ( $, .RADIAN. ) );
#7977 = CARTESIAN_POINT ( 'NONE',  ( 0.000000000000000000, -2.049999999999999822, 4.764999999999999680 ) ) ;
#7978 = VERTEX_POINT ( 'NONE', #6286 ) ;
#7979 = VERTEX_POINT ( 'NONE', #1573 ) ;
#7980 = DIRECTION ( 'NONE',  ( 5.275245464980312529E-17, -0.000000000000000000, 1.000000000000000000 ) ) ;
#7981 = ORIENTED_EDGE ( 'NONE', *, *, #6455, .F. ) ;
#7982 = LINE ( 'NONE', #571, #1070 ) ;
#7983 = EDGE_CURVE ( 'NONE', #8170, #6538, #3409, .T. ) ;
#7984 = MECHANICAL_DESIGN_GEOMETRIC_PRESENTATION_REPRESENTATION (  '', ( #2660 ), #4924 ) ;
#7985 =( LENGTH_UNIT ( ) NAMED_UNIT ( * ) SI_UNIT ( .MILLI., .METRE. ) );
#7986 = CIRCLE ( 'NONE', #6410, 0.09999999999999982514 ) ;
#7987 = DIRECTION ( 'NONE',  ( 0.000000000000000000, 0.000000000000000000, 1.000000000000000000 ) ) ;
#7988 = PRESENTATION_LAYER_ASSIGNMENT (  '', '', ( #4928 ) ) ;
#7989 = ORIENTED_EDGE ( 'NONE', *, *, #1261, .F. ) ;
#7990 = CARTESIAN_POINT ( 'NONE',  ( 6.306542934606381934, 0.000000000000000000, -3.467879180194048949 ) ) ;
#7991 = ORIENTED_EDGE ( 'NONE', *, *, #7044, .F. ) ;
#7992 = CARTESIAN_POINT ( 'NONE',  ( 0.000000000000000000, 6.750000000000000888, 0.000000000000000000 ) ) ;
#7993 = ORIENTED_EDGE ( 'NONE', *, *, #4820, .T. ) ;
#7994 = LINE ( 'NONE', #5372, #416 ) ;
#7995 = EDGE_LOOP ( 'NONE', ( #3401, #3322, #1779, #4843 ) ) ;
#7996 = SURFACE_STYLE_FILL_AREA ( #6675 ) ;
#7997 = DIRECTION ( 'NONE',  ( 0.000000000000000000, 0.000000000000000000, 1.000000000000000000 ) ) ;
#7998 = VERTEX_POINT ( 'NONE', #802 ) ;
#7999 = DIRECTION ( 'NONE',  ( 1.358706713052775392E-05, 0.000000000000000000, -0.9999999999076957247 ) ) ;
#8000 =( NAMED_UNIT ( * ) PLANE_ANGLE_UNIT ( ) SI_UNIT ( $, .RADIAN. ) );
#8001 = AXIS2_PLACEMENT_3D ( 'NONE', #1003, #7398, #3103 ) ;
#8002 = CARTESIAN_POINT ( 'NONE',  ( 7.295565981523415289, 0.000000000000000000, -0.2500000000000000000 ) ) ;
#8003 = ORIENTED_EDGE ( 'NONE', *, *, #7163, .T. ) ;
#8004 = EDGE_CURVE ( 'NONE', #8191, #8554, #8144, .T. ) ;
#8005 = PRESENTATION_LAYER_ASSIGNMENT (  '', '', ( #7045 ) ) ;
#8006 = ORIENTED_EDGE ( 'NONE', *, *, #9169, .F. ) ;
#8007 = LINE ( 'NONE', #2487, #5833 ) ;
#8008 =( LENGTH_UNIT ( ) NAMED_UNIT ( * ) SI_UNIT ( .MILLI., .METRE. ) );
#8009 = CARTESIAN_POINT ( 'NONE',  ( 0.4164957789511533615, 7.000000000000000888, 2.743934908718901777 ) ) ;
#8010 = EDGE_CURVE ( 'NONE', #1758, #1848, #2429, .T. ) ;
#8011 = CARTESIAN_POINT ( 'NONE',  ( 7.141428428542850426, 0.000000000000000000, -0.2500000000000000000 ) ) ;
#8012 = VERTEX_POINT ( 'NONE', #4494 ) ;
#8013 = ADVANCED_FACE ( 'NONE', ( #8477, #6434 ), #4431, .T. ) ;
#8014 = DIRECTION ( 'NONE',  ( 0.000000000000000000, 1.000000000000000000, 0.000000000000000000 ) ) ;
#8015 = DIRECTION ( 'NONE',  ( 0.000000000000000000, 0.000000000000000000, 1.000000000000000000 ) ) ;
#8016 = ORIENTED_EDGE ( 'NONE', *, *, #6334, .F. ) ;
#8017 = LINE ( 'NONE', #2886, #5736 ) ;
#8018 = FILL_AREA_STYLE_COLOUR ( '', #8269 ) ;
#8019 = FILL_AREA_STYLE ('',( #4507 ) ) ;
#8020 = UNCERTAINTY_MEASURE_WITH_UNIT (LENGTH_MEASURE( 1.000000000000000082E-05 ), #1579, 'distance_accuracy_value', 'NONE');
#8021 = AXIS2_PLACEMENT_3D ( 'NONE', #6710, #5248, #8123 ) ;
#8022 =( NAMED_UNIT ( * ) SI_UNIT ( $, .STERADIAN. ) SOLID_ANGLE_UNIT ( ) );
#8023 = EDGE_CURVE ( 'NONE', #2807, #8242, #212, .T. ) ;
#8024 = DIRECTION ( 'NONE',  ( 0.000000000000000000, 0.000000000000000000, 1.000000000000000000 ) ) ;
#8025 = FILL_AREA_STYLE ('',( #5922 ) ) ;
#8026 = EDGE_CURVE ( 'NONE', #2935, #4874, #9035, .T. ) ;
#8027 = DIRECTION ( 'NONE',  ( 0.000000000000000000, 1.000000000000000000, 0.000000000000000000 ) ) ;
#8028 = SURFACE_STYLE_FILL_AREA ( #7066 ) ;
#8029 = VECTOR ( 'NONE', #3807, 1000.000000000000114 ) ;
#8030 = ORIENTED_EDGE ( 'NONE', *, *, #8562, .T. ) ;
#8031 = MECHANICAL_DESIGN_GEOMETRIC_PRESENTATION_REPRESENTATION (  '', ( #4838 ), #1500 ) ;
#8032 = MECHANICAL_DESIGN_GEOMETRIC_PRESENTATION_REPRESENTATION (  '', ( #2896 ), #3384 ) ;
#8033 = ORIENTED_EDGE ( 'NONE', *, *, #6379, .T. ) ;
#8034 = DIRECTION ( 'NONE',  ( -0.000000000000000000, -1.000000000000000000, -0.000000000000000000 ) ) ;
#8035 = LINE ( 'NONE', #7574, #4447 ) ;
#8036 = DIRECTION ( 'NONE',  ( 0.000000000000000000, 0.000000000000000000, 1.000000000000000000 ) ) ;
#8037 = SURFACE_STYLE_FILL_AREA ( #6578 ) ;
#8038 = FILL_AREA_STYLE ('',( #2197 ) ) ;
#8039 = PRESENTATION_STYLE_ASSIGNMENT (( #1839 ) ) ;
#8040 =( NAMED_UNIT ( * ) PLANE_ANGLE_UNIT ( ) SI_UNIT ( $, .RADIAN. ) );
#8041 = VERTEX_POINT ( 'NONE', #8162 ) ;
#8042 = PRESENTATION_STYLE_ASSIGNMENT (( #3977 ) ) ;
#8043 = COLOUR_RGB ( '',0.2509803921568627416, 0.2509803921568627416, 0.2509803921568627416 ) ;
#8044 = STYLED_ITEM ( 'NONE', ( #9230 ), #8343 ) ;
#8045 = SURFACE_STYLE_USAGE ( .BOTH. , #1673 ) ;
#8046 = DIRECTION ( 'NONE',  ( 0.000000000000000000, 1.000000000000000000, 0.000000000000000000 ) ) ;
#8047 = AXIS2_PLACEMENT_3D ( 'NONE', #1616, #6596, #6566 ) ;
#8048 = CARTESIAN_POINT ( 'NONE',  ( 3.354207863325300742, 0.000000000000000000, 6.309658438426497540 ) ) ;
#8049 = FILL_AREA_STYLE_COLOUR ( '', #5785 ) ;
#8050 = EDGE_LOOP ( 'NONE', ( #4974, #6422, #4969, #2098 ) ) ;
#8051 = CARTESIAN_POINT ( 'NONE',  ( -3.381276639815583795, 0.000000000000000000, -6.356542934606394191 ) ) ;
#8052 = ORIENTED_EDGE ( 'NONE', *, *, #3355, .F. ) ;
#8053 = CARTESIAN_POINT ( 'NONE',  ( 3.579326398285364252, 7.000000000000000888, -4.766153740576414499 ) ) ;
#8054 = CARTESIAN_POINT ( 'NONE',  ( 3.467879180194027633, 0.000000000000000000, 6.306542934606394368 ) ) ;
#8055 = FACE_OUTER_BOUND ( 'NONE', #2876, .T. ) ;
#8056 = PRESENTATION_LAYER_ASSIGNMENT (  '', '', ( #1571 ) ) ;
#8057 = CARTESIAN_POINT ( 'NONE',  ( 0.4164957789511533615, 7.000000000000000888, -2.784806355831972002 ) ) ;
#8058 = PRESENTATION_STYLE_ASSIGNMENT (( #7476 ) ) ;
#8059 = ORIENTED_EDGE ( 'NONE', *, *, #6646, .T. ) ;
#8060 = ADVANCED_FACE ( 'NONE', ( #8680 ), #8690, .F. ) ;
#8061 = MECHANICAL_DESIGN_GEOMETRIC_PRESENTATION_REPRESENTATION (  '', ( #4876 ), #895 ) ;
#8062 = LINE ( 'NONE', #1936, #1588 ) ;
#8063 = CARTESIAN_POINT ( 'NONE',  ( 0.000000000000000000, 6.900000000000000355, 0.000000000000000000 ) ) ;
#8064 = DIRECTION ( 'NONE',  ( 4.336808689942013299E-16, -0.000000000000000000, 1.000000000000000000 ) ) ;
#8065 = ORIENTED_EDGE ( 'NONE', *, *, #3149, .F. ) ;
#8066 = UNCERTAINTY_MEASURE_WITH_UNIT (LENGTH_MEASURE( 1.000000000000000082E-05 ), #1009, 'distance_accuracy_value', 'NONE');
#8067 =( NAMED_UNIT ( * ) PLANE_ANGLE_UNIT ( ) SI_UNIT ( $, .RADIAN. ) );
#8068 = AXIS2_PLACEMENT_3D ( 'NONE', #8054, #4424, #7232 ) ;
#8069 = DIRECTION ( 'NONE',  ( 1.734723475976810250E-14, 0.000000000000000000, 1.000000000000000000 ) ) ;
#8070 = CARTESIAN_POINT ( 'NONE',  ( -5.531383964240385254, 7.000000000000000888, 3.413764994861879121 ) ) ;
#8071 = ORIENTED_EDGE ( 'NONE', *, *, #6526, .F. ) ;
#8072 = SURFACE_STYLE_USAGE ( .BOTH. , #941 ) ;
#8073 =( LENGTH_UNIT ( ) NAMED_UNIT ( * ) SI_UNIT ( .MILLI., .METRE. ) );
#8074 = EDGE_CURVE ( 'NONE', #7653, #1409, #3857, .T. ) ;
#8075 = DIRECTION ( 'NONE',  ( -1.000000000000000000, 0.000000000000000000, 0.000000000000000000 ) ) ;
#8076 = CYLINDRICAL_SURFACE ( 'NONE', #6821, 0.8491910749241246004 ) ;
#8077 =( NAMED_UNIT ( * ) SI_UNIT ( $, .STERADIAN. ) SOLID_ANGLE_UNIT ( ) );
#8078 = STYLED_ITEM ( 'NONE', ( #7798 ), #2047 ) ;
#8079 = CARTESIAN_POINT ( 'NONE',  ( 1.585573439717987920, 7.000000000000000888, -4.224739048194295243 ) ) ;
#8080 = ADVANCED_FACE ( 'NONE', ( #9252 ), #318, .F. ) ;
#8081 = CARTESIAN_POINT ( 'NONE',  ( -3.787220565217521262, 0.000000000000000000, 6.059658438426501093 ) ) ;
#8082 =( GEOMETRIC_REPRESENTATION_CONTEXT ( 3 ) GLOBAL_UNCERTAINTY_ASSIGNED_CONTEXT ( ( #1432 ) ) GLOBAL_UNIT_ASSIGNED_CONTEXT ( ( #3444, #2106, #7033 ) ) REPRESENTATION_CONTEXT ( 'NONE', 'WORKASPACE' ) );
#8083 = CIRCLE ( 'NONE', #5963, 0.09999999999999982514 ) ;
#8084 = CARTESIAN_POINT ( 'NONE',  ( 3.579326398285364252, 6.950000000000000178, -4.052193792983342924 ) ) ;
#8085 = COLOUR_RGB ( '',0.2509803921568627416, 0.2509803921568627416, 0.2509803921568627416 ) ;
#8086 = VERTEX_POINT ( 'NONE', #4265 ) ;
#8087 = ORIENTED_EDGE ( 'NONE', *, *, #421, .F. ) ;
#8088 = ORIENTED_EDGE ( 'NONE', *, *, #8207, .F. ) ;
#8089 =( NAMED_UNIT ( * ) SI_UNIT ( $, .STERADIAN. ) SOLID_ANGLE_UNIT ( ) );
#8090 = SURFACE_STYLE_FILL_AREA ( #1678 ) ;
#8091 = DIRECTION ( 'NONE',  ( 0.000000000000000000, 0.000000000000000000, 1.000000000000000000 ) ) ;
#8092 = EDGE_CURVE ( 'NONE', #7853, #2681, #5074, .T. ) ;
#8093 = CIRCLE ( 'NONE', #1414, 0.1000000000000000056 ) ;
#8094 = STYLED_ITEM ( 'NONE', ( #97 ), #7789 ) ;
#8095 = ORIENTED_EDGE ( 'NONE', *, *, #6933, .F. ) ;
#8096 = SURFACE_STYLE_USAGE ( .BOTH. , #8876 ) ;
#8097 = FACE_OUTER_BOUND ( 'NONE', #2989, .T. ) ;
#8098 = AXIS2_PLACEMENT_3D ( 'NONE', #3613, #5615, #6381 ) ;
#8099 = CIRCLE ( 'NONE', #6137, 0.8616453519526210414 ) ;
#8100 = CARTESIAN_POINT ( 'NONE',  ( 7.195565981523414756, 4.400000000000000355, -0.2500000000000000000 ) ) ;
#8101 = DIRECTION ( 'NONE',  ( -0.000000000000000000, -1.000000000000000000, -0.000000000000000000 ) ) ;
#8102 = ADVANCED_FACE ( 'NONE', ( #7674 ), #732, .T. ) ;
#8103 = VERTEX_POINT ( 'NONE', #2242 ) ;
#8104 = DIRECTION ( 'NONE',  ( 0.4999999999999976130, 0.000000000000000000, -0.8660254037844400399 ) ) ;
#8105 = EDGE_CURVE ( 'NONE', #1359, #8303, #2839, .T. ) ;
#8106 = SURFACE_SIDE_STYLE ('',( #3248 ) ) ;
#8107 = CARTESIAN_POINT ( 'NONE',  ( 0.7363823647938630979, 7.000000000000000888, 2.743934908718901777 ) ) ;
#8108 = VECTOR ( 'NONE', #235, 1000.000000000000000 ) ;
#8109 =( NAMED_UNIT ( * ) PLANE_ANGLE_UNIT ( ) SI_UNIT ( $, .RADIAN. ) );
#8110 = EDGE_CURVE ( 'NONE', #5703, #3954, #4762, .T. ) ;
#8111 = EDGE_LOOP ( 'NONE', ( #1961, #5498, #2001, #198 ) ) ;
#8112 = CARTESIAN_POINT ( 'NONE',  ( -5.477714872388455447, 6.950000000000000178, 3.417697553309438252 ) ) ;
#8113 = MECHANICAL_DESIGN_GEOMETRIC_PRESENTATION_REPRESENTATION (  '', ( #7625 ), #8592 ) ;
#8114 = FILL_AREA_STYLE_COLOUR ( '', #3635 ) ;
#8115 = VERTEX_POINT ( 'NONE', #6629 ) ;
#8116 = COLOUR_RGB ( '',0.2509803921568627416, 0.2509803921568627416, 0.2509803921568627416 ) ;
#8117 = LINE ( 'NONE', #1938, #4301 ) ;
#8118 = ORIENTED_EDGE ( 'NONE', *, *, #5869, .T. ) ;
#8119 = DIRECTION ( 'NONE',  ( -0.000000000000000000, -1.000000000000000000, -0.000000000000000000 ) ) ;
#8120 = AXIS2_PLACEMENT_3D ( 'NONE', #3082, #1622, #5889 ) ;
#8121 = CARTESIAN_POINT ( 'NONE',  ( 4.286263797015731048E-17, -28.50000000000000000, 4.415000000000000036 ) ) ;
#8122 = VECTOR ( 'NONE', #3878, 1000.000000000000000 ) ;
#8123 = DIRECTION ( 'NONE',  ( 0.000000000000000000, 0.000000000000000000, -1.000000000000000000 ) ) ;
#8124 = MECHANICAL_DESIGN_GEOMETRIC_PRESENTATION_REPRESENTATION (  '', ( #9083 ), #291 ) ;
#8125 = DIRECTION ( 'NONE',  ( -0.000000000000000000, -1.000000000000000000, -0.000000000000000000 ) ) ;
#8126 = ORIENTED_EDGE ( 'NONE', *, *, #4791, .F. ) ;
#8127 = DIRECTION ( 'NONE',  ( -1.000000000000000000, 0.000000000000000000, 0.000000000000000000 ) ) ;
#8128 =( LENGTH_UNIT ( ) NAMED_UNIT ( * ) SI_UNIT ( .MILLI., .METRE. ) );
#8129 = ORIENTED_EDGE ( 'NONE', *, *, #5139, .T. ) ;
#8130 = EDGE_LOOP ( 'NONE', ( #7348, #7981 ) ) ;
#8131 = PRESENTATION_STYLE_ASSIGNMENT (( #1223 ) ) ;
#8132 = LINE ( 'NONE', #3737, #3282 ) ;
#8133 = VERTEX_POINT ( 'NONE', #164 ) ;
#8134 = PRESENTATION_STYLE_ASSIGNMENT (( #3080 ) ) ;
#8135 = DIRECTION ( 'NONE',  ( 0.000000000000000000, 0.000000000000000000, 1.000000000000000000 ) ) ;
#8136 = VERTEX_POINT ( 'NONE', #8079 ) ;
#8137 = AXIS2_PLACEMENT_3D ( 'NONE', #2427, #6707, #380 ) ;
#8138 = FILL_AREA_STYLE_COLOUR ( '', #1982 ) ;
#8139 = LINE ( 'NONE', #3529, #5421 ) ;
#8140 = CARTESIAN_POINT ( 'NONE',  ( 0.000000000000000000, 6.900000000000000355, 0.000000000000000000 ) ) ;
#8141 = CYLINDRICAL_SURFACE ( 'NONE', #1852, 0.3499999999999996447 ) ;
#8142 = UNCERTAINTY_MEASURE_WITH_UNIT (LENGTH_MEASURE( 1.000000000000000082E-05 ), #2278, 'distance_accuracy_value', 'NONE');
#8143 = DIRECTION ( 'NONE',  ( 0.000000000000000000, 0.000000000000000000, 1.000000000000000000 ) ) ;
#8144 = LINE ( 'NONE', #3016, #4319 ) ;
#8145 = EDGE_CURVE ( 'NONE', #7791, #3826, #6995, .T. ) ;
#8146 = CARTESIAN_POINT ( 'NONE',  ( 6.393145474984826215, 0.000000000000000000, -3.517879180194049216 ) ) ;
#8147 = EDGE_LOOP ( 'NONE', ( #5404, #5490, #4145, #3947 ) ) ;
#8148 = FILL_AREA_STYLE_COLOUR ( '', #7293 ) ;
#8149 =( NAMED_UNIT ( * ) SI_UNIT ( $, .STERADIAN. ) SOLID_ANGLE_UNIT ( ) );
#8150 = DIRECTION ( 'NONE',  ( 0.000000000000000000, 0.000000000000000000, -1.000000000000000000 ) ) ;
#8151 = CARTESIAN_POINT ( 'NONE',  ( -3.275639329619170148, 7.000000000000000888, 3.836521063224087147 ) ) ;
#8152 = DIRECTION ( 'NONE',  ( 0.000000000000000000, 1.000000000000000000, 0.000000000000000000 ) ) ;
#8153 = DIRECTION ( 'NONE',  ( 0.4999999999999983902, 0.000000000000000000, 0.8660254037844395958 ) ) ;
#8154 = CARTESIAN_POINT ( 'NONE',  ( -3.787220565217520818, 4.400000000000000355, -6.059658438426500204 ) ) ;
#8155 = CARTESIAN_POINT ( 'NONE',  ( 3.267605322946856461, 4.400000000000000355, 6.259658438426496829 ) ) ;
#8156 = FILL_AREA_STYLE_COLOUR ( '', #443 ) ;
#8157 = ORIENTED_EDGE ( 'NONE', *, *, #4589, .T. ) ;
#8158 = FILL_AREA_STYLE_COLOUR ( '', #8116 ) ;
#8159 = ADVANCED_FACE ( 'NONE', ( #4312 ), #2337, .T. ) ;
#8160 = LINE ( 'NONE', #402, #2858 ) ;
#8161 = ORIENTED_EDGE ( 'NONE', *, *, #1078, .F. ) ;
#8162 = CARTESIAN_POINT ( 'NONE',  ( 3.819643761461755105, 4.400000000000000355, 5.925607271455500147 ) ) ;
#8163 = DIRECTION ( 'NONE',  ( 0.000000000000000000, 1.000000000000000000, 0.000000000000000000 ) ) ;
#8164 = CARTESIAN_POINT ( 'NONE',  ( -1.281886370897095784, 7.000000000000000888, 3.319669296602402842 ) ) ;
#8165 = DIRECTION ( 'NONE',  ( -0.000000000000000000, -1.000000000000000000, -0.000000000000000000 ) ) ;
#8166 = LINE ( 'NONE', #2327, #1680 ) ;
#8167 = CARTESIAN_POINT ( 'NONE',  ( 3.579326398285364252, 7.000000000000000888, -3.916962665652261144 ) ) ;
#8168 = SURFACE_SIDE_STYLE ('',( #236 ) ) ;
#8169 = STYLED_ITEM ( 'NONE', ( #5974 ), #476 ) ;
#8170 = VERTEX_POINT ( 'NONE', #5149 ) ;
#8171 =( LENGTH_UNIT ( ) NAMED_UNIT ( * ) SI_UNIT ( .MILLI., .METRE. ) );
#8172 = EDGE_CURVE ( 'NONE', #8730, #3658, #3046, .T. ) ;
#8173 = AXIS2_PLACEMENT_3D ( 'NONE', #6372, #7180, #2441 ) ;
#8174 = CARTESIAN_POINT ( 'NONE',  ( 0.000000000000000000, -28.50000000000000000, -4.764999999999998792 ) ) ;
#8175 =( NAMED_UNIT ( * ) PLANE_ANGLE_UNIT ( ) SI_UNIT ( $, .RADIAN. ) );
#8176 = CIRCLE ( 'NONE', #5090, 0.3499999999999996447 ) ;
#8177 = LINE ( 'NONE', #4570, #474 ) ;
#8178 = PRESENTATION_LAYER_ASSIGNMENT (  '', '', ( #3170 ) ) ;
#8179 = DIRECTION ( 'NONE',  ( -0.000000000000000000, -1.000000000000000000, -0.000000000000000000 ) ) ;
#8180 =( NAMED_UNIT ( * ) SI_UNIT ( $, .STERADIAN. ) SOLID_ANGLE_UNIT ( ) );
#8181 = LINE ( 'NONE', #278, #6261 ) ;
#8182 = CARTESIAN_POINT ( 'NONE',  ( -6.059658438426485993, 4.400000000000000355, 3.787220565217541246 ) ) ;
#8183 = ORIENTED_EDGE ( 'NONE', *, *, #3661, .F. ) ;
#8184 = CARTESIAN_POINT ( 'NONE',  ( 5.540228309825170783, 7.000000000000000888, -2.380333944477845964 ) ) ;
#8185 = FILL_AREA_STYLE_COLOUR ( '', #681 ) ;
#8186 =( NAMED_UNIT ( * ) SI_UNIT ( $, .STERADIAN. ) SOLID_ANGLE_UNIT ( ) );
#8187 = PRESENTATION_STYLE_ASSIGNMENT (( #2257 ) ) ;
#8188 = CARTESIAN_POINT ( 'NONE',  ( -3.435730307944910411, 7.000000000000000888, 3.836521063224087147 ) ) ;
#8189 = CARTESIAN_POINT ( 'NONE',  ( 4.723888281928616983, 7.000000000000000888, 2.531868201111808769 ) ) ;
#8190 = COLOUR_RGB ( '',1.000000000000000000, 1.000000000000000000, 1.000000000000000000 ) ;
#8191 = VERTEX_POINT ( 'NONE', #8154 ) ;
#8192 = EDGE_CURVE ( 'NONE', #3153, #8945, #8007, .T. ) ;
#8193 = STYLED_ITEM ( 'NONE', ( #5288 ), #678 ) ;
#8194 = EDGE_CURVE ( 'NONE', #2433, #9136, #983, .T. ) ;
#8195 =( LENGTH_UNIT ( ) NAMED_UNIT ( * ) SI_UNIT ( .MILLI., .METRE. ) );
#8196 = LINE ( 'NONE', #8852, #3005 ) ;
#8197 = CARTESIAN_POINT ( 'NONE',  ( 3.814289341707803427, 4.400000000000000355, 6.106542934606395079 ) ) ;
#8198 = EDGE_CURVE ( 'NONE', #8855, #1199, #2310, .T. ) ;
#8199 = ORIENTED_EDGE ( 'NONE', *, *, #7026, .T. ) ;
#8200 =( NAMED_UNIT ( * ) PLANE_ANGLE_UNIT ( ) SI_UNIT ( $, .RADIAN. ) );
#8201 =( NAMED_UNIT ( * ) PLANE_ANGLE_UNIT ( ) SI_UNIT ( $, .RADIAN. ) );
#8202 = PRESENTATION_STYLE_ASSIGNMENT (( #1169 ) ) ;
#8203 = MECHANICAL_DESIGN_GEOMETRIC_PRESENTATION_REPRESENTATION (  '', ( #2780 ), #5473 ) ;
#8204 = DIRECTION ( 'NONE',  ( 0.000000000000000000, 0.000000000000000000, 1.000000000000000000 ) ) ;
#8205 = ADVANCED_FACE ( 'NONE', ( #4750 ), #6327, .T. ) ;
#8206 = DIRECTION ( 'NONE',  ( 0.000000000000000000, 1.000000000000000000, 0.000000000000000000 ) ) ;
#8207 = EDGE_CURVE ( 'NONE', #3504, #3960, #2189, .T. ) ;
#8208 = SURFACE_STYLE_USAGE ( .BOTH. , #1771 ) ;
#8209 = ORIENTED_EDGE ( 'NONE', *, *, #8236, .T. ) ;
#8210 = DIRECTION ( 'NONE',  ( 0.000000000000000000, 1.000000000000000000, 0.000000000000000000 ) ) ;
#8211 = FILL_AREA_STYLE ('',( #5364 ) ) ;
#8212 = DIRECTION ( 'NONE',  ( -0.000000000000000000, -1.000000000000000000, -0.000000000000000000 ) ) ;
#8213 = ORIENTED_EDGE ( 'NONE', *, *, #1481, .F. ) ;
#8214 = DIRECTION ( 'NONE',  ( 0.000000000000000000, 1.000000000000000000, 0.000000000000000000 ) ) ;
#8215 = CYLINDRICAL_SURFACE ( 'NONE', #4916, 0.09999999999999982514 ) ;
#8216 = CIRCLE ( 'NONE', #5481, 8.500000000000000000 ) ;
#8217 = CARTESIAN_POINT ( 'NONE',  ( -7.295565981523415289, 4.400000000000000355, -0.2500000000000000000 ) ) ;
#8218 = CIRCLE ( 'NONE', #1002, 0.09999999999999999167 ) ;
#8219 = DIRECTION ( 'NONE',  ( 0.000000000000000000, 0.000000000000000000, 1.000000000000000000 ) ) ;
#8220 = STYLED_ITEM ( 'NONE', ( #5283 ), #2558 ) ;
#8221 = ORIENTED_EDGE ( 'NONE', *, *, #3488, .F. ) ;
#8222 = DIRECTION ( 'NONE',  ( 0.000000000000000000, 1.000000000000000000, 0.000000000000000000 ) ) ;
#8223 = AXIS2_PLACEMENT_3D ( 'NONE', #9027, #2572, #1151 ) ;
#8224 = ORIENTED_EDGE ( 'NONE', *, *, #674, .T. ) ;
#8225 = SURFACE_STYLE_USAGE ( .BOTH. , #3181 ) ;
#8226 = DIRECTION ( 'NONE',  ( -0.000000000000000000, -1.000000000000000000, -0.000000000000000000 ) ) ;
#8227 =( GEOMETRIC_REPRESENTATION_CONTEXT ( 3 ) GLOBAL_UNCERTAINTY_ASSIGNED_CONTEXT ( ( #479 ) ) GLOBAL_UNIT_ASSIGNED_CONTEXT ( ( #902, #2998, #2228 ) ) REPRESENTATION_CONTEXT ( 'NONE', 'WORKASPACE' ) );
#8228 = ORIENTED_EDGE ( 'NONE', *, *, #9152, .T. ) ;
#8229 = CIRCLE ( 'NONE', #5006, 7.049999999999999822 ) ;
#8230 = LINE ( 'NONE', #5187, #8655 ) ;
#8231 = ORIENTED_EDGE ( 'NONE', *, *, #3550, .F. ) ;
#8232 = DIRECTION ( 'NONE',  ( 0.000000000000000000, 1.000000000000000000, 0.000000000000000000 ) ) ;
#8233 = FILL_AREA_STYLE_COLOUR ( '', #7142 ) ;
#8234 = ORIENTED_EDGE ( 'NONE', *, *, #483, .F. ) ;
#8235 = EDGE_CURVE ( 'NONE', #1042, #4755, #8356, .T. ) ;
#8236 = EDGE_CURVE ( 'NONE', #7361, #573, #305, .T. ) ;
#8237 = VERTEX_POINT ( 'NONE', #8929 ) ;
#8238 = PRESENTATION_LAYER_ASSIGNMENT (  '', '', ( #3764 ) ) ;
#8239 = DIRECTION ( 'NONE',  ( 0.000000000000000000, 0.000000000000000000, -1.000000000000000000 ) ) ;
#8240 =( GEOMETRIC_REPRESENTATION_CONTEXT ( 3 ) GLOBAL_UNCERTAINTY_ASSIGNED_CONTEXT ( ( #4962 ) ) GLOBAL_UNIT_ASSIGNED_CONTEXT ( ( #1905, #7562, #3991 ) ) REPRESENTATION_CONTEXT ( 'NONE', 'WORKASPACE' ) );
#8241 = DIRECTION ( 'NONE',  ( -8.673617379884051249E-15, 0.000000000000000000, 1.000000000000000000 ) ) ;
#8242 = VERTEX_POINT ( 'NONE', #6776 ) ;
#8243 =( NAMED_UNIT ( * ) PLANE_ANGLE_UNIT ( ) SI_UNIT ( $, .RADIAN. ) );
#8244 = VERTEX_POINT ( 'NONE', #8895 ) ;
#8245 = STYLED_ITEM ( 'NONE', ( #7837 ), #389 ) ;
#8246 = CARTESIAN_POINT ( 'NONE',  ( 1.585573439717987920, 7.000000000000000888, -3.375547973270170310 ) ) ;
#8247 = ORIENTED_EDGE ( 'NONE', *, *, #8326, .T. ) ;
#8248 = CARTESIAN_POINT ( 'NONE',  ( 4.286263797015736595E-17, -1.549999999999999378, -5.114999999999998437 ) ) ;
#8249 = SURFACE_STYLE_FILL_AREA ( #3498 ) ;
#8250 = ORIENTED_EDGE ( 'NONE', *, *, #4781, .F. ) ;
#8251 = EDGE_CURVE ( 'NONE', #6946, #3153, #1853, .T. ) ;
#8252 = FILL_AREA_STYLE ('',( #2591 ) ) ;
#8253 = ORIENTED_EDGE ( 'NONE', *, *, #3763, .T. ) ;
#8254 = PRESENTATION_LAYER_ASSIGNMENT (  '', '', ( #5029 ) ) ;
#8255 = VERTEX_POINT ( 'NONE', #8959 ) ;
#8256 =( NAMED_UNIT ( * ) PLANE_ANGLE_UNIT ( ) SI_UNIT ( $, .RADIAN. ) );
#8257 = AXIS2_PLACEMENT_3D ( 'NONE', #4012, #1189, #475 ) ;
#8258 = UNCERTAINTY_MEASURE_WITH_UNIT (LENGTH_MEASURE( 1.000000000000000082E-05 ), #352, 'distance_accuracy_value', 'NONE');
#8259 = VERTEX_POINT ( 'NONE', #2516 ) ;
#8260 = EDGE_CURVE ( 'NONE', #4093, #2941, #658, .T. ) ;
#8261 = FACE_OUTER_BOUND ( 'NONE', #4293, .T. ) ;
#8262 = CARTESIAN_POINT ( 'NONE',  ( -7.195565981523414756, 4.400000000000000355, 0.1499999999999999667 ) ) ;
#8263 = CYLINDRICAL_SURFACE ( 'NONE', #1269, 0.1000000000000002554 ) ;
#8264 = CARTESIAN_POINT ( 'NONE',  ( 3.381276639815583795, 0.000000000000000000, -6.356542934606394191 ) ) ;
#8265 = DIRECTION ( 'NONE',  ( 0.000000000000000000, 0.000000000000000000, -1.000000000000000000 ) ) ;
#8266 = DIRECTION ( 'NONE',  ( 0.000000000000000000, 1.000000000000000000, 0.000000000000000000 ) ) ;
#8267 = ADVANCED_FACE ( 'NONE', ( #3973 ), #3843, .T. ) ;
#8268 = PRESENTATION_STYLE_ASSIGNMENT (( #3048 ) ) ;
#8269 = COLOUR_RGB ( '',0.9098039215686274384, 0.4431372549019607643, 0.03137254901960784270 ) ;
#8270 = UNCERTAINTY_MEASURE_WITH_UNIT (LENGTH_MEASURE( 1.000000000000000082E-05 ), #527, 'distance_accuracy_value', 'NONE');
#8271 = DIRECTION ( 'NONE',  ( 0.000000000000000000, 0.000000000000000000, 1.000000000000000000 ) ) ;
#8272 = CARTESIAN_POINT ( 'NONE',  ( -3.819643761461755105, 0.000000000000000000, 5.925607271455500147 ) ) ;
#8273 = AXIS2_PLACEMENT_3D ( 'NONE', #680, #7170, #8538 ) ;
#8274 = ORIENTED_EDGE ( 'NONE', *, *, #421, .T. ) ;
#8275 = FILL_AREA_STYLE ('',( #6138 ) ) ;
#8276 = DIRECTION ( 'NONE',  ( -0.000000000000000000, -1.000000000000000000, -0.000000000000000000 ) ) ;
#8277 = ORIENTED_EDGE ( 'NONE', *, *, #8391, .T. ) ;
#8278 = CARTESIAN_POINT ( 'NONE',  ( -4.580313372439055897, 7.000000000000000888, 2.555614419895396505 ) ) ;
#8279 = LINE ( 'NONE', #2803, #3995 ) ;
#8280 = DIRECTION ( 'NONE',  ( -0.000000000000000000, -1.000000000000000000, -0.000000000000000000 ) ) ;
#8281 =( NAMED_UNIT ( * ) SI_UNIT ( $, .STERADIAN. ) SOLID_ANGLE_UNIT ( ) );
#8282 = DIRECTION ( 'NONE',  ( 0.000000000000000000, 0.000000000000000000, 1.000000000000000000 ) ) ;
#8283 = DIRECTION ( 'NONE',  ( 0.000000000000000000, 0.000000000000000000, 1.000000000000000000 ) ) ;
#8284 = CARTESIAN_POINT ( 'NONE',  ( -0.2974641686419178255, 7.000000000000000888, -2.784806355831972002 ) ) ;
#8285 =( GEOMETRIC_REPRESENTATION_CONTEXT ( 3 ) GLOBAL_UNCERTAINTY_ASSIGNED_CONTEXT ( ( #2174 ) ) GLOBAL_UNIT_ASSIGNED_CONTEXT ( ( #4011, #4760, #6903 ) ) REPRESENTATION_CONTEXT ( 'NONE', 'WORKASPACE' ) );
#8286 = MECHANICAL_DESIGN_GEOMETRIC_PRESENTATION_REPRESENTATION (  '', ( #6803 ), #1502 ) ;
#8287 = ORIENTED_EDGE ( 'NONE', *, *, #7612, .F. ) ;
#8288 = CIRCLE ( 'NONE', #4350, 0.1000000000000002554 ) ;
#8289 = FILL_AREA_STYLE ('',( #3178 ) ) ;
#8290 = DIRECTION ( 'NONE',  ( 0.000000000000000000, 1.000000000000000000, 0.000000000000000000 ) ) ;
#8291 = DIRECTION ( 'NONE',  ( -0.000000000000000000, -1.000000000000000000, -0.000000000000000000 ) ) ;
#8292 = DIRECTION ( 'NONE',  ( 0.000000000000000000, 0.000000000000000000, 1.000000000000000000 ) ) ;
#8293 = FACE_OUTER_BOUND ( 'NONE', #1462, .T. ) ;
#8294 = ORIENTED_EDGE ( 'NONE', *, *, #3286, .T. ) ;
#8295 = PRESENTATION_STYLE_ASSIGNMENT (( #7941 ) ) ;
#8296 = EDGE_CURVE ( 'NONE', #2026, #1737, #1089, .T. ) ;
#8297 = COLOUR_RGB ( '',0.2509803921568627416, 0.2509803921568627416, 0.2509803921568627416 ) ;
#8298 = EDGE_CURVE ( 'NONE', #3739, #4115, #6857, .T. ) ;
#8299 = AXIS2_PLACEMENT_3D ( 'NONE', #2599, #8152, #8823 ) ;
#8300 = PRESENTATION_LAYER_ASSIGNMENT (  '', '', ( #3098 ) ) ;
#8301 = LINE ( 'NONE', #7964, #6366 ) ;
#8302 =( NAMED_UNIT ( * ) SI_UNIT ( $, .STERADIAN. ) SOLID_ANGLE_UNIT ( ) );
#8303 = VERTEX_POINT ( 'NONE', #2041 ) ;
#8304 = EDGE_CURVE ( 'NONE', #1731, #3318, #7544, .T. ) ;
#8305 =( NAMED_UNIT ( * ) SI_UNIT ( $, .STERADIAN. ) SOLID_ANGLE_UNIT ( ) );
#8306 = PRESENTATION_STYLE_ASSIGNMENT (( #8096 ) ) ;
#8307 = EDGE_CURVE ( 'NONE', #1945, #2411, #3608, .T. ) ;
#8308 = AXIS2_PLACEMENT_3D ( 'NONE', #6955, #620, #663 ) ;
#8309 = DIRECTION ( 'NONE',  ( -0.000000000000000000, -1.000000000000000000, -0.000000000000000000 ) ) ;
#8310 = ADVANCED_FACE ( 'NONE', ( #2301 ), #7773, .F. ) ;
#8311 = CARTESIAN_POINT ( 'NONE',  ( 0.000000000000000000, -28.50000000000000000, -4.764999999999998792 ) ) ;
#8312 =( GEOMETRIC_REPRESENTATION_CONTEXT ( 3 ) GLOBAL_UNCERTAINTY_ASSIGNED_CONTEXT ( ( #2981 ) ) GLOBAL_UNIT_ASSIGNED_CONTEXT ( ( #5700, #6404, #3641 ) ) REPRESENTATION_CONTEXT ( 'NONE', 'WORKASPACE' ) );
#8313 = CIRCLE ( 'NONE', #2434, 0.09999999999999982514 ) ;
#8314 = ORIENTED_EDGE ( 'NONE', *, *, #8304, .T. ) ;
#8315 = DIRECTION ( 'NONE',  ( 0.000000000000000000, 0.000000000000000000, 1.000000000000000000 ) ) ;
#8316 = STYLED_ITEM ( 'NONE', ( #3093 ), #3714 ) ;
#8317 = PRESENTATION_STYLE_ASSIGNMENT (( #6150 ) ) ;
#8318 = ORIENTED_EDGE ( 'NONE', *, *, #4768, .F. ) ;
#8319 = SURFACE_STYLE_USAGE ( .BOTH. , #1919 ) ;
#8320 = SURFACE_STYLE_USAGE ( .BOTH. , #473 ) ;
#8321 =( NAMED_UNIT ( * ) SI_UNIT ( $, .STERADIAN. ) SOLID_ANGLE_UNIT ( ) );
#8322 = UNCERTAINTY_MEASURE_WITH_UNIT (LENGTH_MEASURE( 1.000000000000000082E-05 ), #6588, 'distance_accuracy_value', 'NONE');
#8323 = CARTESIAN_POINT ( 'NONE',  ( -3.467879180194027633, 0.000000000000000000, 6.306542934606394368 ) ) ;
#8324 = DIRECTION ( 'NONE',  ( -0.000000000000000000, -1.000000000000000000, -0.000000000000000000 ) ) ;
#8325 = AXIS2_PLACEMENT_3D ( 'NONE', #3059, #433, #7586 ) ;
#8326 = EDGE_CURVE ( 'NONE', #2033, #5382, #1079, .T. ) ;
#8327 = PLANE ( 'NONE',  #5938 ) ;
#8328 = CIRCLE ( 'NONE', #95, 0.3499999999999996447 ) ;
#8329 = CIRCLE ( 'NONE', #4359, 0.1000000000000002554 ) ;
#8330 = COLOUR_RGB ( '',0.9098039215686274384, 0.4431372549019607643, 0.03137254901960784270 ) ;
#8331 = ORIENTED_EDGE ( 'NONE', *, *, #6460, .T. ) ;
#8332 = CARTESIAN_POINT ( 'NONE',  ( 3.714557525616446032, 7.000000000000000888, -3.916962665652260256 ) ) ;
#8333 = ORIENTED_EDGE ( 'NONE', *, *, #2763, .F. ) ;
#8334 = CARTESIAN_POINT ( 'NONE',  ( 7.195565981523414756, 0.000000000000000000, 0.1499999999999999667 ) ) ;
#8335 = PRESENTATION_LAYER_ASSIGNMENT (  '', '', ( #3006 ) ) ;
#8336 = DIRECTION ( 'NONE',  ( -0.5000000000000009992, 0.000000000000000000, 0.8660254037844380415 ) ) ;
#8337 = DIRECTION ( 'NONE',  ( 0.000000000000000000, 0.000000000000000000, 1.000000000000000000 ) ) ;
#8338 = COLOUR_RGB ( '',0.2509803921568627416, 0.2509803921568627416, 0.2509803921568627416 ) ;
#8339 = CARTESIAN_POINT ( 'NONE',  ( -6.356542934606381756, 4.400000000000000355, 3.381276639815605556 ) ) ;
#8340 = ORIENTED_EDGE ( 'NONE', *, *, #7749, .F. ) ;
#8341 = FACE_OUTER_BOUND ( 'NONE', #2164, .T. ) ;
#8342 = CARTESIAN_POINT ( 'NONE',  ( -0.5679264233040245413, 6.950000000000000178, -2.784806355831972446 ) ) ;
#8343 = ADVANCED_FACE ( 'NONE', ( #6074 ), #8667, .F. ) ;
#8344 = CARTESIAN_POINT ( 'NONE',  ( 5.437848229521686783, 7.000000000000000888, 2.531868201111808769 ) ) ;
#8345 = VECTOR ( 'NONE', #7509, 1000.000000000000000 ) ;
#8346 = DIRECTION ( 'NONE',  ( 0.000000000000000000, 1.000000000000000000, 0.000000000000000000 ) ) ;
#8347 = AXIS2_PLACEMENT_3D ( 'NONE', #489, #9105, #7997 ) ;
#8348 = CARTESIAN_POINT ( 'NONE',  ( 6.009658438426486171, 4.400000000000000355, 3.873823105595984639 ) ) ;
#8349 =( NAMED_UNIT ( * ) SI_UNIT ( $, .STERADIAN. ) SOLID_ANGLE_UNIT ( ) );
#8350 =( LENGTH_UNIT ( ) NAMED_UNIT ( * ) SI_UNIT ( .MILLI., .METRE. ) );
#8351 = ADVANCED_FACE ( 'NONE', ( #646 ), #2820, .F. ) ;
#8352 = VERTEX_POINT ( 'NONE', #2253 ) ;
#8353 = COLOUR_RGB ( '',0.9098039215686274384, 0.4431372549019607643, 0.03137254901960784270 ) ;
#8354 = COLOUR_RGB ( '',0.2509803921568627416, 0.2509803921568627416, 0.2509803921568627416 ) ;
#8355 = ORIENTED_EDGE ( 'NONE', *, *, #1697, .T. ) ;
#8356 = LINE ( 'NONE', #3140, #8122 ) ;
#8357 =( LENGTH_UNIT ( ) NAMED_UNIT ( * ) SI_UNIT ( .MILLI., .METRE. ) );
#8358 = CYLINDRICAL_SURFACE ( 'NONE', #5359, 0.1352311274094740168 ) ;
#8359 = ORIENTED_EDGE ( 'NONE', *, *, #2358, .F. ) ;
#8360 = ORIENTED_EDGE ( 'NONE', *, *, #6731, .F. ) ;
#8361 = EDGE_CURVE ( 'NONE', #2612, #7020, #3263, .T. ) ;
#8362 = AXIS2_PLACEMENT_3D ( 'NONE', #2068, #686, #1472 ) ;
#8363 = ORIENTED_EDGE ( 'NONE', *, *, #5305, .T. ) ;
#8364 = SURFACE_STYLE_FILL_AREA ( #7703 ) ;
#8365 = LINE ( 'NONE', #4608, #2744 ) ;
#8366 = CARTESIAN_POINT ( 'NONE',  ( -7.141428428542850426, 4.400000000000000355, -0.3499999999999999778 ) ) ;
#8367 = SURFACE_SIDE_STYLE ('',( #3885 ) ) ;
#8368 = ORIENTED_EDGE ( 'NONE', *, *, #5584, .T. ) ;
#8369 = DIRECTION ( 'NONE',  ( 0.000000000000000000, 1.000000000000000000, 0.000000000000000000 ) ) ;
#8370 = DIRECTION ( 'NONE',  ( -0.000000000000000000, -1.000000000000000000, -0.000000000000000000 ) ) ;
#8371 =( LENGTH_UNIT ( ) NAMED_UNIT ( * ) SI_UNIT ( .MILLI., .METRE. ) );
#8372 = CIRCLE ( 'NONE', #1099, 0.1352311273310532469 ) ;
#8373 = UNCERTAINTY_MEASURE_WITH_UNIT (LENGTH_MEASURE( 1.000000000000000082E-05 ), #6969, 'distance_accuracy_value', 'NONE');
#8374 = FACE_OUTER_BOUND ( 'NONE', #3537, .T. ) ;
#8375 = DIRECTION ( 'NONE',  ( 0.000000000000000000, 0.000000000000000000, 1.000000000000000000 ) ) ;
#8376 = VECTOR ( 'NONE', #1954, 1000.000000000000000 ) ;
#8377 = FILL_AREA_STYLE ('',( #5551 ) ) ;
#8378 = ORIENTED_EDGE ( 'NONE', *, *, #1132, .T. ) ;
#8379 = DIRECTION ( 'NONE',  ( -0.000000000000000000, 1.000000000000000000, 0.000000000000000000 ) ) ;
#8380 = MECHANICAL_DESIGN_GEOMETRIC_PRESENTATION_REPRESENTATION (  '', ( #1184 ), #3351 ) ;
#8381 = DIRECTION ( 'NONE',  ( 0.000000000000000000, 1.000000000000000000, 0.000000000000000000 ) ) ;
#8382 = STYLED_ITEM ( 'NONE', ( #8755 ), #954 ) ;
#8383 = DIRECTION ( 'NONE',  ( -1.000000000000000000, 0.000000000000000000, 0.000000000000000000 ) ) ;
#8384 = LINE ( 'NONE', #2420, #6771 ) ;
#8385 = CIRCLE ( 'NONE', #3817, 0.8491910749241246004 ) ;
#8386 = AXIS2_PLACEMENT_3D ( 'NONE', #5472, #1232, #6200 ) ;
#8387 = VERTEX_POINT ( 'NONE', #639 ) ;
#8388 =( NAMED_UNIT ( * ) SI_UNIT ( $, .STERADIAN. ) SOLID_ANGLE_UNIT ( ) );
#8389 = LINE ( 'NONE', #4590, #7349 ) ;
#8390 = AXIS2_PLACEMENT_3D ( 'NONE', #4018, #8064, #4432 ) ;
#8391 = EDGE_CURVE ( 'NONE', #2514, #3054, #1411, .T. ) ;
#8392 = CARTESIAN_POINT ( 'NONE',  ( -4.445012361338021023, 7.000000000000000888, -2.587782488400166780 ) ) ;
#8393 = CARTESIAN_POINT ( 'NONE',  ( 0.000000000000000000, 6.750000000000000888, -4.414999999999999147 ) ) ;
#8394 = EDGE_CURVE ( 'NONE', #7521, #4169, #3382, .T. ) ;
#8395 = COLOUR_RGB ( '',0.2509803921568627416, 0.2509803921568627416, 0.2509803921568627416 ) ;
#8396 = ORIENTED_EDGE ( 'NONE', *, *, #9169, .T. ) ;
#8397 = FILL_AREA_STYLE_COLOUR ( '', #6416 ) ;
#8398 = ADVANCED_FACE ( 'NONE', ( #3034 ), #2708, .T. ) ;
#8399 =( NAMED_UNIT ( * ) PLANE_ANGLE_UNIT ( ) SI_UNIT ( $, .RADIAN. ) );
#8400 =( LENGTH_UNIT ( ) NAMED_UNIT ( * ) SI_UNIT ( .MILLI., .METRE. ) );
#8401 =( GEOMETRIC_REPRESENTATION_CONTEXT ( 3 ) GLOBAL_UNCERTAINTY_ASSIGNED_CONTEXT ( ( #5576 ) ) GLOBAL_UNIT_ASSIGNED_CONTEXT ( ( #5428, #2595, #2632 ) ) REPRESENTATION_CONTEXT ( 'NONE', 'WORKASPACE' ) );
#8402 = DIRECTION ( 'NONE',  ( 0.000000000000000000, 0.000000000000000000, 1.000000000000000000 ) ) ;
#8403 = CIRCLE ( 'NONE', #2206, 0.8616453519526210414 ) ;
#8404 = CARTESIAN_POINT ( 'NONE',  ( -5.588312836269678563, 7.000000000000000888, -3.319752949239375805 ) ) ;
#8405 = ORIENTED_EDGE ( 'NONE', *, *, #7573, .T. ) ;
#8406 = AXIS2_PLACEMENT_3D ( 'NONE', #3022, #7274, #6587 ) ;
#8407 = FILL_AREA_STYLE ('',( #3457 ) ) ;
#8408 = EDGE_CURVE ( 'NONE', #5289, #5245, #6734, .T. ) ;
#8409 = FILL_AREA_STYLE_COLOUR ( '', #3865 ) ;
#8410 = DIRECTION ( 'NONE',  ( 0.000000000000000000, 0.000000000000000000, 1.000000000000000000 ) ) ;
#8411 = CARTESIAN_POINT ( 'NONE',  ( -5.447796256939350101, 7.000000000000000888, 2.704364753403770472 ) ) ;
#8412 = VECTOR ( 'NONE', #5234, 1000.000000000000000 ) ;
#8413 = VERTEX_POINT ( 'NONE', #7237 ) ;
#8414 = EDGE_CURVE ( 'NONE', #689, #1737, #3148, .T. ) ;
#8415 = AXIS2_PLACEMENT_3D ( 'NONE', #1894, #5244, #5995 ) ;
#8416 = AXIS2_PLACEMENT_3D ( 'NONE', #7405, #3875, #348 ) ;
#8417 = ORIENTED_EDGE ( 'NONE', *, *, #6064, .T. ) ;
#8418 = DIRECTION ( 'NONE',  ( -0.000000000000000000, -1.000000000000000000, -0.000000000000000000 ) ) ;
#8419 =( NAMED_UNIT ( * ) SI_UNIT ( $, .STERADIAN. ) SOLID_ANGLE_UNIT ( ) );
#8420 = FILL_AREA_STYLE_COLOUR ( '', #7697 ) ;
#8421 = CIRCLE ( 'NONE', #9075, 0.09999999999999982514 ) ;
#8422 = SURFACE_STYLE_USAGE ( .BOTH. , #3375 ) ;
#8423 = MECHANICAL_DESIGN_GEOMETRIC_PRESENTATION_REPRESENTATION (  '', ( #2067 ), #8479 ) ;
#8424 = STYLED_ITEM ( 'NONE', ( #1008 ), #4239 ) ;
#8425 = ORIENTED_EDGE ( 'NONE', *, *, #8502, .T. ) ;
#8426 = EDGE_CURVE ( 'NONE', #7416, #8041, #632, .T. ) ;
#8427 = PRESENTATION_LAYER_ASSIGNMENT (  '', '', ( #6666 ) ) ;
#8428 = VECTOR ( 'NONE', #373, 1000.000000000000000 ) ;
#8429 = FILL_AREA_STYLE ('',( #4003 ) ) ;
#8430 = ORIENTED_EDGE ( 'NONE', *, *, #7718, .T. ) ;
#8431 = CARTESIAN_POINT ( 'NONE',  ( -2.291104798297497247, 7.000000000000000888, 3.319679806621127938 ) ) ;
#8432 = DIRECTION ( 'NONE',  ( 0.000000000000000000, 1.000000000000000000, 0.000000000000000000 ) ) ;
#8433 = FILL_AREA_STYLE_COLOUR ( '', #7083 ) ;
#8434 = CYLINDRICAL_SURFACE ( 'NONE', #1230, 0.1000000000000002554 ) ;
#8435 = PRESENTATION_LAYER_ASSIGNMENT (  '', '', ( #7942 ) ) ;
#8436 = CARTESIAN_POINT ( 'NONE',  ( -6.226639124038715778, 0.000000000000000000, -3.306276639815604934 ) ) ;
#8437 = PRESENTATION_LAYER_ASSIGNMENT (  '', '', ( #9096 ) ) ;
#8438 = VERTEX_POINT ( 'NONE', #3651 ) ;
#8439 = ORIENTED_EDGE ( 'NONE', *, *, #9029, .T. ) ;
#8440 =( NAMED_UNIT ( * ) SI_UNIT ( $, .STERADIAN. ) SOLID_ANGLE_UNIT ( ) );
#8441 = EDGE_CURVE ( 'NONE', #2510, #2612, #4402, .T. ) ;
#8442 = DIRECTION ( 'NONE',  ( 0.000000000000000000, 1.000000000000000000, 0.000000000000000000 ) ) ;
#8443 = ORIENTED_EDGE ( 'NONE', *, *, #3623, .T. ) ;
#8444 = PRESENTATION_STYLE_ASSIGNMENT (( #6450 ) ) ;
#8445 = VECTOR ( 'NONE', #2927, 1000.000000000000000 ) ;
#8446 = CARTESIAN_POINT ( 'NONE',  ( -5.588312836269678563, 7.000000000000000888, -3.319752949239375805 ) ) ;
#8447 = MECHANICAL_DESIGN_GEOMETRIC_PRESENTATION_REPRESENTATION (  '', ( #7952 ), #4062 ) ;
#8448 = ORIENTED_EDGE ( 'NONE', *, *, #4731, .T. ) ;
#8449 = AXIS2_PLACEMENT_3D ( 'NONE', #1909, #3316, #9013 ) ;
#8450 = CARTESIAN_POINT ( 'NONE',  ( 0.000000000000000000, 6.850000000000001421, 0.000000000000000000 ) ) ;
#8451 = DIRECTION ( 'NONE',  ( -0.000000000000000000, -1.000000000000000000, -0.000000000000000000 ) ) ;
#8452 = CARTESIAN_POINT ( 'NONE',  ( 5.464635013455913182, 7.000000000000000888, -2.590140400704013857 ) ) ;
#8453 = ORIENTED_EDGE ( 'NONE', *, *, #7056, .F. ) ;
#8454 = ORIENTED_EDGE ( 'NONE', *, *, #2415, .T. ) ;
#8455 = APPLICATION_CONTEXT ( 'automotive_design' ) ;
#8456 = LINE ( 'NONE', #8644, #898 ) ;
#8457 = FACE_OUTER_BOUND ( 'NONE', #2503, .T. ) ;
#8458 = DIRECTION ( 'NONE',  ( -0.000000000000000000, -1.000000000000000000, -0.000000000000000000 ) ) ;
#8459 = ORIENTED_EDGE ( 'NONE', *, *, #7230, .F. ) ;
#8460 = DIRECTION ( 'NONE',  ( -0.000000000000000000, -1.000000000000000000, -0.000000000000000000 ) ) ;
#8461 = VERTEX_POINT ( 'NONE', #5790 ) ;
#8462 = ORIENTED_EDGE ( 'NONE', *, *, #6962, .T. ) ;
#8463 = CARTESIAN_POINT ( 'NONE',  ( -7.041548310661132071, 4.400000000000000355, -0.3451048951048951152 ) ) ;
#8464 = VECTOR ( 'NONE', #8014, 1000.000000000000000 ) ;
#8465 = VERTEX_POINT ( 'NONE', #138 ) ;
#8466 = PRESENTATION_LAYER_ASSIGNMENT (  '', '', ( #4619 ) ) ;
#8467 = FILL_AREA_STYLE ('',( #8409 ) ) ;
#8468 = SURFACE_SIDE_STYLE ('',( #2445 ) ) ;
#8469 = AXIS2_PLACEMENT_3D ( 'NONE', #575, #9182, #3463 ) ;
#8470 = DIRECTION ( 'NONE',  ( 0.000000000000000000, 0.000000000000000000, 1.000000000000000000 ) ) ;
#8471 = FACE_OUTER_BOUND ( 'NONE', #279, .T. ) ;
#8472 = EDGE_LOOP ( 'NONE', ( #5157, #3094, #9111, #112 ) ) ;
#8473 = ORIENTED_EDGE ( 'NONE', *, *, #2880, .F. ) ;
#8474 = EDGE_CURVE ( 'NONE', #3372, #8764, #2287, .T. ) ;
#8475 = VERTEX_POINT ( 'NONE', #7289 ) ;
#8476 = PRESENTATION_STYLE_ASSIGNMENT (( #58 ) ) ;
#8477 = FACE_OUTER_BOUND ( 'NONE', #4709, .T. ) ;
#8478 = EDGE_CURVE ( 'NONE', #7960, #5399, #5719, .T. ) ;
#8479 =( GEOMETRIC_REPRESENTATION_CONTEXT ( 3 ) GLOBAL_UNCERTAINTY_ASSIGNED_CONTEXT ( ( #2606 ) ) GLOBAL_UNIT_ASSIGNED_CONTEXT ( ( #1406, #6380, #2121 ) ) REPRESENTATION_CONTEXT ( 'NONE', 'WORKASPACE' ) );
#8480 = LINE ( 'NONE', #7865, #4562 ) ;
#8481 = AXIS2_PLACEMENT_3D ( 'NONE', #3025, #5772, #3769 ) ;
#8482 = UNCERTAINTY_MEASURE_WITH_UNIT (LENGTH_MEASURE( 1.000000000000000082E-05 ), #4041, 'distance_accuracy_value', 'NONE');
#8483 = CYLINDRICAL_SURFACE ( 'NONE', #4118, 0.8491910749241246004 ) ;
#8484 = LINE ( 'NONE', #1034, #5856 ) ;
#8485 =( NAMED_UNIT ( * ) PLANE_ANGLE_UNIT ( ) SI_UNIT ( $, .RADIAN. ) );
#8486 = CIRCLE ( 'NONE', #8308, 7.049999999999999822 ) ;
#8487 = VERTEX_POINT ( 'NONE', #169 ) ;
#8488 = CARTESIAN_POINT ( 'NONE',  ( 0.000000000000000000, -2.049999999999999822, 0.000000000000000000 ) ) ;
#8489 = SURFACE_STYLE_USAGE ( .BOTH. , #7658 ) ;
#8490 = ORIENTED_EDGE ( 'NONE', *, *, #6307, .F. ) ;
#8491 = CARTESIAN_POINT ( 'NONE',  ( 6.243145474984824972, 0.000000000000000000, 3.777686801329380728 ) ) ;
#8492 = PRESENTATION_STYLE_ASSIGNMENT (( #4616 ) ) ;
#8493 = UNCERTAINTY_MEASURE_WITH_UNIT (LENGTH_MEASURE( 1.000000000000000082E-05 ), #8008, 'distance_accuracy_value', 'NONE');
#8494 = DIRECTION ( 'NONE',  ( 0.000000000000000000, 1.000000000000000000, 0.000000000000000000 ) ) ;
#8495 = CYLINDRICAL_SURFACE ( 'NONE', #4588, 0.1000000000000002554 ) ;
#8496 = LINE ( 'NONE', #1946, #2224 ) ;
#8497 = PRESENTATION_LAYER_ASSIGNMENT (  '', '', ( #4983 ) ) ;
#8498 = DIRECTION ( 'NONE',  ( 0.000000000000000000, 1.000000000000000000, 0.000000000000000000 ) ) ;
#8499 = EDGE_CURVE ( 'NONE', #881, #7549, #6304, .T. ) ;
#8500 = AXIS2_PLACEMENT_3D ( 'NONE', #1520, #2300, #5777 ) ;
#8501 = DIRECTION ( 'NONE',  ( -5.647150270261412548E-17, 0.000000000000000000, 1.000000000000000000 ) ) ;
#8502 = EDGE_CURVE ( 'NONE', #6266, #6726, #4846, .T. ) ;
#8503 = ORIENTED_EDGE ( 'NONE', *, *, #3909, .F. ) ;
#8504 = EDGE_CURVE ( 'NONE', #5290, #7577, #9218, .T. ) ;
#8505 = CYLINDRICAL_SURFACE ( 'NONE', #8728, 0.09999999999999982514 ) ;
#8506 = DIRECTION ( 'NONE',  ( 0.000000000000000000, 1.000000000000000000, 0.000000000000000000 ) ) ;
#8507 = STYLED_ITEM ( 'NONE', ( #8492 ), #5969 ) ;
#8508 = VERTEX_POINT ( 'NONE', #8743 ) ;
#8509 = AXIS2_PLACEMENT_3D ( 'NONE', #4404, #1638, #5075 ) ;
#8511 = EDGE_CURVE ( 'NONE', #9159, #2739, #515, .T. ) ;
#8510 = DIRECTION ( 'NONE',  ( 0.000000000000000000, 0.000000000000000000, 1.000000000000000000 ) ) ;
#8512 = CARTESIAN_POINT ( 'NONE',  ( 4.723888281928616983, 6.950000000000000178, -2.587794026416315507 ) ) ;
#8513 = EDGE_CURVE ( 'NONE', #6468, #8136, #2614, .T. ) ;
#8514 = LINE ( 'NONE', #2589, #1123 ) ;
#8515 = LINE ( 'NONE', #7270, #1686 ) ;
#8516 = FILL_AREA_STYLE ('',( #2814 ) ) ;
#8517 = CIRCLE ( 'NONE', #3304, 0.3499999999999996447 ) ;
#8518 = VERTEX_POINT ( 'NONE', #5345 ) ;
#8519 = FILL_AREA_STYLE ('',( #3344 ) ) ;
#8520 = FILL_AREA_STYLE_COLOUR ( '', #8771 ) ;
#8521 = AXIS2_PLACEMENT_3D ( 'NONE', #5186, #2366, #3050 ) ;
#8522 = CIRCLE ( 'NONE', #7198, 0.09999999999999999167 ) ;
#8523 = SURFACE_STYLE_FILL_AREA ( #3157 ) ;
#8524 = AXIS2_PLACEMENT_3D ( 'NONE', #1427, #6399, #8528 ) ;
#8525 = DIRECTION ( 'NONE',  ( 0.000000000000000000, 0.000000000000000000, 1.000000000000000000 ) ) ;
#8526 = LINE ( 'NONE', #2039, #2785 ) ;
#8527 = ORIENTED_EDGE ( 'NONE', *, *, #8499, .T. ) ;
#8528 = DIRECTION ( 'NONE',  ( 0.000000000000000000, 0.000000000000000000, 1.000000000000000000 ) ) ;
#8529 =( NAMED_UNIT ( * ) SI_UNIT ( $, .STERADIAN. ) SOLID_ANGLE_UNIT ( ) );
#8530 = DIRECTION ( 'NONE',  ( -0.000000000000000000, -1.000000000000000000, -0.000000000000000000 ) ) ;
#8531 = CARTESIAN_POINT ( 'NONE',  ( 6.009658438426486171, 0.000000000000000000, 3.873823105595984639 ) ) ;
#8532 = AXIS2_PLACEMENT_3D ( 'NONE', #3847, #4560, #8900 ) ;
#8533 = LINE ( 'NONE', #5081, #1382 ) ;
#8534 = UNCERTAINTY_MEASURE_WITH_UNIT (LENGTH_MEASURE( 1.000000000000000082E-05 ), #958, 'distance_accuracy_value', 'NONE');
#8535 = ORIENTED_EDGE ( 'NONE', *, *, #3719, .F. ) ;
#8536 = AXIS2_PLACEMENT_3D ( 'NONE', #3259, #3934, #8337 ) ;
#8537 = COLOUR_RGB ( '',0.2509803921568627416, 0.2509803921568627416, 0.2509803921568627416 ) ;
#8538 = DIRECTION ( 'NONE',  ( 4.336808689942006692E-15, 0.000000000000000000, 1.000000000000000000 ) ) ;
#8539 = PRESENTATION_STYLE_ASSIGNMENT (( #1649 ) ) ;
#8540 = SURFACE_STYLE_USAGE ( .BOTH. , #4979 ) ;
#8541 =( NAMED_UNIT ( * ) PLANE_ANGLE_UNIT ( ) SI_UNIT ( $, .RADIAN. ) );
#8542 = ORIENTED_EDGE ( 'NONE', *, *, #1698, .T. ) ;
#8543 = UNCERTAINTY_MEASURE_WITH_UNIT (LENGTH_MEASURE( 1.000000000000000082E-05 ), #38, 'distance_accuracy_value', 'NONE');
#8544 = SURFACE_STYLE_FILL_AREA ( #8429 ) ;
#8545 = SURFACE_STYLE_USAGE ( .BOTH. , #7088 ) ;
#8546 =( GEOMETRIC_REPRESENTATION_CONTEXT ( 3 ) GLOBAL_UNCERTAINTY_ASSIGNED_CONTEXT ( ( #6624 ) ) GLOBAL_UNIT_ASSIGNED_CONTEXT ( ( #7920, #8634, #1521 ) ) REPRESENTATION_CONTEXT ( 'NONE', 'WORKASPACE' ) );
#8547 = CARTESIAN_POINT ( 'NONE',  ( 0.4164957789511533615, 7.000000000000000888, -2.784806355831972002 ) ) ;
#8548 = VERTEX_POINT ( 'NONE', #5373 ) ;
#8549 = ORIENTED_EDGE ( 'NONE', *, *, #3661, .T. ) ;
#8550 = CARTESIAN_POINT ( 'NONE',  ( -3.467879180194027633, 0.000000000000000000, 6.306542934606394368 ) ) ;
#8551 =( NAMED_UNIT ( * ) PLANE_ANGLE_UNIT ( ) SI_UNIT ( $, .RADIAN. ) );
#8552 = CIRCLE ( 'NONE', #1983, 0.1352311273310818629 ) ;
#8553 = SURFACE_SIDE_STYLE ('',( #4661 ) ) ;
#8554 = VERTEX_POINT ( 'NONE', #294 ) ;
#8555 = VECTOR ( 'NONE', #6804, 1000.000000000000000 ) ;
#8556 = DIRECTION ( 'NONE',  ( 0.000000000000000000, 1.000000000000000000, 0.000000000000000000 ) ) ;
#8557 = CARTESIAN_POINT ( 'NONE',  ( 0.000000000000000000, 4.400000000000000355, 0.000000000000000000 ) ) ;
#8558 =( GEOMETRIC_REPRESENTATION_CONTEXT ( 3 ) GLOBAL_UNCERTAINTY_ASSIGNED_CONTEXT ( ( #583 ) ) GLOBAL_UNIT_ASSIGNED_CONTEXT ( ( #3676, #8713, #5124 ) ) REPRESENTATION_CONTEXT ( 'NONE', 'WORKASPACE' ) );
#8559 = FILL_AREA_STYLE_COLOUR ( '', #7745 ) ;
#8560 = ORIENTED_EDGE ( 'NONE', *, *, #4739, .T. ) ;
#8561 = VECTOR ( 'NONE', #5657, 1000.000000000000227 ) ;
#8562 = EDGE_CURVE ( 'NONE', #9136, #2246, #7986, .T. ) ;
#8563 = ORIENTED_EDGE ( 'NONE', *, *, #1444, .T. ) ;
#8564 = ORIENTED_EDGE ( 'NONE', *, *, #4700, .F. ) ;
#8565 = PRESENTATION_STYLE_ASSIGNMENT (( #6444 ) ) ;
#8566 = ORIENTED_EDGE ( 'NONE', *, *, #7739, .T. ) ;
#8567 = MECHANICAL_DESIGN_GEOMETRIC_PRESENTATION_REPRESENTATION (  '', ( #3079 ), #8922 ) ;
#8568 = AXIS2_PLACEMENT_3D ( 'NONE', #9106, #8369, #7654 ) ;
#8569 = ORIENTED_EDGE ( 'NONE', *, *, #8326, .F. ) ;
#8570 =( NAMED_UNIT ( * ) PLANE_ANGLE_UNIT ( ) SI_UNIT ( $, .RADIAN. ) );
#8571 = ORIENTED_EDGE ( 'NONE', *, *, #4921, .T. ) ;
#8572 = SURFACE_SIDE_STYLE ('',( #263 ) ) ;
#8573 = ORIENTED_EDGE ( 'NONE', *, *, #4682, .T. ) ;
#8574 = SURFACE_STYLE_FILL_AREA ( #6020 ) ;
#8575 =( NAMED_UNIT ( * ) SI_UNIT ( $, .STERADIAN. ) SOLID_ANGLE_UNIT ( ) );
#8576 = DIRECTION ( 'NONE',  ( 0.000000000000000000, 1.000000000000000000, 0.000000000000000000 ) ) ;
#8577 = VERTEX_POINT ( 'NONE', #2459 ) ;
#8578 = CARTESIAN_POINT ( 'NONE',  ( 4.723888281928616983, 7.000000000000000888, -2.587794026416315507 ) ) ;
#8579 =( NAMED_UNIT ( * ) PLANE_ANGLE_UNIT ( ) SI_UNIT ( $, .RADIAN. ) );
#8580 =( GEOMETRIC_REPRESENTATION_CONTEXT ( 3 ) GLOBAL_UNCERTAINTY_ASSIGNED_CONTEXT ( ( #3750 ) ) GLOBAL_UNIT_ASSIGNED_CONTEXT ( ( #1349, #603, #568 ) ) REPRESENTATION_CONTEXT ( 'NONE', 'WORKASPACE' ) );
#8581 = CARTESIAN_POINT ( 'NONE',  ( 6.156542934606380690, 0.000000000000000000, -3.727686801329380462 ) ) ;
#8582 = CIRCLE ( 'NONE', #9050, 0.09999999999999999167 ) ;
#8583 = PRESENTATION_LAYER_ASSIGNMENT (  '', '', ( #7809 ) ) ;
#8584 = CARTESIAN_POINT ( 'NONE',  ( 6.306542934606381934, 0.000000000000000000, -3.467879180194048949 ) ) ;
#8585 = DIRECTION ( 'NONE',  ( 0.000000000000000000, 0.000000000000000000, -1.000000000000000000 ) ) ;
#8586 = ORIENTED_EDGE ( 'NONE', *, *, #4039, .T. ) ;
#8587 = EDGE_CURVE ( 'NONE', #7706, #7319, #8230, .T. ) ;
#8588 = UNCERTAINTY_MEASURE_WITH_UNIT (LENGTH_MEASURE( 1.000000000000000082E-05 ), #3228, 'distance_accuracy_value', 'NONE');
#8589 = FACE_OUTER_BOUND ( 'NONE', #6196, .T. ) ;
#8590 = MECHANICAL_DESIGN_GEOMETRIC_PRESENTATION_REPRESENTATION (  '', ( #7813 ), #9071 ) ;
#8591 = CARTESIAN_POINT ( 'NONE',  ( 2.582449919001661875, 7.000000000000000888, 4.304093053426401916 ) ) ;
#8592 =( GEOMETRIC_REPRESENTATION_CONTEXT ( 3 ) GLOBAL_UNCERTAINTY_ASSIGNED_CONTEXT ( ( #4947 ) ) GLOBAL_UNIT_ASSIGNED_CONTEXT ( ( #4639, #4612, #1055 ) ) REPRESENTATION_CONTEXT ( 'NONE', 'WORKASPACE' ) );
#8593 = DIRECTION ( 'NONE',  ( 0.000000000000000000, 1.000000000000000000, 0.000000000000000000 ) ) ;
#8594 = SURFACE_STYLE_USAGE ( .BOTH. , #7907 ) ;
#8595 = MECHANICAL_DESIGN_GEOMETRIC_PRESENTATION_REPRESENTATION (  '', ( #3585 ), #2188 ) ;
#8596 =( GEOMETRIC_REPRESENTATION_CONTEXT ( 3 ) GLOBAL_UNCERTAINTY_ASSIGNED_CONTEXT ( ( #8809 ) ) GLOBAL_UNIT_ASSIGNED_CONTEXT ( ( #2463, #267, #8089 ) ) REPRESENTATION_CONTEXT ( 'NONE', 'WORKASPACE' ) );
#8597 = ORIENTED_EDGE ( 'NONE', *, *, #4729, .T. ) ;
#8598 = DIRECTION ( 'NONE',  ( 0.000000000000000000, 1.000000000000000000, 0.000000000000000000 ) ) ;
#8599 = DIRECTION ( 'NONE',  ( -0.000000000000000000, -1.000000000000000000, -0.000000000000000000 ) ) ;
#8600 = FACE_OUTER_BOUND ( 'NONE', #3112, .T. ) ;
#8601 = FILL_AREA_STYLE_COLOUR ( '', #2761 ) ;
#8602 = DIRECTION ( 'NONE',  ( 0.000000000000000000, 0.000000000000000000, 1.000000000000000000 ) ) ;
#8603 =( NAMED_UNIT ( * ) PLANE_ANGLE_UNIT ( ) SI_UNIT ( $, .RADIAN. ) );
#8604 = FILL_AREA_STYLE_COLOUR ( '', #6909 ) ;
#8605 = VERTEX_POINT ( 'NONE', #8830 ) ;
#8606 = EDGE_CURVE ( 'NONE', #69, #1848, #2401, .T. ) ;
#8607 = CARTESIAN_POINT ( 'NONE',  ( -2.561679381948791967, 7.000000000000000888, 3.836521063224087147 ) ) ;
#8608 = SURFACE_STYLE_USAGE ( .BOTH. , #8468 ) ;
#8609 = SURFACE_STYLE_USAGE ( .BOTH. , #6432 ) ;
#8610 = SURFACE_SIDE_STYLE ('',( #4277 ) ) ;
#8611 = VERTEX_POINT ( 'NONE', #6033 ) ;
#8612 = FILL_AREA_STYLE ('',( #1958 ) ) ;
#8613 = CIRCLE ( 'NONE', #6050, 6.500000000000000000 ) ;
#8614 = FACE_OUTER_BOUND ( 'NONE', #4190, .T. ) ;
#8615 = FILL_AREA_STYLE_COLOUR ( '', #6552 ) ;
#8616 = AXIS2_PLACEMENT_3D ( 'NONE', #3235, #6126, #6867 ) ;
#8617 = VECTOR ( 'NONE', #5877, 1000.000000000000000 ) ;
#8618 = ORIENTED_EDGE ( 'NONE', *, *, #6736, .T. ) ;
#8619 =( GEOMETRIC_REPRESENTATION_CONTEXT ( 3 ) GLOBAL_UNCERTAINTY_ASSIGNED_CONTEXT ( ( #888 ) ) GLOBAL_UNIT_ASSIGNED_CONTEXT ( ( #695, #8603, #666 ) ) REPRESENTATION_CONTEXT ( 'NONE', 'WORKASPACE' ) );
#8620 = SURFACE_SIDE_STYLE ('',( #5949 ) ) ;
#8621 = CARTESIAN_POINT ( 'NONE',  ( 1.720804567049041278, 7.000000000000000888, -3.375547973270169866 ) ) ;
#8622 =( LENGTH_UNIT ( ) NAMED_UNIT ( * ) SI_UNIT ( .MILLI., .METRE. ) );
#8623 = LINE ( 'NONE', #6368, #4144 ) ;
#8624 =( NAMED_UNIT ( * ) SI_UNIT ( $, .STERADIAN. ) SOLID_ANGLE_UNIT ( ) );
#8625 = ORIENTED_EDGE ( 'NONE', *, *, #8198, .T. ) ;
#8626 = STYLED_ITEM ( 'NONE', ( #5750 ), #7647 ) ;
#8627 = CARTESIAN_POINT ( 'NONE',  ( 0.000000000000000000, 0.000000000000000000, 0.000000000000000000 ) ) ;
#8628 = SURFACE_STYLE_FILL_AREA ( #156 ) ;
#8629 = CARTESIAN_POINT ( 'NONE',  ( 6.359658438426486704, 4.400000000000000355, 3.267605322946879554 ) ) ;
#8630 = VECTOR ( 'NONE', #5270, 1000.000000000000000 ) ;
#8631 = DIRECTION ( 'NONE',  ( -1.000000000000000000, 0.000000000000000000, -4.336808689942013792E-16 ) ) ;
#8632 = UNCERTAINTY_MEASURE_WITH_UNIT (LENGTH_MEASURE( 1.000000000000000082E-05 ), #3539, 'distance_accuracy_value', 'NONE');
#8633 = VERTEX_POINT ( 'NONE', #3913 ) ;
#8634 =( NAMED_UNIT ( * ) PLANE_ANGLE_UNIT ( ) SI_UNIT ( $, .RADIAN. ) );
#8635 = LINE ( 'NONE', #7709, #5795 ) ;
#8636 = LINE ( 'NONE', #7563, #8428 ) ;
#8637 = EDGE_CURVE ( 'NONE', #4644, #2739, #4175, .T. ) ;
#8638 = FILL_AREA_STYLE_COLOUR ( '', #1723 ) ;
#8639 = ORIENTED_EDGE ( 'NONE', *, *, #720, .F. ) ;
#8640 = AXIS2_PLACEMENT_3D ( 'NONE', #8404, #4787, #5581 ) ;
#8641 = FILL_AREA_STYLE_COLOUR ( '', #7821 ) ;
#8642 = UNCERTAINTY_MEASURE_WITH_UNIT (LENGTH_MEASURE( 1.000000000000000082E-05 ), #5445, 'distance_accuracy_value', 'NONE');
#8643 = CYLINDRICAL_SURFACE ( 'NONE', #5764, 0.8491910749241246004 ) ;
#8644 = CARTESIAN_POINT ( 'NONE',  ( -6.156542934606380690, 0.000000000000000000, 3.827686801329380106 ) ) ;
#8645 = SURFACE_STYLE_FILL_AREA ( #2703 ) ;
#8646 = ORIENTED_EDGE ( 'NONE', *, *, #4820, .F. ) ;
#8647 = EDGE_LOOP ( 'NONE', ( #4121, #5051 ) ) ;
#8648 = DIRECTION ( 'NONE',  ( -0.000000000000000000, -1.000000000000000000, -0.000000000000000000 ) ) ;
#8649 = ORIENTED_EDGE ( 'NONE', *, *, #1078, .T. ) ;
#8650 = SURFACE_SIDE_STYLE ('',( #3023 ) ) ;
#8651 = CYLINDRICAL_SURFACE ( 'NONE', #4007, 7.295565981523417065 ) ;
#8652 = LINE ( 'NONE', #8344, #1507 ) ;
#8653 = AXIS2_PLACEMENT_3D ( 'NONE', #8581, #813, #2143 ) ;
#8654 = EDGE_CURVE ( 'NONE', #1731, #7549, #6065, .T. ) ;
#8655 = VECTOR ( 'NONE', #7351, 1000.000000000000000 ) ;
#8656 = DIRECTION ( 'NONE',  ( 0.000000000000000000, 1.000000000000000000, 0.000000000000000000 ) ) ;
#8657 = ORIENTED_EDGE ( 'NONE', *, *, #5908, .F. ) ;
#8658 = CARTESIAN_POINT ( 'NONE',  ( 4.428517473209517163, 7.000000000000000888, -3.916962665652260256 ) ) ;
#8659 = PRESENTATION_STYLE_ASSIGNMENT (( #2322 ) ) ;
#8660 = DIRECTION ( 'NONE',  ( 0.000000000000000000, 1.000000000000000000, 0.000000000000000000 ) ) ;
#8661 = ORIENTED_EDGE ( 'NONE', *, *, #5885, .F. ) ;
#8662 = VERTEX_POINT ( 'NONE', #4595 ) ;
#8663 = SURFACE_STYLE_FILL_AREA ( #7547 ) ;
#8664 = DIRECTION ( 'NONE',  ( 0.5000000000000009992, -0.000000000000000000, -0.8660254037844380415 ) ) ;
#8665 = VERTEX_POINT ( 'NONE', #6781 ) ;
#8666 = CARTESIAN_POINT ( 'NONE',  ( 3.267605322946857349, 4.400000000000000355, -6.359658438426499139 ) ) ;
#8667 = CYLINDRICAL_SURFACE ( 'NONE', #8173, 0.09999999999999982514 ) ;
#8668 = FACE_OUTER_BOUND ( 'NONE', #5730, .T. ) ;
#8669 = DIRECTION ( 'NONE',  ( -0.000000000000000000, -1.000000000000000000, -0.000000000000000000 ) ) ;
#8670 = EDGE_LOOP ( 'NONE', ( #9110, #8199, #985, #4302 ) ) ;
#8671 = AXIS2_PLACEMENT_3D ( 'NONE', #5797, #177, #1872 ) ;
#8672 =( NAMED_UNIT ( * ) SI_UNIT ( $, .STERADIAN. ) SOLID_ANGLE_UNIT ( ) );
#8673 = ORIENTED_EDGE ( 'NONE', *, *, #937, .F. ) ;
#8674 = EDGE_CURVE ( 'NONE', #6837, #8688, #6511, .T. ) ;
#8675 = VERTEX_POINT ( 'NONE', #2520 ) ;
#8676 = SURFACE_STYLE_FILL_AREA ( #4457 ) ;
#8677 = VECTOR ( 'NONE', #151, 1000.000000000000000 ) ;
#8678 = ORIENTED_EDGE ( 'NONE', *, *, #5793, .F. ) ;
#8679 = FILL_AREA_STYLE_COLOUR ( '', #8943 ) ;
#8680 = FACE_OUTER_BOUND ( 'NONE', #6653, .T. ) ;
#8681 = DIRECTION ( 'NONE',  ( 0.000000000000000000, 0.000000000000000000, 1.000000000000000000 ) ) ;
#8682 = SURFACE_SIDE_STYLE ('',( #6100 ) ) ;
#8683 = DIRECTION ( 'NONE',  ( 0.000000000000000000, 0.000000000000000000, 1.000000000000000000 ) ) ;
#8684 = DIRECTION ( 'NONE',  ( -0.000000000000000000, -1.000000000000000000, -0.000000000000000000 ) ) ;
#8685 = CARTESIAN_POINT ( 'NONE',  ( 5.976639124038715778, 0.000000000000000000, 3.739289341707823677 ) ) ;
#8686 = ORIENTED_EDGE ( 'NONE', *, *, #4791, .T. ) ;
#8687 = AXIS2_PLACEMENT_3D ( 'NONE', #2519, #5436, #1190 ) ;
#8688 = VERTEX_POINT ( 'NONE', #3946 ) ;
#8689 = AXIS2_PLACEMENT_3D ( 'NONE', #5418, #5299, #6763 ) ;
#8690 = PLANE ( 'NONE',  #395 ) ;
#8691 = DIRECTION ( 'NONE',  ( 0.000000000000000000, 0.000000000000000000, 1.000000000000000000 ) ) ;
#8692 = EDGE_CURVE ( 'NONE', #4115, #5059, #5286, .T. ) ;
#8693 = FACE_OUTER_BOUND ( 'NONE', #76, .T. ) ;
#8694 = CARTESIAN_POINT ( 'NONE',  ( 0.000000000000000000, -2.049999999999999822, 4.764999999999999680 ) ) ;
#8695 =( NAMED_UNIT ( * ) PLANE_ANGLE_UNIT ( ) SI_UNIT ( $, .RADIAN. ) );
#8696 = CYLINDRICAL_SURFACE ( 'NONE', #5341, 7.049999999999999822 ) ;
#8697 = CARTESIAN_POINT ( 'NONE',  ( 1.585573439717987920, 7.000000000000000888, -3.375547973270170310 ) ) ;
#8698 = EDGE_CURVE ( 'NONE', #7628, #5703, #2726, .T. ) ;
#8699 = ORIENTED_EDGE ( 'NONE', *, *, #511, .T. ) ;
#8700 = DIRECTION ( 'NONE',  ( 0.000000000000000000, 0.000000000000000000, 1.000000000000000000 ) ) ;
#8701 = DIRECTION ( 'NONE',  ( -0.000000000000000000, -1.000000000000000000, -0.000000000000000000 ) ) ;
#8702 = MECHANICAL_DESIGN_GEOMETRIC_PRESENTATION_REPRESENTATION (  '', ( #2171 ), #2645 ) ;
#8703 = AXIS2_PLACEMENT_3D ( 'NONE', #4774, #7650, #3340 ) ;
#8704 = CARTESIAN_POINT ( 'NONE',  ( 0.000000000000000000, 6.950000000000000178, 0.000000000000000000 ) ) ;
#8705 = DIRECTION ( 'NONE',  ( 0.8660254037844397068, 0.000000000000000000, -0.4999999999999979461 ) ) ;
#8706 = UNCERTAINTY_MEASURE_WITH_UNIT (LENGTH_MEASURE( 1.000000000000000082E-05 ), #1760, 'distance_accuracy_value', 'NONE');
#8707 = ORIENTED_EDGE ( 'NONE', *, *, #8822, .T. ) ;
#8708 = CARTESIAN_POINT ( 'NONE',  ( 6.009658438426486171, 4.400000000000000355, 3.773823105595984995 ) ) ;
#8709 = LINE ( 'NONE', #1780, #6349 ) ;
#8710 = PRESENTATION_STYLE_ASSIGNMENT (( #5191 ) ) ;
#8711 = SURFACE_STYLE_USAGE ( .BOTH. , #4322 ) ;
#8712 = CARTESIAN_POINT ( 'NONE',  ( 2.730135323361210897, 7.000000000000000888, 4.304093053426401916 ) ) ;
#8713 =( NAMED_UNIT ( * ) PLANE_ANGLE_UNIT ( ) SI_UNIT ( $, .RADIAN. ) );
#8714 = EDGE_CURVE ( 'NONE', #5633, #5303, #408, .T. ) ;
#8715 = ORIENTED_EDGE ( 'NONE', *, *, #7514, .T. ) ;
#8716 = CIRCLE ( 'NONE', #6133, 7.049999999999999822 ) ;
#8717 = MECHANICAL_DESIGN_GEOMETRIC_PRESENTATION_REPRESENTATION (  '', ( #5029 ), #2770 ) ;
#8718 = ADVANCED_FACE ( 'NONE', ( #6188 ), #3209, .F. ) ;
#8719 = VECTOR ( 'NONE', #8843, 1000.000000000000000 ) ;
#8720 = STYLED_ITEM ( 'NONE', ( #5655 ), #4057 ) ;
#8721 = EDGE_CURVE ( 'NONE', #8387, #5893, #1952, .T. ) ;
#8722 = DIRECTION ( 'NONE',  ( 0.8660254037844397068, -0.000000000000000000, -0.4999999999999979461 ) ) ;
#8723 = PRESENTATION_STYLE_ASSIGNMENT (( #5886 ) ) ;
#8724 = VERTEX_POINT ( 'NONE', #3331 ) ;
#8725 = CARTESIAN_POINT ( 'NONE',  ( -4.445012361338021023, 7.000000000000000888, -2.723013615809640964 ) ) ;
#8726 = FILL_AREA_STYLE ('',( #8601 ) ) ;
#8727 = FILL_AREA_STYLE ('',( #6556 ) ) ;
#8728 = AXIS2_PLACEMENT_3D ( 'NONE', #8629, #1235, #2865 ) ;
#8729 = COLOUR_RGB ( '',0.2509803921568627416, 0.2509803921568627416, 0.2509803921568627416 ) ;
#8730 = VERTEX_POINT ( 'NONE', #9059 ) ;
#8731 = EDGE_CURVE ( 'NONE', #1438, #897, #9118, .T. ) ;
#8732 =( LENGTH_UNIT ( ) NAMED_UNIT ( * ) SI_UNIT ( .MILLI., .METRE. ) );
#8733 =( NAMED_UNIT ( * ) PLANE_ANGLE_UNIT ( ) SI_UNIT ( $, .RADIAN. ) );
#8734 = VERTEX_POINT ( 'NONE', #8411 ) ;
#8735 =( NAMED_UNIT ( * ) SI_UNIT ( $, .STERADIAN. ) SOLID_ANGLE_UNIT ( ) );
#8736 =( GEOMETRIC_REPRESENTATION_CONTEXT ( 3 ) GLOBAL_UNCERTAINTY_ASSIGNED_CONTEXT ( ( #5184 ) ) GLOBAL_UNIT_ASSIGNED_CONTEXT ( ( #6247, #7757, #1984 ) ) REPRESENTATION_CONTEXT ( 'NONE', 'WORKASPACE' ) );
#8737 = PRESENTATION_STYLE_ASSIGNMENT (( #8489 ) ) ;
#8738 = DIRECTION ( 'NONE',  ( 0.000000000000000000, 1.000000000000000000, 0.000000000000000000 ) ) ;
#8739 = SURFACE_STYLE_USAGE ( .BOTH. , #1684 ) ;
#8740 = MECHANICAL_DESIGN_GEOMETRIC_PRESENTATION_REPRESENTATION (  '', ( #1214 ), #1565 ) ;
#8741 = DIRECTION ( 'NONE',  ( 0.8660254037844400399, 0.000000000000000000, -0.4999999999999976130 ) ) ;
#8742 = DIRECTION ( 'NONE',  ( -0.000000000000000000, -1.000000000000000000, -0.000000000000000000 ) ) ;
#8743 = CARTESIAN_POINT ( 'NONE',  ( -3.517879180194027455, 4.400000000000000355, 6.393145474984837762 ) ) ;
#8744 = SURFACE_STYLE_USAGE ( .BOTH. , #7961 ) ;
#8745 = CARTESIAN_POINT ( 'NONE',  ( 7.141428428542850426, 0.000000000000000000, -0.2500000000000000000 ) ) ;
#8746 = EDGE_CURVE ( 'NONE', #2510, #9217, #7417, .T. ) ;
#8747 = AXIS2_PLACEMENT_3D ( 'NONE', #6271, #1974, #6210 ) ;
#8748 = SURFACE_STYLE_FILL_AREA ( #8211 ) ;
#8749 = UNCERTAINTY_MEASURE_WITH_UNIT (LENGTH_MEASURE( 1.000000000000000082E-05 ), #4437, 'distance_accuracy_value', 'NONE');
#8750 = STYLED_ITEM ( 'NONE', ( #7866 ), #2650 ) ;
#8751 = SURFACE_STYLE_USAGE ( .BOTH. , #1609 ) ;
#8752 = CARTESIAN_POINT ( 'NONE',  ( -6.156542934606380690, 0.000000000000000000, -3.727686801329380462 ) ) ;
#8753 = ADVANCED_FACE ( 'NONE', ( #3595 ), #7676, .F. ) ;
#8754 = ORIENTED_EDGE ( 'NONE', *, *, #930, .F. ) ;
#8755 = PRESENTATION_STYLE_ASSIGNMENT (( #6702 ) ) ;
#8756 = CARTESIAN_POINT ( 'NONE',  ( -3.431276639815582730, 4.400000000000000355, -6.443145474984837584 ) ) ;
#8757 = FILL_AREA_STYLE ('',( #3804 ) ) ;
#8758 = ORIENTED_EDGE ( 'NONE', *, *, #754, .T. ) ;
#8759 = PRESENTATION_LAYER_ASSIGNMENT (  '', '', ( #7813 ) ) ;
#8760 = SURFACE_STYLE_USAGE ( .BOTH. , #5115 ) ;
#8761 = AXIS2_PLACEMENT_3D ( 'NONE', #4852, #9211, #3491 ) ;
#8762 = MECHANICAL_DESIGN_GEOMETRIC_PRESENTATION_REPRESENTATION (  '', ( #3471 ), #3971 ) ;
#8763 =( LENGTH_UNIT ( ) NAMED_UNIT ( * ) SI_UNIT ( .MILLI., .METRE. ) );
#8764 = VERTEX_POINT ( 'NONE', #541 ) ;
#8765 = CARTESIAN_POINT ( 'NONE',  ( 3.444095270954282473, 7.000000000000000888, 4.304093053426401916 ) ) ;
#8766 = VERTEX_POINT ( 'NONE', #5494 ) ;
#8767 = DIRECTION ( 'NONE',  ( -0.000000000000000000, -1.000000000000000000, -0.000000000000000000 ) ) ;
#8768 = DIRECTION ( 'NONE',  ( 0.000000000000000000, -0.000000000000000000, -1.000000000000000000 ) ) ;
#8769 = ORIENTED_EDGE ( 'NONE', *, *, #5119, .F. ) ;
#8770 = CIRCLE ( 'NONE', #3933, 7.195565981523416532 ) ;
#8771 = COLOUR_RGB ( '',0.2509803921568627416, 0.2509803921568627416, 0.2509803921568627416 ) ;
#8772 = VERTEX_POINT ( 'NONE', #5533 ) ;
#8773 = VERTEX_POINT ( 'NONE', #1284 ) ;
#8774 = CARTESIAN_POINT ( 'NONE',  ( -4.445012361338021023, 7.000000000000000888, -2.587782488400166780 ) ) ;
#8775 = DIRECTION ( 'NONE',  ( 0.000000000000000000, 0.000000000000000000, 1.000000000000000000 ) ) ;
#8776 = PRESENTATION_LAYER_ASSIGNMENT (  '', '', ( #7460 ) ) ;
#8777 = ORIENTED_EDGE ( 'NONE', *, *, #8207, .T. ) ;
#8778 = EDGE_CURVE ( 'NONE', #6369, #5527, #7299, .T. ) ;
#8779 = LINE ( 'NONE', #136, #6855 ) ;
#8780 = DIRECTION ( 'NONE',  ( -1.000000000000000000, 0.000000000000000000, -0.000000000000000000 ) ) ;
#8781 = DIRECTION ( 'NONE',  ( -0.9973262097036347251, 0.000000000000000000, -0.07307825557702921082 ) ) ;
#8782 = ORIENTED_EDGE ( 'NONE', *, *, #7973, .T. ) ;
#8783 =( NAMED_UNIT ( * ) PLANE_ANGLE_UNIT ( ) SI_UNIT ( $, .RADIAN. ) );
#8784 = ORIENTED_EDGE ( 'NONE', *, *, #937, .T. ) ;
#8785 = ORIENTED_EDGE ( 'NONE', *, *, #6731, .T. ) ;
#8786 = PLANE ( 'NONE',  #5389 ) ;
#8787 = COLOUR_RGB ( '',0.2509803921568627416, 0.2509803921568627416, 0.2509803921568627416 ) ;
#8788 = AXIS2_PLACEMENT_3D ( 'NONE', #2911, #7851, #7100 ) ;
#8789 = PLANE ( 'NONE',  #708 ) ;
#8790 = ORIENTED_EDGE ( 'NONE', *, *, #2568, .T. ) ;
#8791 = EDGE_CURVE ( 'NONE', #5703, #7628, #2391, .T. ) ;
#8792 = CARTESIAN_POINT ( 'NONE',  ( -1.577144850704425894, 6.950000000000000178, 3.319669296602402842 ) ) ;
#8793 = DIRECTION ( 'NONE',  ( 0.000000000000000000, 1.000000000000000000, 0.000000000000000000 ) ) ;
#8794 = VECTOR ( 'NONE', #6371, 1000.000000000000000 ) ;
#8795 = SURFACE_STYLE_FILL_AREA ( #962 ) ;
#8796 =( LENGTH_UNIT ( ) NAMED_UNIT ( * ) SI_UNIT ( .MILLI., .METRE. ) );
#8797 = AXIS2_PLACEMENT_3D ( 'NONE', #5685, #7174, #3557 ) ;
#8798 =( LENGTH_UNIT ( ) NAMED_UNIT ( * ) SI_UNIT ( .MILLI., .METRE. ) );
#8799 = CARTESIAN_POINT ( 'NONE',  ( 6.629903845456583511, 4.400000000000001243, -2.000000000000000000 ) ) ;
#8800 = ADVANCED_FACE ( 'NONE', ( #5933 ), #3983, .T. ) ;
#8801 = VERTEX_POINT ( 'NONE', #1154 ) ;
#8802 = UNCERTAINTY_MEASURE_WITH_UNIT (LENGTH_MEASURE( 1.000000000000000082E-05 ), #7966, 'distance_accuracy_value', 'NONE');
#8803 = MECHANICAL_DESIGN_GEOMETRIC_PRESENTATION_REPRESENTATION (  '', ( #1401 ), #1103 ) ;
#8804 = COLOUR_RGB ( '',0.9098039215686274384, 0.4431372549019607643, 0.03137254901960784270 ) ;
#8805 = DIRECTION ( 'NONE',  ( 4.336808689942013299E-16, 0.000000000000000000, -1.000000000000000000 ) ) ;
#8806 = CIRCLE ( 'NONE', #2662, 0.8491910749241532441 ) ;
#8807 = DIRECTION ( 'NONE',  ( 0.000000000000000000, 0.000000000000000000, 1.000000000000000000 ) ) ;
#8808 =( LENGTH_UNIT ( ) NAMED_UNIT ( * ) SI_UNIT ( .MILLI., .METRE. ) );
#8809 = UNCERTAINTY_MEASURE_WITH_UNIT (LENGTH_MEASURE( 1.000000000000000082E-05 ), #2463, 'distance_accuracy_value', 'NONE');
#8810 = DIRECTION ( 'NONE',  ( 0.000000000000000000, 0.000000000000000000, 1.000000000000000000 ) ) ;
#8811 = ORIENTED_EDGE ( 'NONE', *, *, #7756, .T. ) ;
#8812 = CARTESIAN_POINT ( 'NONE',  ( 5.648895599688001035, 7.000000000000000888, -3.215583695664837371 ) ) ;
#8813 = DIRECTION ( 'NONE',  ( 0.000000000000000000, 0.000000000000000000, 1.000000000000000000 ) ) ;
#8814 = VECTOR ( 'NONE', #3513, 1000.000000000000000 ) ;
#8815 = PRESENTATION_LAYER_ASSIGNMENT (  '', '', ( #4142 ) ) ;
#8816 = DIRECTION ( 'NONE',  ( 0.000000000000000000, 0.000000000000000000, 1.000000000000000000 ) ) ;
#8817 =( LENGTH_UNIT ( ) NAMED_UNIT ( * ) SI_UNIT ( .MILLI., .METRE. ) );
#8818 = STYLED_ITEM ( 'NONE', ( #7388 ), #3193 ) ;
#8819 =( NAMED_UNIT ( * ) SI_UNIT ( $, .STERADIAN. ) SOLID_ANGLE_UNIT ( ) );
#8820 = FILL_AREA_STYLE_COLOUR ( '', #1923 ) ;
#8821 = ORIENTED_EDGE ( 'NONE', *, *, #8307, .T. ) ;
#8822 = EDGE_CURVE ( 'NONE', #5959, #4614, #4730, .T. ) ;
#8823 = DIRECTION ( 'NONE',  ( 0.000000000000000000, 0.000000000000000000, 1.000000000000000000 ) ) ;
#8824 = ORIENTED_EDGE ( 'NONE', *, *, #4633, .F. ) ;
#8825 = CARTESIAN_POINT ( 'NONE',  ( -3.739289341707803249, 0.000000000000000000, -5.976639124038729101 ) ) ;
#8826 = ADVANCED_FACE ( 'NONE', ( #3255 ), #1399, .F. ) ;
#8827 = DIRECTION ( 'NONE',  ( -0.000000000000000000, -1.000000000000000000, -0.000000000000000000 ) ) ;
#8828 = CARTESIAN_POINT ( 'NONE',  ( -3.267605322946856461, 4.400000000000000355, 6.359658438426497362 ) ) ;
#8829 = FACE_OUTER_BOUND ( 'NONE', #2919, .T. ) ;
#8830 = CARTESIAN_POINT ( 'NONE',  ( 1.720804567049041278, 6.950000000000000178, -3.375547973270169866 ) ) ;
#8831 = ORIENTED_EDGE ( 'NONE', *, *, #4603, .F. ) ;
#8832 = MECHANICAL_DESIGN_GEOMETRIC_PRESENTATION_REPRESENTATION (  '', ( #3053 ), #2992 ) ;
#8833 = CIRCLE ( 'NONE', #4147, 0.1600909783257406238 ) ;
#8834 = PRESENTATION_LAYER_ASSIGNMENT (  '', '', ( #8382 ) ) ;
#8835 = SURFACE_STYLE_FILL_AREA ( #7428 ) ;
#8836 = DIRECTION ( 'NONE',  ( -0.5000000000000009992, 0.000000000000000000, -0.8660254037844380415 ) ) ;
#8837 =( LENGTH_UNIT ( ) NAMED_UNIT ( * ) SI_UNIT ( .MILLI., .METRE. ) );
#8838 = LINE ( 'NONE', #938, #4601 ) ;
#8839 = SURFACE_SIDE_STYLE ('',( #4769 ) ) ;
#8840 = ORIENTED_EDGE ( 'NONE', *, *, #1538, .F. ) ;
#8841 = CARTESIAN_POINT ( 'NONE',  ( -0.2974641686419179365, 7.000000000000000888, 2.743934908718901777 ) ) ;
#8842 = DIRECTION ( 'NONE',  ( -0.000000000000000000, -1.000000000000000000, -0.000000000000000000 ) ) ;
#8843 = DIRECTION ( 'NONE',  ( -0.000000000000000000, -1.000000000000000000, -0.000000000000000000 ) ) ;
#8844 =( GEOMETRIC_REPRESENTATION_CONTEXT ( 3 ) GLOBAL_UNCERTAINTY_ASSIGNED_CONTEXT ( ( #2882 ) ) GLOBAL_UNIT_ASSIGNED_CONTEXT ( ( #839, #1580, #7276 ) ) REPRESENTATION_CONTEXT ( 'NONE', 'WORKASPACE' ) );
#8845 = DIRECTION ( 'NONE',  ( 0.5000000000000009992, -0.000000000000000000, -0.8660254037844380415 ) ) ;
#8846 = ADVANCED_FACE ( 'NONE', ( #8998 ), #6835, .F. ) ;
#8847 = DIRECTION ( 'NONE',  ( 0.000000000000000000, 0.000000000000000000, 1.000000000000000000 ) ) ;
#8848 = CYLINDRICAL_SURFACE ( 'NONE', #1260, 0.09999999999999982514 ) ;
#8849 = ORIENTED_EDGE ( 'NONE', *, *, #4037, .T. ) ;
#8850 = DIRECTION ( 'NONE',  ( 0.8660254037844397068, -0.000000000000000000, -0.4999999999999979461 ) ) ;
#8851 = EDGE_CURVE ( 'NONE', #3216, #7617, #1287, .T. ) ;
#8852 = CARTESIAN_POINT ( 'NONE',  ( 3.221904549199348544, 4.400000000000000355, 6.270712166560393541 ) ) ;
#8853 = FILL_AREA_STYLE ('',( #323 ) ) ;
#8854 = AXIS2_PLACEMENT_3D ( 'NONE', #7816, #7713, #2154 ) ;
#8855 = VERTEX_POINT ( 'NONE', #2805 ) ;
#8856 = CARTESIAN_POINT ( 'NONE',  ( 4.723888281928616983, 7.000000000000000888, -2.587794026416315507 ) ) ;
#8857 = PLANE ( 'NONE',  #3314 ) ;
#8858 = DIRECTION ( 'NONE',  ( 0.000000000000000000, 0.000000000000000000, -1.000000000000000000 ) ) ;
#8859 = STYLED_ITEM ( 'NONE', ( #6968 ), #6989 ) ;
#8860 = SURFACE_STYLE_FILL_AREA ( #7970 ) ;
#8861 = CARTESIAN_POINT ( 'NONE',  ( 6.359658438426485816, 0.000000000000000000, -3.267605322946878221 ) ) ;
#8862 = STYLED_ITEM ( 'NONE', ( #2585 ), #207 ) ;
#8863 = FACE_OUTER_BOUND ( 'NONE', #2070, .T. ) ;
#8864 = VERTEX_POINT ( 'NONE', #5589 ) ;
#8865 = EDGE_CURVE ( 'NONE', #5818, #6436, #4061, .T. ) ;
#8866 = UNCERTAINTY_MEASURE_WITH_UNIT (LENGTH_MEASURE( 1.000000000000000082E-05 ), #4681, 'distance_accuracy_value', 'NONE');
#8867 = DIRECTION ( 'NONE',  ( -0.000000000000000000, 1.000000000000000000, -0.000000000000000000 ) ) ;
#8868 =( NAMED_UNIT ( * ) SI_UNIT ( $, .STERADIAN. ) SOLID_ANGLE_UNIT ( ) );
#8869 = LINE ( 'NONE', #6124, #1498 ) ;
#8870 = SURFACE_STYLE_USAGE ( .BOTH. , #8839 ) ;
#8871 = EDGE_CURVE ( 'NONE', #6198, #5608, #8218, .T. ) ;
#8872 =( GEOMETRIC_REPRESENTATION_CONTEXT ( 3 ) GLOBAL_UNCERTAINTY_ASSIGNED_CONTEXT ( ( #2161 ) ) GLOBAL_UNIT_ASSIGNED_CONTEXT ( ( #7380, #3808, #3710 ) ) REPRESENTATION_CONTEXT ( 'NONE', 'WORKASPACE' ) );
#8873 = CARTESIAN_POINT ( 'NONE',  ( 3.306276639815583618, 0.000000000000000000, 6.226639124038727324 ) ) ;
#8874 = ORIENTED_EDGE ( 'NONE', *, *, #9189, .T. ) ;
#8875 = CIRCLE ( 'NONE', #3055, 0.09999999999999999167 ) ;
#8876 = SURFACE_SIDE_STYLE ('',( #8835 ) ) ;
#8877 = AXIS2_PLACEMENT_3D ( 'NONE', #4031, #4695, #6860 ) ;
#8878 = VERTEX_POINT ( 'NONE', #9156 ) ;
#8879 = DIRECTION ( 'NONE',  ( 0.000000000000000000, 0.000000000000000000, 1.000000000000000000 ) ) ;
#8880 = ORIENTED_EDGE ( 'NONE', *, *, #1538, .T. ) ;
#8881 = PRESENTATION_LAYER_ASSIGNMENT (  '', '', ( #8245 ) ) ;
#8882 = SURFACE_STYLE_FILL_AREA ( #3391 ) ;
#8883 = DIRECTION ( 'NONE',  ( 0.000000000000000000, 1.000000000000000000, 0.000000000000000000 ) ) ;
#8884 = CARTESIAN_POINT ( 'NONE',  ( 7.041548310661132071, 4.400000000000000355, -0.3451048951048951152 ) ) ;
#8885 = CARTESIAN_POINT ( 'NONE',  ( 4.576202877569066629, 7.000000000000000888, 2.531868201111808769 ) ) ;
#8886 = ORIENTED_EDGE ( 'NONE', *, *, #8110, .F. ) ;
#8887 = EDGE_CURVE ( 'NONE', #6468, #4203, #3485, .T. ) ;
#8888 = CARTESIAN_POINT ( 'NONE',  ( 3.467879180194027633, 0.000000000000000000, 6.406542934606394013 ) ) ;
#8889 = ORIENTED_EDGE ( 'NONE', *, *, #2066, .F. ) ;
#8890 =( GEOMETRIC_REPRESENTATION_CONTEXT ( 3 ) GLOBAL_UNCERTAINTY_ASSIGNED_CONTEXT ( ( #406 ) ) GLOBAL_UNIT_ASSIGNED_CONTEXT ( ( #2916, #3572, #846 ) ) REPRESENTATION_CONTEXT ( 'NONE', 'WORKASPACE' ) );
#8891 = SURFACE_STYLE_USAGE ( .BOTH. , #3327 ) ;
#8892 = EDGE_LOOP ( 'NONE', ( #2314, #6062, #4602, #4019 ) ) ;
#8893 = PRESENTATION_STYLE_ASSIGNMENT (( #3982 ) ) ;
#8894 = SURFACE_SIDE_STYLE ('',( #4696 ) ) ;
#8895 = CARTESIAN_POINT ( 'NONE',  ( 3.819643761461755105, 0.000000000000000000, 5.925607271455500147 ) ) ;
#8896 = EDGE_CURVE ( 'NONE', #7569, #8255, #4948, .T. ) ;
#8897 = SURFACE_SIDE_STYLE ('',( #6348 ) ) ;
#8898 = DIRECTION ( 'NONE',  ( 0.000000000000000000, 0.000000000000000000, 1.000000000000000000 ) ) ;
#8899 = MECHANICAL_DESIGN_GEOMETRIC_PRESENTATION_REPRESENTATION (  '', ( #7630 ), #8596 ) ;
#8900 = DIRECTION ( 'NONE',  ( 0.000000000000000000, 0.000000000000000000, 1.000000000000000000 ) ) ;
#8901 = MECHANICAL_DESIGN_GEOMETRIC_PRESENTATION_REPRESENTATION (  '', ( #7933 ), #7580 ) ;
#8902 = ORIENTED_EDGE ( 'NONE', *, *, #7878, .T. ) ;
#8903 = ADVANCED_FACE ( 'NONE', ( #2608 ), #5275, .F. ) ;
#8904 = VERTEX_POINT ( 'NONE', #1321 ) ;
#8905 = CYLINDRICAL_SURFACE ( 'NONE', #668, 0.09999999999999982514 ) ;
#8906 = CIRCLE ( 'NONE', #6500, 0.1352311273310532469 ) ;
#8907 = EDGE_LOOP ( 'NONE', ( #3614, #3376, #1303, #7591 ) ) ;
#8908 =( NAMED_UNIT ( * ) SI_UNIT ( $, .STERADIAN. ) SOLID_ANGLE_UNIT ( ) );
#8909 = COLOUR_RGB ( '',0.9098039215686274384, 0.4431372549019607643, 0.03137254901960784270 ) ;
#8910 = EDGE_LOOP ( 'NONE', ( #9041, #2345, #3269, #4651 ) ) ;
#8911 = STYLED_ITEM ( 'NONE', ( #8058 ), #5130 ) ;
#8912 = STYLED_ITEM ( 'NONE', ( #892 ), #1643 ) ;
#8913 = EDGE_CURVE ( 'NONE', #2904, #5082, #7870, .T. ) ;
#8914 = ORIENTED_EDGE ( 'NONE', *, *, #1827, .F. ) ;
#8915 = DIRECTION ( 'NONE',  ( -0.000000000000000000, -1.000000000000000000, -0.000000000000000000 ) ) ;
#8916 = COLOUR_RGB ( '',0.2509803921568627416, 0.2509803921568627416, 0.2509803921568627416 ) ;
#8917 = SURFACE_STYLE_FILL_AREA ( #8467 ) ;
#8918 = SURFACE_STYLE_USAGE ( .BOTH. , #1732 ) ;
#8919 = DIRECTION ( 'NONE',  ( 0.000000000000000000, 0.000000000000000000, -1.000000000000000000 ) ) ;
#8920 =( NAMED_UNIT ( * ) PLANE_ANGLE_UNIT ( ) SI_UNIT ( $, .RADIAN. ) );
#8921 = SURFACE_SIDE_STYLE ('',( #2038 ) ) ;
#8922 =( GEOMETRIC_REPRESENTATION_CONTEXT ( 3 ) GLOBAL_UNCERTAINTY_ASSIGNED_CONTEXT ( ( #5590 ) ) GLOBAL_UNIT_ASSIGNED_CONTEXT ( ( #3686, #4433, #901 ) ) REPRESENTATION_CONTEXT ( 'NONE', 'WORKASPACE' ) );
#8923 = VECTOR ( 'NONE', #5742, 1000.000000000000000 ) ;
#8924 = FACE_OUTER_BOUND ( 'NONE', #4052, .T. ) ;
#8925 = AXIS2_PLACEMENT_3D ( 'NONE', #1517, #5079, #6483 ) ;
#8926 = DIRECTION ( 'NONE',  ( 0.000000000000000000, 1.000000000000000000, 0.000000000000000000 ) ) ;
#8927 = VERTEX_POINT ( 'NONE', #5613 ) ;
#8928 = UNCERTAINTY_MEASURE_WITH_UNIT (LENGTH_MEASURE( 1.000000000000000082E-05 ), #6609, 'distance_accuracy_value', 'NONE');
#8929 = CARTESIAN_POINT ( 'NONE',  ( 5.464635013455913182, 7.000000000000000888, 3.519625572374381228 ) ) ;
#8930 = FILL_AREA_STYLE ('',( #8185 ) ) ;
#8931 = ORIENTED_EDGE ( 'NONE', *, *, #6307, .T. ) ;
#8932 = SURFACE_STYLE_USAGE ( .BOTH. , #5249 ) ;
#8933 = SURFACE_STYLE_FILL_AREA ( #3809 ) ;
#8934 = CIRCLE ( 'NONE', #6512, 6.924999999999999822 ) ;
#8935 = VECTOR ( 'NONE', #1449, 1000.000000000000000 ) ;
#8936 = AXIS2_PLACEMENT_3D ( 'NONE', #5033, #8648, #141 ) ;
#8937 =( GEOMETRIC_REPRESENTATION_CONTEXT ( 3 ) GLOBAL_UNCERTAINTY_ASSIGNED_CONTEXT ( ( #4799 ) ) GLOBAL_UNIT_ASSIGNED_CONTEXT ( ( #5649, #675, #704 ) ) REPRESENTATION_CONTEXT ( 'NONE', 'WORKASPACE' ) );
#8938 = UNCERTAINTY_MEASURE_WITH_UNIT (LENGTH_MEASURE( 1.000000000000000082E-05 ), #1252, 'distance_accuracy_value', 'NONE');
#8939 = EDGE_LOOP ( 'NONE', ( #2833, #8560, #7519, #1065 ) ) ;
#8940 = CARTESIAN_POINT ( 'NONE',  ( 7.041548310661132959, 4.400000000000000355, 0.3451048951048951152 ) ) ;
#8941 = PRESENTATION_STYLE_ASSIGNMENT (( #1701 ) ) ;
#8942 = CARTESIAN_POINT ( 'NONE',  ( -6.009658438426487059, 4.400000000000000355, -3.873823105595984639 ) ) ;
#8943 = COLOUR_RGB ( '',0.2509803921568627416, 0.2509803921568627416, 0.2509803921568627416 ) ;
#8944 =( GEOMETRIC_REPRESENTATION_CONTEXT ( 3 ) GLOBAL_UNCERTAINTY_ASSIGNED_CONTEXT ( ( #8642 ) ) GLOBAL_UNIT_ASSIGNED_CONTEXT ( ( #5445, #4773, #398 ) ) REPRESENTATION_CONTEXT ( 'NONE', 'WORKASPACE' ) );
#8945 = VERTEX_POINT ( 'NONE', #1353 ) ;
#8946 = DIRECTION ( 'NONE',  ( -0.000000000000000000, -1.000000000000000000, -0.000000000000000000 ) ) ;
#8947 = SURFACE_SIDE_STYLE ('',( #8574 ) ) ;
#8948 = EDGE_CURVE ( 'NONE', #3043, #6837, #8093, .T. ) ;
#8949 = VECTOR ( 'NONE', #5554, 1000.000000000000000 ) ;
#8950 = AXIS2_PLACEMENT_3D ( 'NONE', #7977, #3543, #5022 ) ;
#8951 = DIRECTION ( 'NONE',  ( 1.000000000000000000, 0.000000000000000000, -0.000000000000000000 ) ) ;
#8952 = MECHANICAL_DESIGN_GEOMETRIC_PRESENTATION_REPRESENTATION (  '', ( #657 ), #4748 ) ;
#8953 = CARTESIAN_POINT ( 'NONE',  ( -6.156542934606380690, 0.000000000000000000, 3.727686801329380462 ) ) ;
#8954 = SURFACE_STYLE_FILL_AREA ( #6753 ) ;
#8955 =( NAMED_UNIT ( * ) PLANE_ANGLE_UNIT ( ) SI_UNIT ( $, .RADIAN. ) );
#8956 = EDGE_LOOP ( 'NONE', ( #3257, #174, #3906, #430 ) ) ;
#8957 = ADVANCED_FACE ( 'NONE', ( #6179 ), #4391, .T. ) ;
#8958 = CARTESIAN_POINT ( 'NONE',  ( 0.000000000000000000, 4.400000000000000355, 0.000000000000000000 ) ) ;
#8959 = CARTESIAN_POINT ( 'NONE',  ( 5.925607271455486824, 0.000000000000000000, 3.819643761461775533 ) ) ;
#8960 = SURFACE_STYLE_FILL_AREA ( #4869 ) ;
#8961 = CARTESIAN_POINT ( 'NONE',  ( 3.727686801329359145, 0.000000000000000000, -6.156542934606394901 ) ) ;
#8962 = FILL_AREA_STYLE ('',( #3167 ) ) ;
#8963 = COLOUR_RGB ( '',0.2509803921568627416, 0.2509803921568627416, 0.2509803921568627416 ) ;
#8964 = FILL_AREA_STYLE_COLOUR ( '', #7763 ) ;
#8965 = MECHANICAL_DESIGN_GEOMETRIC_PRESENTATION_REPRESENTATION (  '', ( #6421 ), #1129 ) ;
#8966 = ORIENTED_EDGE ( 'NONE', *, *, #8778, .T. ) ;
#8967 =( GEOMETRIC_REPRESENTATION_CONTEXT ( 3 ) GLOBAL_UNCERTAINTY_ASSIGNED_CONTEXT ( ( #365 ) ) GLOBAL_UNIT_ASSIGNED_CONTEXT ( ( #3133, #4475, #940 ) ) REPRESENTATION_CONTEXT ( 'NONE', 'WORKASPACE' ) );
#8968 = EDGE_CURVE ( 'NONE', #3954, #4650, #727, .T. ) ;
#8969 = FACE_OUTER_BOUND ( 'NONE', #288, .T. ) ;
#8970 = DIRECTION ( 'NONE',  ( 0.000000000000000000, 0.000000000000000000, 1.000000000000000000 ) ) ;
#8971 = SURFACE_STYLE_USAGE ( .BOTH. , #3276 ) ;
#8972 = FACE_OUTER_BOUND ( 'NONE', #1696, .T. ) ;
#8973 =( NAMED_UNIT ( * ) PLANE_ANGLE_UNIT ( ) SI_UNIT ( $, .RADIAN. ) );
#8974 = FILL_AREA_STYLE_COLOUR ( '', #1913 ) ;
#8975 = MECHANICAL_DESIGN_GEOMETRIC_PRESENTATION_REPRESENTATION (  '', ( #8507 ), #7344 ) ;
#8976 = PLANE ( 'NONE',  #8689 ) ;
#8977 = COLOUR_RGB ( '',0.9098039215686274384, 0.4431372549019607643, 0.03137254901960784270 ) ;
#8978 = SURFACE_SIDE_STYLE ('',( #538 ) ) ;
#8979 = AXIS2_PLACEMENT_3D ( 'NONE', #4368, #3766, #8780 ) ;
#8980 = DIRECTION ( 'NONE',  ( 0.000000000000000000, 0.000000000000000000, 1.000000000000000000 ) ) ;
#8981 = CARTESIAN_POINT ( 'NONE',  ( 6.156542934606380690, 0.000000000000000000, 3.727686801329380462 ) ) ;
#8982 = CIRCLE ( 'NONE', #2804, 0.1000000000000002554 ) ;
#8983 = CARTESIAN_POINT ( 'NONE',  ( -5.294273332394092257, 7.000000000000000888, 2.556508859764709207 ) ) ;
#8984 = PRESENTATION_STYLE_ASSIGNMENT (( #4414 ) ) ;
#8985 = PRESENTATION_LAYER_ASSIGNMENT (  '', '', ( #2453 ) ) ;
#8986 = EDGE_LOOP ( 'NONE', ( #3816, #7758, #848, #4855 ) ) ;
#8987 = DIRECTION ( 'NONE',  ( -1.000000000000000000, 0.000000000000000000, 0.000000000000000000 ) ) ;
#8988 =( LENGTH_UNIT ( ) NAMED_UNIT ( * ) SI_UNIT ( .MILLI., .METRE. ) );
#8989 = PRESENTATION_LAYER_ASSIGNMENT (  '', '', ( #2896 ) ) ;
#8990 = EDGE_LOOP ( 'NONE', ( #8065, #508, #6586, #3058 ) ) ;
#8991 = UNCERTAINTY_MEASURE_WITH_UNIT (LENGTH_MEASURE( 1.000000000000000082E-05 ), #2483, 'distance_accuracy_value', 'NONE');
#8992 = FILL_AREA_STYLE ('',( #1253 ) ) ;
#8993 = CARTESIAN_POINT ( 'NONE',  ( -2.426448254617682210, 7.000000000000000888, -4.446218451814682560 ) ) ;
#8994 = DIRECTION ( 'NONE',  ( 0.000000000000000000, 1.000000000000000000, 0.000000000000000000 ) ) ;
#8995 = ADVANCED_FACE ( 'NONE', ( #2497 ), #5600, .T. ) ;
#8996 = ORIENTED_EDGE ( 'NONE', *, *, #8504, .T. ) ;
#8997 = FACE_OUTER_BOUND ( 'NONE', #5297, .T. ) ;
#8998 = FACE_OUTER_BOUND ( 'NONE', #2749, .T. ) ;
#8999 = EDGE_LOOP ( 'NONE', ( #3204, #403 ) ) ;
#9000 = VECTOR ( 'NONE', #2092, 1000.000000000000000 ) ;
#9001 = EDGE_LOOP ( 'NONE', ( #1636, #5612, #1162, #8824 ) ) ;
#9002 = EDGE_LOOP ( 'NONE', ( #7316, #1244, #4942, #4089 ) ) ;
#9003 = LINE ( 'NONE', #1013, #1962 ) ;
#9004 = PRESENTATION_STYLE_ASSIGNMENT (( #1298 ) ) ;
#9005 = STYLED_ITEM ( 'NONE', ( #9006 ), #8351 ) ;
#9006 = PRESENTATION_STYLE_ASSIGNMENT (( #831 ) ) ;
#9007 = AXIS2_PLACEMENT_3D ( 'NONE', #4973, #2148, #1559 ) ;
#9008 =( LENGTH_UNIT ( ) NAMED_UNIT ( * ) SI_UNIT ( .MILLI., .METRE. ) );
#9009 = CIRCLE ( 'NONE', #8797, 0.1352311273310818629 ) ;
#9010 = ORIENTED_EDGE ( 'NONE', *, *, #5263, .F. ) ;
#9011 = ORIENTED_EDGE ( 'NONE', *, *, #5343, .T. ) ;
#9012 = AXIS2_PLACEMENT_3D ( 'NONE', #1790, #5326, #6042 ) ;
#9013 = DIRECTION ( 'NONE',  ( 0.000000000000000000, 0.000000000000000000, 1.000000000000000000 ) ) ;
#9014 = CARTESIAN_POINT ( 'NONE',  ( -3.467879180194027633, 4.400000000000000355, 6.306542934606394368 ) ) ;
#9015 = ORIENTED_EDGE ( 'NONE', *, *, #5087, .F. ) ;
#9016 = SURFACE_STYLE_USAGE ( .BOTH. , #4666 ) ;
#9017 = CIRCLE ( 'NONE', #2751, 0.09999999999999999167 ) ;
#9018 = CYLINDRICAL_SURFACE ( 'NONE', #7955, 8.500000000000000000 ) ;
#9019 = ORIENTED_EDGE ( 'NONE', *, *, #5536, .T. ) ;
#9020 = DIRECTION ( 'NONE',  ( 0.000000000000000000, 0.000000000000000000, 1.000000000000000000 ) ) ;
#9021 = ORIENTED_EDGE ( 'NONE', *, *, #6983, .F. ) ;
#9022 = CARTESIAN_POINT ( 'NONE',  ( -0.4326952959729711279, 7.000000000000000888, -2.784806355831972446 ) ) ;
#9023 = ORIENTED_EDGE ( 'NONE', *, *, #2706, .T. ) ;
#9024 = ADVANCED_FACE ( 'NONE', ( #955 ), #5050, .F. ) ;
#9025 = DIRECTION ( 'NONE',  ( 0.000000000000000000, 0.000000000000000000, 1.000000000000000000 ) ) ;
#9026 = PRESENTATION_LAYER_ASSIGNMENT (  '', '', ( #8424 ) ) ;
#9027 = CARTESIAN_POINT ( 'NONE',  ( 0.000000000000000000, 4.400000000000000355, 0.000000000000000000 ) ) ;
#9028 = ORIENTED_EDGE ( 'NONE', *, *, #1657, .F. ) ;
#9029 = EDGE_CURVE ( 'NONE', #8878, #8508, #3938, .T. ) ;
#9030 =( LENGTH_UNIT ( ) NAMED_UNIT ( * ) SI_UNIT ( .MILLI., .METRE. ) );
#9031 = VECTOR ( 'NONE', #3774, 1000.000000000000000 ) ;
#9032 = CARTESIAN_POINT ( 'NONE',  ( -5.588188014247830182, 6.950000000000000178, 2.705895310040738355 ) ) ;
#9033 = EDGE_CURVE ( 'NONE', #3696, #3956, #9099, .T. ) ;
#9034 = DIRECTION ( 'NONE',  ( 0.5000000000000009992, 0.000000000000000000, -0.8660254037844380415 ) ) ;
#9035 = CIRCLE ( 'NONE', #4860, 0.3499999999999996447 ) ;
#9036 =( NAMED_UNIT ( * ) PLANE_ANGLE_UNIT ( ) SI_UNIT ( $, .RADIAN. ) );
#9037 = LINE ( 'NONE', #4495, #544 ) ;
#9038 = VECTOR ( 'NONE', #9210, 1000.000000000000000 ) ;
#9039 = CARTESIAN_POINT ( 'NONE',  ( 1.720804567049041278, 7.000000000000000888, -3.375547973270169866 ) ) ;
#9040 = STYLED_ITEM ( 'NONE', ( #2011 ), #5806 ) ;
#9041 = ORIENTED_EDGE ( 'NONE', *, *, #6489, .F. ) ;
#9042 = ADVANCED_FACE ( 'NONE', ( #6053 ), #8076, .T. ) ;
#9043 = ORIENTED_EDGE ( 'NONE', *, *, #2679, .T. ) ;
#9044 = EDGE_CURVE ( 'NONE', #1363, #6861, #5489, .T. ) ;
#9045 = ADVANCED_FACE ( 'NONE', ( #7064 ), #828, .T. ) ;
#9046 = ADVANCED_FACE ( 'NONE', ( #8863 ), #7746, .F. ) ;
#9047 = DIRECTION ( 'NONE',  ( 0.000000000000000000, 0.000000000000000000, -1.000000000000000000 ) ) ;
#9048 = DIRECTION ( 'NONE',  ( -1.358706713849480183E-05, -0.000000000000000000, 0.9999999999076957247 ) ) ;
#9049 = DIRECTION ( 'NONE',  ( 0.000000000000000000, 0.000000000000000000, -1.000000000000000000 ) ) ;
#9050 = AXIS2_PLACEMENT_3D ( 'NONE', #1635, #334, #1045 ) ;
#9051 = STYLED_ITEM ( 'NONE', ( #4078 ), #6758 ) ;
#9052 = FILL_AREA_STYLE_COLOUR ( '', #7505 ) ;
#9053 = ORIENTED_EDGE ( 'NONE', *, *, #8511, .T. ) ;
#9054 = AXIS2_PLACEMENT_3D ( 'NONE', #28, #4987, #8525 ) ;
#9055 = CARTESIAN_POINT ( 'NONE',  ( -7.295565981523415289, 0.000000000000000000, -0.2500000000000000000 ) ) ;
#9056 = CARTESIAN_POINT ( 'NONE',  ( 6.106542934606381756, 4.400000000000000355, 3.814289341707823855 ) ) ;
#9057 = SURFACE_SIDE_STYLE ('',( #6907 ) ) ;
#9058 =( NAMED_UNIT ( * ) PLANE_ANGLE_UNIT ( ) SI_UNIT ( $, .RADIAN. ) );
#9059 = CARTESIAN_POINT ( 'NONE',  ( 5.540228309825170783, 7.000000000000000888, -3.222622925020785178 ) ) ;
#9060 = UNCERTAINTY_MEASURE_WITH_UNIT (LENGTH_MEASURE( 1.000000000000000082E-05 ), #5864, 'distance_accuracy_value', 'NONE');
#9061 = VERTEX_POINT ( 'NONE', #7310 ) ;
#9062 = FACE_OUTER_BOUND ( 'NONE', #4839, .T. ) ;
#9063 = VERTEX_POINT ( 'NONE', #8048 ) ;
#9064 = PRESENTATION_LAYER_ASSIGNMENT (  '', '', ( #6162 ) ) ;
#9065 = CARTESIAN_POINT ( 'NONE',  ( 5.462990107813245899, 6.950000000000000178, -2.454843614278887198 ) ) ;
#9066 = VERTEX_POINT ( 'NONE', #5207 ) ;
#9067 = EDGE_CURVE ( 'NONE', #3275, #8170, #7510, .T. ) ;
#9068 = DIRECTION ( 'NONE',  ( 0.000000000000000000, 0.000000000000000000, -1.000000000000000000 ) ) ;
#9069 = CIRCLE ( 'NONE', #4100, 0.3499999999999996447 ) ;
#9070 = SURFACE_SIDE_STYLE ('',( #1904 ) ) ;
#9071 =( GEOMETRIC_REPRESENTATION_CONTEXT ( 3 ) GLOBAL_UNCERTAINTY_ASSIGNED_CONTEXT ( ( #5796 ) ) GLOBAL_UNIT_ASSIGNED_CONTEXT ( ( #1344, #4101, #4066 ) ) REPRESENTATION_CONTEXT ( 'NONE', 'WORKASPACE' ) );
#9072 = MECHANICAL_DESIGN_GEOMETRIC_PRESENTATION_REPRESENTATION (  '', ( #158 ), #283 ) ;
#9073 = DIRECTION ( 'NONE',  ( 0.000000000000000000, 1.000000000000000000, 0.000000000000000000 ) ) ;
#9074 =( LENGTH_UNIT ( ) NAMED_UNIT ( * ) SI_UNIT ( .MILLI., .METRE. ) );
#9075 = AXIS2_PLACEMENT_3D ( 'NONE', #8953, #7531, #5393 ) ;
#9076 =( LENGTH_UNIT ( ) NAMED_UNIT ( * ) SI_UNIT ( .MILLI., .METRE. ) );
#9077 = VERTEX_POINT ( 'NONE', #7279 ) ;
#9078 = DIRECTION ( 'NONE',  ( 0.000000000000000000, 0.000000000000000000, -1.000000000000000000 ) ) ;
#9079 = AXIS2_PLACEMENT_3D ( 'NONE', #2275, #8741, #1830 ) ;
#9080 = DIRECTION ( 'NONE',  ( 0.000000000000000000, 1.000000000000000000, 0.000000000000000000 ) ) ;
#9081 = LINE ( 'NONE', #1236, #4485 ) ;
#9082 = CARTESIAN_POINT ( 'NONE',  ( 3.714557525616446032, 6.950000000000000178, -3.916962665652260256 ) ) ;
#9083 = STYLED_ITEM ( 'NONE', ( #1552 ), #1161 ) ;
#9084 = CARTESIAN_POINT ( 'NONE',  ( 6.356542934606381756, 4.400000000000000355, 3.381276639815605556 ) ) ;
#9085 = CIRCLE ( 'NONE', #6782, 0.09999999999999982514 ) ;
#9086 = ORIENTED_EDGE ( 'NONE', *, *, #6678, .T. ) ;
#9087 =( NAMED_UNIT ( * ) PLANE_ANGLE_UNIT ( ) SI_UNIT ( $, .RADIAN. ) );
#9088 = FILL_AREA_STYLE ('',( #1741 ) ) ;
#9089 = CARTESIAN_POINT ( 'NONE',  ( -2.561679381948791967, 7.000000000000000888, 3.836521063224087147 ) ) ;
#9090 = PLANE ( 'NONE',  #6464 ) ;
#9091 = DIRECTION ( 'NONE',  ( 0.000000000000000000, 0.000000000000000000, 1.000000000000000000 ) ) ;
#9092 = ADVANCED_FACE ( 'NONE', ( #7283 ), #611, .F. ) ;
#9093 = SURFACE_STYLE_FILL_AREA ( #8019 ) ;
#9094 = AXIS2_PLACEMENT_3D ( 'NONE', #6732, #2477, #3164 ) ;
#9095 = CARTESIAN_POINT ( 'NONE',  ( 3.267605322946856461, 0.000000000000000000, 6.359658438426497362 ) ) ;
#9096 = STYLED_ITEM ( 'NONE', ( #185 ), #1599 ) ;
#9097 = SURFACE_STYLE_FILL_AREA ( #1051 ) ;
#9098 = ADVANCED_FACE ( 'NONE', ( #4158 ), #8786, .F. ) ;
#9099 = LINE ( 'NONE', #7948, #621 ) ;
#9100 = ORIENTED_EDGE ( 'NONE', *, *, #5242, .F. ) ;
#9101 = CIRCLE ( 'NONE', #8500, 7.295565981523417065 ) ;
#9102 = CARTESIAN_POINT ( 'NONE',  ( -3.517879180194027455, 0.000000000000000000, -6.393145474984837762 ) ) ;
#9103 = CARTESIAN_POINT ( 'NONE',  ( -1.577257179616194716, 7.000000000000000888, -4.310987324483573246 ) ) ;
#9104 = PRESENTATION_LAYER_ASSIGNMENT (  '', '', ( #1615 ) ) ;
#9105 = DIRECTION ( 'NONE',  ( 0.000000000000000000, 1.000000000000000000, 0.000000000000000000 ) ) ;
#9106 = CARTESIAN_POINT ( 'NONE',  ( 0.000000000000000000, 0.000000000000000000, 0.000000000000000000 ) ) ;
#9107 = VECTOR ( 'NONE', #122, 1000.000000000000000 ) ;
#9108 = CARTESIAN_POINT ( 'NONE',  ( -1.577257179616194716, 7.000000000000000888, -4.310987324483573246 ) ) ;
#9109 = COLOUR_RGB ( '',0.2509803921568627416, 0.2509803921568627416, 0.2509803921568627416 ) ;
#9110 = ORIENTED_EDGE ( 'NONE', *, *, #7166, .T. ) ;
#9111 = ORIENTED_EDGE ( 'NONE', *, *, #5324, .F. ) ;
#9112 = UNCERTAINTY_MEASURE_WITH_UNIT (LENGTH_MEASURE( 1.000000000000000082E-05 ), #1590, 'distance_accuracy_value', 'NONE');
#9113 = CARTESIAN_POINT ( 'NONE',  ( 1.040949779275250140E-15, 7.950000000000000178, 8.500000000000000000 ) ) ;
#9114 = CARTESIAN_POINT ( 'NONE',  ( 4.723888281928616983, 6.950000000000000178, 2.531868201111808769 ) ) ;
#9115 = EDGE_LOOP ( 'NONE', ( #184, #6086, #362, #1201 ) ) ;
#9116 = VECTOR ( 'NONE', #2696, 1000.000000000000000 ) ;
#9117 = DIRECTION ( 'NONE',  ( 0.000000000000000000, 0.000000000000000000, -1.000000000000000000 ) ) ;
#9118 = LINE ( 'NONE', #7639, #7197 ) ;
#9119 = AXIS2_PLACEMENT_3D ( 'NONE', #364, #3856, #8836 ) ;
#9120 = EDGE_LOOP ( 'NONE', ( #8209, #8430, #7256, #1628 ) ) ;
#9121 =( NAMED_UNIT ( * ) SI_UNIT ( $, .STERADIAN. ) SOLID_ANGLE_UNIT ( ) );
#9122 = CARTESIAN_POINT ( 'NONE',  ( 5.540228309825170783, 7.000000000000000888, -2.380333944477845964 ) ) ;
#9123 = FILL_AREA_STYLE_COLOUR ( '', #68 ) ;
#9124 =( LENGTH_UNIT ( ) NAMED_UNIT ( * ) SI_UNIT ( .MILLI., .METRE. ) );
#9125 = ORIENTED_EDGE ( 'NONE', *, *, #9044, .T. ) ;
#9126 = COLOUR_RGB ( '',1.000000000000000000, 1.000000000000000000, 1.000000000000000000 ) ;
#9127 = COLOUR_RGB ( '',0.9098039215686274384, 0.4431372549019607643, 0.03137254901960784270 ) ;
#9128 = SURFACE_SIDE_STYLE ('',( #5192 ) ) ;
#9129 = ORIENTED_EDGE ( 'NONE', *, *, #7831, .T. ) ;
#9130 = EDGE_LOOP ( 'NONE', ( #1207, #132, #6537, #8247, #5329, #4278, #4028, #471, #6068, #3724, #4161, #6756, #2747, #7399, #4864, #2021, #1176, #6580, #88, #4643, #939, #3422, #3556, #5956, #8686, #2811, #6708, #2636, #8228, #3442, #8161, #8253, #6298, #9191, #5052, #2282, #7409, #1556, #601, #2399, #3674, #2512, #4877, #6540, #1856, #1620, #1509, #8678, #923, #4658, #6415, #5811, #625, #7722, #7475, #4893, #1305, #7358, #705, #8234, #9248, #6982, #8363, #5712, #7304, #1408, #7967, #8661, #8699, #5060, #1112, #4460, #3722, #7951, #6740, #7208, #8902, #7301, #1527, #6458, #4307, #4181, #4079, #7433, #346, #9019, #8157, #929, #4910 ) ) ;
#9131 = AXIS2_PLACEMENT_3D ( 'NONE', #2093, #6973, #2779 ) ;
#9132 = ADVANCED_FACE ( 'NONE', ( #2259 ), #4370, .T. ) ;
#9133 = ORIENTED_EDGE ( 'NONE', *, *, #7239, .F. ) ;
#9134 = LINE ( 'NONE', #4129, #5070 ) ;
#9135 = LINE ( 'NONE', #5876, #6751 ) ;
#9136 = VERTEX_POINT ( 'NONE', #3744 ) ;
#9137 = MECHANICAL_DESIGN_GEOMETRIC_PRESENTATION_REPRESENTATION (  '', ( #2241 ), #2984 ) ;
#9138 = DIRECTION ( 'NONE',  ( 0.000000000000000000, 0.000000000000000000, 1.000000000000000000 ) ) ;
#9139 =( NAMED_UNIT ( * ) PLANE_ANGLE_UNIT ( ) SI_UNIT ( $, .RADIAN. ) );
#9140 = DIRECTION ( 'NONE',  ( -0.000000000000000000, -1.000000000000000000, -0.000000000000000000 ) ) ;
#9141 = DIRECTION ( 'NONE',  ( -0.000000000000000000, -1.000000000000000000, -0.000000000000000000 ) ) ;
#9142 =( LENGTH_UNIT ( ) NAMED_UNIT ( * ) SI_UNIT ( .MILLI., .METRE. ) );
#9143 = FACE_OUTER_BOUND ( 'NONE', #1803, .T. ) ;
#9144 = DIRECTION ( 'NONE',  ( -0.000000000000000000, -1.000000000000000000, -0.000000000000000000 ) ) ;
#9145 = VECTOR ( 'NONE', #9179, 1000.000000000000000 ) ;
#9146 = DIRECTION ( 'NONE',  ( -0.000000000000000000, -1.000000000000000000, -0.000000000000000000 ) ) ;
#9147 = AXIS2_PLACEMENT_3D ( 'NONE', #5430, #8291, #8898 ) ;
#9148 = EDGE_CURVE ( 'NONE', #6436, #6970, #4045, .T. ) ;
#9149 = SURFACE_STYLE_USAGE ( .BOTH. , #4133 ) ;
#9150 = VECTOR ( 'NONE', #6301, 1000.000000000000000 ) ;
#9151 = CARTESIAN_POINT ( 'NONE',  ( 3.579326398285364252, 7.000000000000000888, -3.916962665652261144 ) ) ;
#9152 = EDGE_CURVE ( 'NONE', #481, #8724, #5918, .T. ) ;
#9153 = PLANE ( 'NONE',  #3931 ) ;
#9154 = FACE_OUTER_BOUND ( 'NONE', #2405, .T. ) ;
#9155 = PRESENTATION_STYLE_ASSIGNMENT (( #8320 ) ) ;
#9156 = CARTESIAN_POINT ( 'NONE',  ( -3.517879180194027455, 0.000000000000000000, 6.393145474984837762 ) ) ;
#9157 = FACE_OUTER_BOUND ( 'NONE', #6563, .T. ) ;
#9158 = CYLINDRICAL_SURFACE ( 'NONE', #9054, 0.3499999999999996447 ) ;
#9159 = VERTEX_POINT ( 'NONE', #4478 ) ;
#9160 = STYLED_ITEM ( 'NONE', ( #5440 ), #5936 ) ;
#9161 = CARTESIAN_POINT ( 'NONE',  ( -5.588188014247830182, 7.000000000000000888, 2.705895310040738355 ) ) ;
#9162 = UNCERTAINTY_MEASURE_WITH_UNIT (LENGTH_MEASURE( 1.000000000000000082E-05 ), #3117, 'distance_accuracy_value', 'NONE');
#9163 = DIRECTION ( 'NONE',  ( 0.000000000000000000, 0.000000000000000000, 1.000000000000000000 ) ) ;
#9164 = VECTOR ( 'NONE', #393, 1000.000000000000000 ) ;
#9165 = ORIENTED_EDGE ( 'NONE', *, *, #4986, .T. ) ;
#9166 = DIRECTION ( 'NONE',  ( 0.000000000000000000, 1.000000000000000000, 0.000000000000000000 ) ) ;
#9167 =( NAMED_UNIT ( * ) SI_UNIT ( $, .STERADIAN. ) SOLID_ANGLE_UNIT ( ) );
#9168 = MECHANICAL_DESIGN_GEOMETRIC_PRESENTATION_REPRESENTATION (  '', ( #7238 ), #5311 ) ;
#9169 = EDGE_CURVE ( 'NONE', #1042, #5278, #4151, .T. ) ;
#9170 = MECHANICAL_DESIGN_GEOMETRIC_PRESENTATION_REPRESENTATION (  '', ( #3512 ), #385 ) ;
#9171 = FILL_AREA_STYLE_COLOUR ( '', #2234 ) ;
#9172 = DIRECTION ( 'NONE',  ( 0.000000000000000000, 1.000000000000000000, 0.000000000000000000 ) ) ;
#9173 = SURFACE_STYLE_FILL_AREA ( #5178 ) ;
#9174 = DIRECTION ( 'NONE',  ( -0.000000000000000000, 1.000000000000000000, -0.000000000000000000 ) ) ;
#9175 = ORIENTED_EDGE ( 'NONE', *, *, #6568, .F. ) ;
#9176 = CARTESIAN_POINT ( 'NONE',  ( 6.156542934606380690, 0.000000000000000000, 3.727686801329380462 ) ) ;
#9177 = EDGE_CURVE ( 'NONE', #9077, #5072, #6272, .T. ) ;
#9178 = VERTEX_POINT ( 'NONE', #3037 ) ;
#9179 = DIRECTION ( 'NONE',  ( -0.000000000000000000, -0.000000000000000000, 1.000000000000000000 ) ) ;
#9180 =( NAMED_UNIT ( * ) SI_UNIT ( $, .STERADIAN. ) SOLID_ANGLE_UNIT ( ) );
#9181 = DIRECTION ( 'NONE',  ( 1.000000000000000000, 0.000000000000000000, -4.336808689942013792E-16 ) ) ;
#9182 = DIRECTION ( 'NONE',  ( 0.000000000000000000, 1.000000000000000000, 0.000000000000000000 ) ) ;
#9183 = VERTEX_POINT ( 'NONE', #7504 ) ;
#9184 = EDGE_CURVE ( 'NONE', #3739, #1576, #5789, .T. ) ;
#9185 = AXIS2_PLACEMENT_3D ( 'NONE', #3629, #3683, #2248 ) ;
#9186 = VECTOR ( 'NONE', #834, 1000.000000000000000 ) ;
#9187 = STYLED_ITEM ( 'NONE', ( #140 ), #3381 ) ;
#9188 = SURFACE_STYLE_USAGE ( .BOTH. , #9128 ) ;
#9189 = EDGE_CURVE ( 'NONE', #7655, #3960, #3462, .T. ) ;
#9190 = SURFACE_STYLE_FILL_AREA ( #2690 ) ;
#9191 = ORIENTED_EDGE ( 'NONE', *, *, #6717, .T. ) ;
#9192 =( NAMED_UNIT ( * ) PLANE_ANGLE_UNIT ( ) SI_UNIT ( $, .RADIAN. ) );
#9193 = CIRCLE ( 'NONE', #8406, 0.1000000000000000056 ) ;
#9194 = CIRCLE ( 'NONE', #8536, 0.09999999999999982514 ) ;
#9195 = EDGE_CURVE ( 'NONE', #2109, #547, #5693, .T. ) ;
#9196 = COLOUR_RGB ( '',0.9098039215686274384, 0.4431372549019607643, 0.03137254901960784270 ) ;
#9197 = CARTESIAN_POINT ( 'NONE',  ( -3.873823105595965099, 4.400000000000000355, 6.009658438426501270 ) ) ;
#9198 = MECHANICAL_DESIGN_GEOMETRIC_PRESENTATION_REPRESENTATION (  '', ( #6470 ), #5631 ) ;
#9199 = DIRECTION ( 'NONE',  ( 0.000000000000000000, 0.000000000000000000, 1.000000000000000000 ) ) ;
#9200 = PRESENTATION_LAYER_ASSIGNMENT (  '', '', ( #7148 ) ) ;
#9201 = CIRCLE ( 'NONE', #1605, 8.250000000000000000 ) ;
#9202 =( NAMED_UNIT ( * ) SI_UNIT ( $, .STERADIAN. ) SOLID_ANGLE_UNIT ( ) );
#9203 = VERTEX_POINT ( 'NONE', #2539 ) ;
#9204 = EDGE_CURVE ( 'NONE', #8352, #8465, #378, .T. ) ;
#9205 = CARTESIAN_POINT ( 'NONE',  ( 6.270712166560381995, 4.400000000000000355, -3.221904549199369860 ) ) ;
#9206 = DIRECTION ( 'NONE',  ( 0.000000000000000000, 0.000000000000000000, 1.000000000000000000 ) ) ;
#9207 = CARTESIAN_POINT ( 'NONE',  ( -7.295565981523415289, 4.400000000000000355, -0.1500000000000000222 ) ) ;
#9208 = CARTESIAN_POINT ( 'NONE',  ( 3.714557525616446032, 7.000000000000000888, -3.916962665652260256 ) ) ;
#9209 = DIRECTION ( 'NONE',  ( -0.000000000000000000, -1.000000000000000000, -0.000000000000000000 ) ) ;
#9210 = DIRECTION ( 'NONE',  ( -0.000000000000000000, -1.000000000000000000, -0.000000000000000000 ) ) ;
#9211 = DIRECTION ( 'NONE',  ( -0.000000000000000000, -1.000000000000000000, -0.000000000000000000 ) ) ;
#9212 = MECHANICAL_DESIGN_GEOMETRIC_PRESENTATION_REPRESENTATION (  '', ( #7226 ), #3245 ) ;
#9213 =( GEOMETRIC_REPRESENTATION_CONTEXT ( 3 ) GLOBAL_UNCERTAINTY_ASSIGNED_CONTEXT ( ( #934 ) ) GLOBAL_UNIT_ASSIGNED_CONTEXT ( ( #8732, #3036, #942 ) ) REPRESENTATION_CONTEXT ( 'NONE', 'WORKASPACE' ) );
#9214 = EDGE_LOOP ( 'NONE', ( #7712, #1218, #1494, #8439 ) ) ;
#9215 = VERTEX_POINT ( 'NONE', #3972 ) ;
#9216 = CARTESIAN_POINT ( 'NONE',  ( -7.195565981523414756, 4.400000000000000355, -0.1500000000000000222 ) ) ;
#9217 = VERTEX_POINT ( 'NONE', #7566 ) ;
#9218 = CIRCLE ( 'NONE', #1292, 0.09999999999999982514 ) ;
#9219 =( LENGTH_UNIT ( ) NAMED_UNIT ( * ) SI_UNIT ( .MILLI., .METRE. ) );
#9220 = PRESENTATION_LAYER_ASSIGNMENT (  '', '', ( #4243 ) ) ;
#9221 = ORIENTED_EDGE ( 'NONE', *, *, #1899, .T. ) ;
#9222 = STYLED_ITEM ( 'NONE', ( #5831 ), #6714 ) ;
#9223 = UNCERTAINTY_MEASURE_WITH_UNIT (LENGTH_MEASURE( 1.000000000000000082E-05 ), #6668, 'distance_accuracy_value', 'NONE');
#9224 = CIRCLE ( 'NONE', #7893, 0.8422889805429389920 ) ;
#9225 = CARTESIAN_POINT ( 'NONE',  ( -7.195565981523414756, 0.000000000000000000, -0.2500000000000000000 ) ) ;
#9226 = DIRECTION ( 'NONE',  ( 0.000000000000000000, 1.000000000000000000, 0.000000000000000000 ) ) ;
#9227 = ORIENTED_EDGE ( 'NONE', *, *, #5123, .T. ) ;
#9228 = FACE_OUTER_BOUND ( 'NONE', #7241, .T. ) ;
#9229 = DIRECTION ( 'NONE',  ( 0.000000000000000000, 1.000000000000000000, 0.000000000000000000 ) ) ;
#9230 = PRESENTATION_STYLE_ASSIGNMENT (( #7212 ) ) ;
#9231 = ORIENTED_EDGE ( 'NONE', *, *, #3009, .T. ) ;
#9232 = EDGE_LOOP ( 'NONE', ( #872, #652, #7811, #7929 ) ) ;
#9233 = DIRECTION ( 'NONE',  ( -0.000000000000000000, -1.000000000000000000, -0.000000000000000000 ) ) ;
#9234 = EDGE_LOOP ( 'NONE', ( #7413, #7747, #2717, #5135 ) ) ;
#9235 = EDGE_CURVE ( 'NONE', #1624, #2199, #3567, .T. ) ;
#9236 = VECTOR ( 'NONE', #8602, 1000.000000000000000 ) ;
#9237 =( NAMED_UNIT ( * ) PLANE_ANGLE_UNIT ( ) SI_UNIT ( $, .RADIAN. ) );
#9238 = CIRCLE ( 'NONE', #7473, 0.09999999999999982514 ) ;
#9239 = ORIENTED_EDGE ( 'NONE', *, *, #4091, .T. ) ;
#9240 =( GEOMETRIC_REPRESENTATION_CONTEXT ( 3 ) GLOBAL_UNCERTAINTY_ASSIGNED_CONTEXT ( ( #924 ) ) GLOBAL_UNIT_ASSIGNED_CONTEXT ( ( #588, #3341, #1270 ) ) REPRESENTATION_CONTEXT ( 'NONE', 'WORKASPACE' ) );
#9241 = DIRECTION ( 'NONE',  ( 0.000000000000000000, 0.000000000000000000, 1.000000000000000000 ) ) ;
#9242 = MECHANICAL_DESIGN_GEOMETRIC_PRESENTATION_REPRESENTATION (  '', ( #3098 ), #5980 ) ;
#9243 = COLOUR_RGB ( '',0.9098039215686274384, 0.4431372549019607643, 0.03137254901960784270 ) ;
#9244 = ORIENTED_EDGE ( 'NONE', *, *, #9195, .F. ) ;
#9245 = ORIENTED_EDGE ( 'NONE', *, *, #1398, .F. ) ;
#9246 = EDGE_CURVE ( 'NONE', #8773, #744, #5591, .T. ) ;
#9247 = CARTESIAN_POINT ( 'NONE',  ( 0.000000000000000000, 6.750000000000000888, -4.764999999999998792 ) ) ;
#9248 = ORIENTED_EDGE ( 'NONE', *, *, #3403, .T. ) ;
#9249 = LINE ( 'NONE', #540, #1203 ) ;
#9250 = ADVANCED_FACE ( 'NONE', ( #6939 ), #5368, .T. ) ;
#9251 = VECTOR ( 'NONE', #8664, 1000.000000000000000 ) ;
#9252 = FACE_OUTER_BOUND ( 'NONE', #6859, .T. ) ;
#9253 = DIRECTION ( 'NONE',  ( 1.344990674912262512E-16, 0.000000000000000000, -1.000000000000000000 ) ) ;
#9254 = EDGE_CURVE ( 'NONE', #9183, #3008, #8421, .T. ) ;
#9255 = CARTESIAN_POINT ( 'NONE',  ( 0.7363823647938630979, 7.000000000000000888, 2.743934908718901777 ) ) ;
#9256 = STYLED_ITEM ( 'NONE', ( #676 ), #1093 ) ;
#9257 = PRESENTATION_LAYER_ASSIGNMENT (  '', '', ( #105 ) ) ;
#9258 =( NAMED_UNIT ( * ) PLANE_ANGLE_UNIT ( ) SI_UNIT ( $, .RADIAN. ) );
#9259 = CARTESIAN_POINT ( 'NONE',  ( 6.226639124038715778, 0.000000000000000000, -3.306276639815604934 ) ) ;
#9260 = VECTOR ( 'NONE', #4957, 1000.000000000000000 ) ;
#9261 = STYLED_ITEM ( 'NONE', ( #8941 ), #3868 ) ;
#9262 = CIRCLE ( 'NONE', #3619, 0.8739032405144261384 ) ;
#9263 = FACE_OUTER_BOUND ( 'NONE', #4446, .T. ) ;
#9264 = CARTESIAN_POINT ( 'NONE',  ( -6.629903845456583511, 6.750000000000000888, -2.000000000000000444 ) ) ;
ENDSEC;
END-ISO-10303-21;
